
Attaching package: 'xml2'

The following object is masked from 'package:httr2':

    url_parse

Using poppler version 23.08.0

Attaching package: 'dplyr'

The following objects are masked from 'package:stats':

    filter, lag

The following objects are masked from 'package:base':

    intersect, setdiff, setequal, union

Warning message:
package 'jsonlite' was built under R version 4.3.3 

Attaching package: 'purrr'

The following object is masked from 'package:jsonlite':

    flatten

[2026-06-12 16:36:26] [INFO] === Pipeline started ===
Active sessions: 24, 6, 3, 15, 4
[2026-06-12 16:36:27] [INFO] Sessions to scan: 3, 4, 6, 14, 15, 16, 17, 18, 19, 20, 21, 22, 23, 24, 25, 26, 27, 28, 29
Fetching session 3 agenda: https://www.psp.cz/schuze/10/3
Found 2 bills in session 3
Fetching session 4 agenda: https://www.psp.cz/schuze/10/4
No tisk links found in session 4
Fetching session 6 agenda: https://www.psp.cz/schuze/10/6
Found 3 bills in session 6
Fetching session 14 agenda: https://www.psp.cz/schuze/10/14
Found 88 bills in session 14
Fetching session 15 agenda: https://www.psp.cz/schuze/10/15
No tisk links found in session 15
Fetching session 16 agenda: https://www.psp.cz/schuze/10/16
Found 98 bills in session 16
Fetching session 17 agenda: https://www.psp.cz/schuze/10/17
Found 4 bills in session 17
Fetching session 18 agenda: https://www.psp.cz/schuze/10/18
No tisk links found in session 18
Fetching session 19 agenda: https://www.psp.cz/schuze/10/19
Found 2 bills in session 19
Fetching session 20 agenda: https://www.psp.cz/schuze/10/20
Found 111 bills in session 20
Fetching session 21 agenda: https://www.psp.cz/schuze/10/21
Found 3 bills in session 21
Fetching session 22 agenda: https://www.psp.cz/schuze/10/22
No tisk links found in session 22
Fetching session 23 agenda: https://www.psp.cz/schuze/10/23
Found 1 bills in session 23
Fetching session 24 agenda: https://www.psp.cz/schuze/10/24
Found 124 bills in session 24
Fetching session 25 agenda: https://www.psp.cz/schuze/10/25
No tisk links found in session 25
Fetching session 26 agenda: https://www.psp.cz/schuze/10/26
No tisk links found in session 26
Fetching session 27 agenda: https://www.psp.cz/schuze/10/27
No tisk links found in session 27
Fetching session 28 agenda: https://www.psp.cz/schuze/10/28
No tisk links found in session 28
Fetching session 29 agenda: https://www.psp.cz/schuze/10/29
No tisk links found in session 29
[2026-06-12 16:36:34] [INFO] Bills found: 436 across 19 sessions
Fetching VeKLEP PIDs from PSP for 436 bills...
  Tisk 17 → KORNDLZJTJLGNávrh státního rozpočtu vrácen (usnesení č. 46).
  Tisk 25 → ALBSDN3J9K06Zákon vyhlášen 29. 12. 2025 ve  Sbírce zákonů v částce 583 pod číslem 583/2025 Sb.
  Tisk 76 → ALBSDPVEF33BNA
  Tisk 77 → ALBSDPVEP9GEDalší projednávání možné od 6. 5. 2026.
  Tisk 72 → ALBSDPHHG9IEDalší projednávání možné od 13. 6. 2026
  Tisk 163 → KORNDT4CKC7AZákon vyhlášen 13. 5. 2026 ve  Sbírce zákonů v částce 63 pod číslem 63/2026 Sb.
  Tisk 78 → ALBSDQG99B8PZákon vyhlášen 12. 5. 2026 ve  Sbírce zákonů v částce 59 pod číslem 59/2026 Sb.
  Tisk 13 → KORNDGFD743IPoslanecká sněmovna postoupila  dne 9. 6. 2026 návrh zákona Senátu jako tisk 252, dokument 252/0.OOrganizační výbor  dne 9. 6.
  Tisk 90 → KORNDQGFVQKIPoslanecká sněmovna postoupila  dne 26. 5. 2026 návrh zákona Senátu jako tisk 246, dokument 246/0.OOrganizační výbor  dne 27. 5.
  Tisk 48 → KORNDMGGSV4SDalší projednávání možné od 10. 4. 2026.
  Tisk 119 → ALBSDRUD7WINPoslanecká sněmovna postoupila  dne 9. 6. 2026 návrh zákona Senátu jako tisk 251, dokument 251/0.OOrganizační výbor  dne 9. 6.
  Tisk 76 → ALBSDPVEF33BNA
  Tisk 77 → ALBSDPVEP9GEDalší projednávání možné od 6. 5. 2026.
  Tisk 82 → ALBSDPLDDVNJPoslanecká sněmovna postoupila  dne 11. 6. 2026 návrh zákona Senátu jako tisk 253, dokument 253/0.
  Tisk 144 → KORNDQ6FEQB9Další projednávání možné od 15. 6. 2026.
  Tisk 115 → ALBSDRMDTWS7Další projednávání možné od 21. 6. 2026.
  Tisk 116 → ALBSDRMDPM3TDalší projednávání možné od 22. 6. 2026.
  Tisk 124 → KORNDS5JEWJOZákon vyhlášen 10. 6. 2026 ve  Sbírce zákonů v částce 93 pod číslem 93/2026 Sb.
  Tisk 125 → ALBSDS9BKZY8Zákon vyhlášen 10. 6. 2026 ve  Sbírce zákonů v částce 92 pod číslem 92/2026 Sb.
  Tisk 35 → ALBSDNR9BUS5Další projednávání možné od 27. 12. 2025.
  Tisk 10 → KORNDDSCZ27KDalší projednávání možné od 16. 11. 2025.
  Tisk 14 → KORNDERB9DSRDalší projednávání možné od 18. 11. 2025.
  Tisk 58 → KORNDNADQS6XDalší projednávání možné od 21. 12. 2025.
  Tisk 61 → ALBSDKJBFFMKDalší projednávání možné od 23. 12. 2025.
  Tisk 68 → KORNDJ6J9HOONA
  Tisk 98 → KORNDQAN5F2PDalší projednávání možné od 16. 2. 2026.
  Tisk 101 → ALBSDQWLF9TSDalší projednávání možné od 21. 2. 2026.
  Tisk 102 → ALBSDQWLF8E9Další projednávání možné od 21. 2. 2026.
  Tisk 111 → KORNDJZJHQ1EDalší projednávání možné od 27. 2. 2026.
  Tisk 114 → KORNDQBASCLTDalší projednávání možné od 1. 3. 2026.
  Tisk 143 → KORNDMUGLUEKDalší projednávání možné od 5. 4. 2026.
  Tisk 145 → KORNDDVFVG8BDalší projednávání možné od 24. 5. 2026.
  Tisk 153 → KORNDR9CY314Další projednávání možné od 13. 4. 2026.
  Tisk 154 → ALBSDHZA32NVDalší projednávání možné od 13. 4. 2026.
  Tisk 4 → ALBSDNCAQ38LDalší projednávání možné od 15. 12. 2025.
  Tisk 5 → ALBSDNCA86EGDalší projednávání možné od 14. 12. 2025.
  Tisk 6 → ALBSDNCA2EN4Další projednávání možné od 14. 12. 2025.
  Tisk 7 → ALBSDNC9VFOIDalší projednávání možné od 14. 12. 2025.
  Tisk 12 → ALBSDNCAZ9DMDalší projednávání možné od 15. 12. 2025.
  Tisk 15 → KORNDNEEWWBRDalší projednávání možné od 23. 12. 2025.
  Tisk 24 → ALBSDNKACN8ADalší projednávání možné od 22. 12. 2025.
  Tisk 28 → ALBSDNKKC8I6Další projednávání možné od 22. 12. 2025.
  Tisk 40 → ALBSDNUHZ9BUDalší projednávání možné od 2. 1. 2026.
  Tisk 42 → ALBSDNUHUHYUDalší projednávání možné od 2. 1. 2026.
  Tisk 49 → KORNDP6FALEBDalší projednávání možné od 2. 1. 2026.
  Tisk 50 → ALBSDQK9WKJDDalší projednávání možné od 27. 2. 2026.
  Tisk 59 → ALBSDPECPS4ODalší projednávání možné od 23. 1. 2026.
  Tisk 71 → ALBSDPHMFNE2Další projednávání možné od 23. 1. 2026.
  Tisk 73 → ALBSDPUA7225Další projednávání možné od 30. 1. 2026.
  Tisk 74 → ALBSDQDACPI1Další projednávání možné od 20. 2. 2026.
  Tisk 75 → ALBSDQKA3C4NDalší projednávání možné od 27. 2. 2026.
  Tisk 86 → ALBSDQRAN8WQDalší projednávání možné od 7. 3. 2026.
  Tisk 89 → ALBSDQTF86PLDalší projednávání možné od 7. 3. 2026.
  Tisk 99 → ALBSDR79R7BRDalší projednávání možné od 14. 3. 2026.
  Tisk 100 → ALBSDR79V57IDalší projednávání možné od 13. 3. 2026.
  Tisk 103 → ALBSDR99RFB1Další projednávání možné od 20. 3. 2026.
  Tisk 104 → ALBSDR99UHLJDalší projednávání možné od 20. 3. 2026.
  Tisk 106 → ALBSDRDBL9NPDalší projednávání možné od 20. 3. 2026.
  Tisk 107 → ALBSDRV99BCDDalší projednávání možné od 10. 4. 2026.
  Tisk 109 → ALBSDRDGW9D3Další projednávání možné od 29. 3. 2026.
  Tisk 110 → ALBSDRDGYVNRDalší projednávání možné od 29. 3. 2026.
  Tisk 112 → ALBSDRFJN7UGDalší projednávání možné od 29. 3. 2026.
  Tisk 120 → ALBSDRVHV79QDalší projednávání možné od 11. 4. 2026.
  Tisk 121 → ALBSDRV9DCVCDalší projednávání možné od 10. 4. 2026.
  Tisk 129 → KORNDS5AS75TDalší projednávání možné od 10. 4. 2026.
  Tisk 130 → KORNDS5FFX14Další projednávání možné od 12. 4. 2026.
  Tisk 131 → KORNDS5FLZJKZákon vyhlášen 26. 5. 2026 ve  Sbírce zákonů v částce 70 pod číslem 70/2026 Sb.
  Tisk 132 → KORNDS5AUEX1Další projednávání možné od 11. 4. 2026.
  Tisk 16 → KORNDFBH6CTHDalší projednávání možné od 24. 4. 2026.
  Tisk 83 → KORNDK9DFTG2Další projednávání možné od 12. 4. 2026.
  Tisk 113 → ALBSDDEJ5C5NDalší projednávání možné od 25. 4. 2026.
  Tisk 47 → KORNDP6EMCP8Další projednávání možné od 13. 6. 2026
  Tisk 72 → ALBSDPHHG9IEDalší projednávání možné od 13. 6. 2026
  Tisk 124 → KORNDS5JEWJOZákon vyhlášen 10. 6. 2026 ve  Sbírce zákonů v částce 93 pod číslem 93/2026 Sb.
  Tisk 125 → ALBSDS9BKZY8Zákon vyhlášen 10. 6. 2026 ve  Sbírce zákonů v částce 92 pod číslem 92/2026 Sb.
  Tisk 10 → KORNDDSCZ27KDalší projednávání možné od 16. 11. 2025.
  Tisk 14 → KORNDERB9DSRDalší projednávání možné od 18. 11. 2025.
  Tisk 58 → KORNDNADQS6XDalší projednávání možné od 21. 12. 2025.
  Tisk 61 → ALBSDKJBFFMKDalší projednávání možné od 23. 12. 2025.
  Tisk 98 → KORNDQAN5F2PDalší projednávání možné od 16. 2. 2026.
  Tisk 101 → ALBSDQWLF9TSDalší projednávání možné od 21. 2. 2026.
  Tisk 102 → ALBSDQWLF8E9Další projednávání možné od 21. 2. 2026.
  Tisk 111 → KORNDJZJHQ1EDalší projednávání možné od 27. 2. 2026.
  Tisk 114 → KORNDQBASCLTDalší projednávání možné od 1. 3. 2026.
  Tisk 143 → KORNDMUGLUEKDalší projednávání možné od 5. 4. 2026.
  Tisk 153 → KORNDR9CY314Další projednávání možné od 13. 4. 2026.
  Tisk 154 → ALBSDHZA32NVDalší projednávání možné od 13. 4. 2026.
  Tisk 162 → ALBSDLNEPCL2Další projednávání možné od 24. 4. 2026.
  Tisk 172 → KORNDRVB6L2LDalší projednávání možné od 2. 5. 2026.
  Tisk 4 → ALBSDNCAQ38LDalší projednávání možné od 15. 12. 2025.
  Tisk 5 → ALBSDNCA86EGDalší projednávání možné od 14. 12. 2025.
  Tisk 6 → ALBSDNCA2EN4Další projednávání možné od 14. 12. 2025.
  Tisk 7 → ALBSDNC9VFOIDalší projednávání možné od 14. 12. 2025.
  Tisk 12 → ALBSDNCAZ9DMDalší projednávání možné od 15. 12. 2025.
  Tisk 15 → KORNDNEEWWBRDalší projednávání možné od 23. 12. 2025.
  Tisk 24 → ALBSDNKACN8ADalší projednávání možné od 22. 12. 2025.
  Tisk 28 → ALBSDNKKC8I6Další projednávání možné od 22. 12. 2025.
  Tisk 35 → ALBSDNR9BUS5Další projednávání možné od 27. 12. 2025.
  Tisk 40 → ALBSDNUHZ9BUDalší projednávání možné od 2. 1. 2026.
  Tisk 42 → ALBSDNUHUHYUDalší projednávání možné od 2. 1. 2026.
  Tisk 49 → KORNDP6FALEBDalší projednávání možné od 2. 1. 2026.
  Tisk 50 → ALBSDQK9WKJDDalší projednávání možné od 27. 2. 2026.
  Tisk 59 → ALBSDPECPS4ODalší projednávání možné od 23. 1. 2026.
  Tisk 71 → ALBSDPHMFNE2Další projednávání možné od 23. 1. 2026.
  Tisk 73 → ALBSDPUA7225Další projednávání možné od 30. 1. 2026.
  Tisk 74 → ALBSDQDACPI1Další projednávání možné od 20. 2. 2026.
  Tisk 75 → ALBSDQKA3C4NDalší projednávání možné od 27. 2. 2026.
  Tisk 86 → ALBSDQRAN8WQDalší projednávání možné od 7. 3. 2026.
  Tisk 89 → ALBSDQTF86PLDalší projednávání možné od 7. 3. 2026.
  Tisk 99 → ALBSDR79R7BRDalší projednávání možné od 14. 3. 2026.
  Tisk 100 → ALBSDR79V57IDalší projednávání možné od 13. 3. 2026.
  Tisk 103 → ALBSDR99RFB1Další projednávání možné od 20. 3. 2026.
  Tisk 104 → ALBSDR99UHLJDalší projednávání možné od 20. 3. 2026.
  Tisk 106 → ALBSDRDBL9NPDalší projednávání možné od 20. 3. 2026.
  Tisk 107 → ALBSDRV99BCDDalší projednávání možné od 10. 4. 2026.
  Tisk 109 → ALBSDRDGW9D3Další projednávání možné od 29. 3. 2026.
  Tisk 110 → ALBSDRDGYVNRDalší projednávání možné od 29. 3. 2026.
  Tisk 112 → ALBSDRFJN7UGDalší projednávání možné od 29. 3. 2026.
  Tisk 120 → ALBSDRVHV79QDalší projednávání možné od 11. 4. 2026.
  Tisk 121 → ALBSDRV9DCVCDalší projednávání možné od 10. 4. 2026.
  Tisk 129 → KORNDS5AS75TDalší projednávání možné od 10. 4. 2026.
  Tisk 130 → KORNDS5FFX14Další projednávání možné od 12. 4. 2026.
  Tisk 132 → KORNDS5AUEX1Další projednávání možné od 11. 4. 2026.
  Tisk 133 → ALBSDSB9VZPHDalší projednávání možné od 25. 4. 2026.
  Tisk 135 → ALBSDS8KFDG1Další projednávání možné od 24. 4. 2026.
  Tisk 138 → KORNDSCCGDN9Další projednávání možné od 24. 4. 2026.
  Tisk 140 → ALBSDSJ9YVTHDalší projednávání možné od 1. 5. 2026.
  Tisk 141 → ALBSDSJA7PG4Další projednávání možné od 1. 5. 2026.
  Tisk 146 → ALBSDSKBRR8BDalší projednávání možné od 2. 5. 2026.
  Tisk 167 → ALBSDT7A6K64Zákon vyhlášen 10. 6. 2026 ve  Sbírce zákonů v částce 91 pod číslem 91/2026 Sb.
  Tisk 13 → KORNDGFD743IPoslanecká sněmovna postoupila  dne 9. 6. 2026 návrh zákona Senátu jako tisk 252, dokument 252/0.OOrganizační výbor  dne 9. 6.
  Tisk 48 → KORNDMGGSV4SDalší projednávání možné od 10. 4. 2026.
  Tisk 82 → ALBSDPLDDVNJPoslanecká sněmovna postoupila  dne 11. 6. 2026 návrh zákona Senátu jako tisk 253, dokument 253/0.
  Tisk 90 → KORNDQGFVQKIPoslanecká sněmovna postoupila  dne 26. 5. 2026 návrh zákona Senátu jako tisk 246, dokument 246/0.OOrganizační výbor  dne 27. 5.
  Tisk 76 → ALBSDPVEF33BNA
  Tisk 77 → ALBSDPVEP9GEDalší projednávání možné od 6. 5. 2026.
  Tisk 119 → ALBSDRUD7WINPoslanecká sněmovna postoupila  dne 9. 6. 2026 návrh zákona Senátu jako tisk 251, dokument 251/0.OOrganizační výbor  dne 9. 6.
  Tisk 90 → KORNDQGFVQKIPoslanecká sněmovna postoupila  dne 26. 5. 2026 návrh zákona Senátu jako tisk 246, dokument 246/0.OOrganizační výbor  dne 27. 5.
  Tisk 82 → ALBSDPLDDVNJPoslanecká sněmovna postoupila  dne 11. 6. 2026 návrh zákona Senátu jako tisk 253, dokument 253/0.
  Tisk 47 → KORNDP6EMCP8Další projednávání možné od 13. 6. 2026
  Tisk 72 → ALBSDPHHG9IEDalší projednávání možné od 13. 6. 2026
  Tisk 124 → KORNDS5JEWJOZákon vyhlášen 10. 6. 2026 ve  Sbírce zákonů v částce 93 pod číslem 93/2026 Sb.
  Tisk 125 → ALBSDS9BKZY8Zákon vyhlášen 10. 6. 2026 ve  Sbírce zákonů v částce 92 pod číslem 92/2026 Sb.
  Tisk 57 → ALBSDNKBH74JSenát návrh vrátil sněmovně s pozměňovacími návrhy (usnesení č. 417).
  Tisk 11 → ALBSDNCATZU8Zákon vyhlášen 10. 6. 2026 ve  Sbírce zákonů v částce 90 pod číslem 90/2026 Sb.
  Tisk 67 → KORNDPDDEYDLNA
  Tisk 16 → KORNDFBH6CTHDalší projednávání možné od 24. 4. 2026.
  Tisk 46 → KORNDN6DDENDDalší projednávání možné od 24. 5. 2026.
  Tisk 52 → ALBSDMXGX7YNDalší projednávání možné od 25. 5. 2026.
  Tisk 53 → KORNDMXE7T3YDalší projednávání možné od 25. 5. 2026.
  Tisk 55 → KORNDNJJF6N2Další projednávání možné od 25. 5. 2026.
  Tisk 56 → KORNDNJJF7R7Další projednávání možné od 25. 5. 2026.
  Tisk 62 → KORNDKHF3VQGDalší projednávání možné od 25. 5. 2026.
  Tisk 83 → KORNDK9DFTG2Další projednávání možné od 12. 4. 2026.
  Tisk 113 → ALBSDDEJ5C5NDalší projednávání možné od 25. 4. 2026.
  Tisk 145 → KORNDDVFVG8BDalší projednávání možné od 24. 5. 2026.
  Tisk 72 → ALBSDPHHG9IEDalší projednávání možné od 13. 6. 2026
  Tisk 14 → KORNDERB9DSRDalší projednávání možné od 18. 11. 2025.
  Tisk 58 → KORNDNADQS6XDalší projednávání možné od 21. 12. 2025.
  Tisk 10 → KORNDDSCZ27KDalší projednávání možné od 16. 11. 2025.
  Tisk 61 → ALBSDKJBFFMKDalší projednávání možné od 23. 12. 2025.
  Tisk 98 → KORNDQAN5F2PDalší projednávání možné od 16. 2. 2026.
  Tisk 101 → ALBSDQWLF9TSDalší projednávání možné od 21. 2. 2026.
  Tisk 102 → ALBSDQWLF8E9Další projednávání možné od 21. 2. 2026.
  Tisk 111 → KORNDJZJHQ1EDalší projednávání možné od 27. 2. 2026.
  Tisk 114 → KORNDQBASCLTDalší projednávání možné od 1. 3. 2026.
  Tisk 143 → KORNDMUGLUEKDalší projednávání možné od 5. 4. 2026.
  Tisk 153 → KORNDR9CY314Další projednávání možné od 13. 4. 2026.
  Tisk 154 → ALBSDHZA32NVDalší projednávání možné od 13. 4. 2026.
  Tisk 162 → ALBSDLNEPCL2Další projednávání možné od 24. 4. 2026.
  Tisk 172 → KORNDRVB6L2LDalší projednávání možné od 2. 5. 2026.
  Tisk 189 → KORNDRFM95MGDalší projednávání možné od 4. 7. 2026.
  Tisk 192 → KORNDS2LAKNRDalší projednávání možné od 24. 5. 2026.
  Tisk 4 → ALBSDNCAQ38LDalší projednávání možné od 15. 12. 2025.
  Tisk 5 → ALBSDNCA86EGDalší projednávání možné od 14. 12. 2025.
  Tisk 6 → ALBSDNCA2EN4Další projednávání možné od 14. 12. 2025.
  Tisk 7 → ALBSDNC9VFOIDalší projednávání možné od 14. 12. 2025.
  Tisk 12 → ALBSDNCAZ9DMDalší projednávání možné od 15. 12. 2025.
  Tisk 15 → KORNDNEEWWBRDalší projednávání možné od 23. 12. 2025.
  Tisk 24 → ALBSDNKACN8ADalší projednávání možné od 22. 12. 2025.
  Tisk 28 → ALBSDNKKC8I6Další projednávání možné od 22. 12. 2025.
  Tisk 35 → ALBSDNR9BUS5Další projednávání možné od 27. 12. 2025.
  Tisk 40 → ALBSDNUHZ9BUDalší projednávání možné od 2. 1. 2026.
  Tisk 42 → ALBSDNUHUHYUDalší projednávání možné od 2. 1. 2026.
  Tisk 49 → KORNDP6FALEBDalší projednávání možné od 2. 1. 2026.
  Tisk 50 → ALBSDQK9WKJDDalší projednávání možné od 27. 2. 2026.
  Tisk 59 → ALBSDPECPS4ODalší projednávání možné od 23. 1. 2026.
  Tisk 71 → ALBSDPHMFNE2Další projednávání možné od 23. 1. 2026.
  Tisk 73 → ALBSDPUA7225Další projednávání možné od 30. 1. 2026.
  Tisk 74 → ALBSDQDACPI1Další projednávání možné od 20. 2. 2026.
  Tisk 75 → ALBSDQKA3C4NDalší projednávání možné od 27. 2. 2026.
  Tisk 86 → ALBSDQRAN8WQDalší projednávání možné od 7. 3. 2026.
  Tisk 89 → ALBSDQTF86PLDalší projednávání možné od 7. 3. 2026.
  Tisk 99 → ALBSDR79R7BRDalší projednávání možné od 14. 3. 2026.
  Tisk 100 → ALBSDR79V57IDalší projednávání možné od 13. 3. 2026.
  Tisk 103 → ALBSDR99RFB1Další projednávání možné od 20. 3. 2026.
  Tisk 104 → ALBSDR99UHLJDalší projednávání možné od 20. 3. 2026.
  Tisk 106 → ALBSDRDBL9NPDalší projednávání možné od 20. 3. 2026.
  Tisk 107 → ALBSDRV99BCDDalší projednávání možné od 10. 4. 2026.
  Tisk 109 → ALBSDRDGW9D3Další projednávání možné od 29. 3. 2026.
  Tisk 110 → ALBSDRDGYVNRDalší projednávání možné od 29. 3. 2026.
  Tisk 112 → ALBSDRFJN7UGDalší projednávání možné od 29. 3. 2026.
  Tisk 120 → ALBSDRVHV79QDalší projednávání možné od 11. 4. 2026.
  Tisk 121 → ALBSDRV9DCVCDalší projednávání možné od 10. 4. 2026.
  Tisk 129 → KORNDS5AS75TDalší projednávání možné od 10. 4. 2026.
  Tisk 130 → KORNDS5FFX14Další projednávání možné od 12. 4. 2026.
  Tisk 132 → KORNDS5AUEX1Další projednávání možné od 11. 4. 2026.
  Tisk 133 → ALBSDSB9VZPHDalší projednávání možné od 25. 4. 2026.
  Tisk 135 → ALBSDS8KFDG1Další projednávání možné od 24. 4. 2026.
  Tisk 138 → KORNDSCCGDN9Další projednávání možné od 24. 4. 2026.
  Tisk 140 → ALBSDSJ9YVTHDalší projednávání možné od 1. 5. 2026.
  Tisk 141 → ALBSDSJA7PG4Další projednávání možné od 1. 5. 2026.
  Tisk 146 → ALBSDSKBRR8BDalší projednávání možné od 2. 5. 2026.
  Tisk 161 → ALBSDSZGD2I7Další projednávání možné od 15. 5. 2026.
  Tisk 168 → KORNDT8EKD5ADalší projednávání možné od 23. 5. 2026.
  Tisk 173 → ALBSDTLBDM98Další projednávání možné od 16. 5. 2026.
  Tisk 174 → ALBSDTLBJ4Q7Další projednávání možné od 16. 5. 2026.
  Tisk 119 → ALBSDRUD7WINPoslanecká sněmovna postoupila  dne 9. 6. 2026 návrh zákona Senátu jako tisk 251, dokument 251/0.OOrganizační výbor  dne 9. 6.
  Tisk 13 → KORNDGFD743IPoslanecká sněmovna postoupila  dne 9. 6. 2026 návrh zákona Senátu jako tisk 252, dokument 252/0.OOrganizační výbor  dne 9. 6.
  Tisk 48 → KORNDMGGSV4SDalší projednávání možné od 10. 4. 2026.
  Tisk 76 → ALBSDPVEF33BNA
  Tisk 77 → ALBSDPVEP9GEDalší projednávání možné od 6. 5. 2026.
  Tisk 82 → ALBSDPLDDVNJPoslanecká sněmovna postoupila  dne 11. 6. 2026 návrh zákona Senátu jako tisk 253, dokument 253/0.
  Tisk 198 → ALBSDRZHK5X1Další projednávání možné od 28. 6. 2026.
  Tisk 190 → ALBSDTZDW2VMPoslanecká sněmovna postoupila  dne 9. 6. 2026 návrh zákona Senátu jako tisk 250, dokument 250/0.OOrganizační výbor  dne 9. 6.
  Tisk 187 → ALBSDTUDB51ADalší projednávání možné od 3. 7. 2026.
  Tisk 67 → KORNDPDDEYDLNA
  Tisk 16 → KORNDFBH6CTHDalší projednávání možné od 24. 4. 2026.
  Tisk 46 → KORNDN6DDENDDalší projednávání možné od 24. 5. 2026.
  Tisk 48 → KORNDMGGSV4SDalší projednávání možné od 10. 4. 2026.
  Tisk 52 → ALBSDMXGX7YNDalší projednávání možné od 25. 5. 2026.
  Tisk 53 → KORNDMXE7T3YDalší projednávání možné od 25. 5. 2026.
  Tisk 55 → KORNDNJJF6N2Další projednávání možné od 25. 5. 2026.
  Tisk 56 → KORNDNJJF7R7Další projednávání možné od 25. 5. 2026.
  Tisk 62 → KORNDKHF3VQGDalší projednávání možné od 25. 5. 2026.
  Tisk 69 → KORNDN5B8461Další projednávání možné od 10. 5. 2026.
  Tisk 83 → KORNDK9DFTG2Další projednávání možné od 12. 4. 2026.
  Tisk 113 → ALBSDDEJ5C5NDalší projednávání možné od 25. 4. 2026.
  Tisk 144 → KORNDQ6FEQB9Další projednávání možné od 15. 6. 2026.
  Tisk 145 → KORNDDVFVG8BDalší projednávání možné od 24. 5. 2026.
  Tisk 67 → KORNDPDDEYDLNA
  Tisk 115 → ALBSDRMDTWS7Další projednávání možné od 21. 6. 2026.
  Tisk 116 → ALBSDRMDPM3TDalší projednávání možné od 22. 6. 2026.
  Tisk 10 → KORNDDSCZ27KDalší projednávání možné od 16. 11. 2025.
  Tisk 14 → KORNDERB9DSRDalší projednávání možné od 18. 11. 2025.
  Tisk 58 → KORNDNADQS6XDalší projednávání možné od 21. 12. 2025.
  Tisk 61 → ALBSDKJBFFMKDalší projednávání možné od 23. 12. 2025.
  Tisk 98 → KORNDQAN5F2PDalší projednávání možné od 16. 2. 2026.
  Tisk 101 → ALBSDQWLF9TSDalší projednávání možné od 21. 2. 2026.
  Tisk 102 → ALBSDQWLF8E9Další projednávání možné od 21. 2. 2026.
  Tisk 111 → KORNDJZJHQ1EDalší projednávání možné od 27. 2. 2026.
  Tisk 114 → KORNDQBASCLTDalší projednávání možné od 1. 3. 2026.
  Tisk 143 → KORNDMUGLUEKDalší projednávání možné od 5. 4. 2026.
  Tisk 153 → KORNDR9CY314Další projednávání možné od 13. 4. 2026.
  Tisk 154 → ALBSDHZA32NVDalší projednávání možné od 13. 4. 2026.
  Tisk 162 → ALBSDLNEPCL2Další projednávání možné od 24. 4. 2026.
  Tisk 172 → KORNDRVB6L2LDalší projednávání možné od 2. 5. 2026.
  Tisk 192 → KORNDS2LAKNRDalší projednávání možné od 24. 5. 2026.
  Tisk 196 → KORNDPMD76PZDalší projednávání možné od 26. 5. 2026.
  Tisk 199 → KORNDLS9CWIWDalší projednávání možné od 2. 6. 2026.
  Tisk 207 → KORNDLMBS4FBDalší projednávání možné od 8. 6. 2026.
  Tisk 210 → KORNDTST2VI7Další projednávání možné od 12. 6. 2026.
  Tisk 213 → KORNDU7AL36HDalší projednávání možné od 14. 6. 2026.
  Tisk 218 → KORNDS2HT779Další projednávání možné od 16. 6. 2026.
  Tisk 219 → ALBSDCQH22PEDalší projednávání možné od 16. 6. 2026.
  Tisk 222 → ALBSDMJFC24NDalší projednávání možné od 22. 6. 2026.
  Tisk 4 → ALBSDNCAQ38LDalší projednávání možné od 15. 12. 2025.
  Tisk 5 → ALBSDNCA86EGDalší projednávání možné od 14. 12. 2025.
  Tisk 6 → ALBSDNCA2EN4Další projednávání možné od 14. 12. 2025.
  Tisk 7 → ALBSDNC9VFOIDalší projednávání možné od 14. 12. 2025.
  Tisk 12 → ALBSDNCAZ9DMDalší projednávání možné od 15. 12. 2025.
  Tisk 15 → KORNDNEEWWBRDalší projednávání možné od 23. 12. 2025.
  Tisk 24 → ALBSDNKACN8ADalší projednávání možné od 22. 12. 2025.
  Tisk 28 → ALBSDNKKC8I6Další projednávání možné od 22. 12. 2025.
  Tisk 35 → ALBSDNR9BUS5Další projednávání možné od 27. 12. 2025.
  Tisk 40 → ALBSDNUHZ9BUDalší projednávání možné od 2. 1. 2026.
  Tisk 42 → ALBSDNUHUHYUDalší projednávání možné od 2. 1. 2026.
  Tisk 49 → KORNDP6FALEBDalší projednávání možné od 2. 1. 2026.
  Tisk 50 → ALBSDQK9WKJDDalší projednávání možné od 27. 2. 2026.
  Tisk 59 → ALBSDPECPS4ODalší projednávání možné od 23. 1. 2026.
  Tisk 71 → ALBSDPHMFNE2Další projednávání možné od 23. 1. 2026.
  Tisk 73 → ALBSDPUA7225Další projednávání možné od 30. 1. 2026.
  Tisk 74 → ALBSDQDACPI1Další projednávání možné od 20. 2. 2026.
  Tisk 75 → ALBSDQKA3C4NDalší projednávání možné od 27. 2. 2026.
  Tisk 86 → ALBSDQRAN8WQDalší projednávání možné od 7. 3. 2026.
  Tisk 89 → ALBSDQTF86PLDalší projednávání možné od 7. 3. 2026.
  Tisk 99 → ALBSDR79R7BRDalší projednávání možné od 14. 3. 2026.
  Tisk 100 → ALBSDR79V57IDalší projednávání možné od 13. 3. 2026.
  Tisk 103 → ALBSDR99RFB1Další projednávání možné od 20. 3. 2026.
  Tisk 104 → ALBSDR99UHLJDalší projednávání možné od 20. 3. 2026.
  Tisk 106 → ALBSDRDBL9NPDalší projednávání možné od 20. 3. 2026.
  Tisk 107 → ALBSDRV99BCDDalší projednávání možné od 10. 4. 2026.
  Tisk 109 → ALBSDRDGW9D3Další projednávání možné od 29. 3. 2026.
  Tisk 110 → ALBSDRDGYVNRDalší projednávání možné od 29. 3. 2026.
  Tisk 112 → ALBSDRFJN7UGDalší projednávání možné od 29. 3. 2026.
  Tisk 120 → ALBSDRVHV79QDalší projednávání možné od 11. 4. 2026.
  Tisk 121 → ALBSDRV9DCVCDalší projednávání možné od 10. 4. 2026.
  Tisk 129 → KORNDS5AS75TDalší projednávání možné od 10. 4. 2026.
  Tisk 130 → KORNDS5FFX14Další projednávání možné od 12. 4. 2026.
  Tisk 132 → KORNDS5AUEX1Další projednávání možné od 11. 4. 2026.
  Tisk 133 → ALBSDSB9VZPHDalší projednávání možné od 25. 4. 2026.
  Tisk 135 → ALBSDS8KFDG1Další projednávání možné od 24. 4. 2026.
  Tisk 138 → KORNDSCCGDN9Další projednávání možné od 24. 4. 2026.
  Tisk 140 → ALBSDSJ9YVTHDalší projednávání možné od 1. 5. 2026.
  Tisk 141 → ALBSDSJA7PG4Další projednávání možné od 1. 5. 2026.
  Tisk 146 → ALBSDSKBRR8BDalší projednávání možné od 2. 5. 2026.
  Tisk 161 → ALBSDSZGD2I7Další projednávání možné od 15. 5. 2026.
  Tisk 168 → KORNDT8EKD5ADalší projednávání možné od 23. 5. 2026.
  Tisk 171 → ALBSDTDAY5XADalší projednávání možné od 30. 5. 2026.
  Tisk 173 → ALBSDTLBDM98Další projednávání možné od 16. 5. 2026.
  Tisk 174 → ALBSDTLBJ4Q7Další projednávání možné od 16. 5. 2026.
  Tisk 181 → ALBSDTTHNE5IDalší projednávání možné od 13. 6. 2026.
  Tisk 186 → ALBSDTYB922FDalší projednávání možné od 13. 6. 2026.
  Tisk 193 → ALBSDU4DJ2KSDalší projednávání možné od 20. 6. 2026.
  Tisk 47 → KORNDP6EMCP8Další projednávání možné od 13. 6. 2026
  Tisk 72 → ALBSDPHHG9IEDalší projednávání možné od 13. 6. 2026
  Tisk 76 → ALBSDPVEF33BNA
  Tisk 77 → ALBSDPVEP9GEDalší projednávání možné od 6. 5. 2026.
Matched 110 of 436 bills
[2026-06-12 16:39:54] [INFO] Matched 110 unique bills to VeKLEP
NOTICE:  relation "bills" already exists, skipping

NOTICE:  relation "impacts" already exists, skipping

NOTICE:  relation "costs" already exists, skipping

NOTICE:  relation "benefits" already exists, skipping

NOTICE:  relation "idx_alerts_token" already exists, skipping

NOTICE:  relation "idx_alerts_active" already exists, skipping

NOTICE:  relation "alerts" already exists, skipping

NOTICE:  relation "idx_alerts_token" already exists, skipping

NOTICE:  relation "idx_alerts_active" already exists, skipping

NOTICE:  column "psp_status" of relation "bills" already exists, skipping

Database initialized
[2026-06-12 16:39:57] [INFO] [1/110] Tisk 17 → KORNDLZJTJLG
[2026-06-12 16:39:57] [ERROR]   Unexpected error: Lists must contain raw vectors or NULL
[2026-06-12 16:40:02] [INFO] [2/110] Tisk 25 → ALBSDN3J9K06
[2026-06-12 16:40:02] [ERROR]   Unexpected error: Lists must contain raw vectors or NULL
[2026-06-12 16:40:07] [INFO] [3/110] Tisk 76 → ALBSDPVEF33B
[2026-06-12 16:40:07] [ERROR]   Unexpected error: Lists must contain raw vectors or NULL
[2026-06-12 16:40:12] [INFO] [4/110] Tisk 77 → ALBSDPVEP9GE
[2026-06-12 16:40:12] [ERROR]   Unexpected error: Lists must contain raw vectors or NULL
[2026-06-12 16:40:17] [INFO] [5/110] Tisk 72 → ALBSDPHHG9IE
[2026-06-12 16:40:18] [ERROR]   Unexpected error: Lists must contain raw vectors or NULL
[2026-06-12 16:40:23] [INFO] [6/110] Tisk 163 → KORNDT4CKC7A
[2026-06-12 16:40:23] [ERROR]   Unexpected error: Lists must contain raw vectors or NULL
[2026-06-12 16:40:28] [INFO] [7/110] Tisk 78 → ALBSDQG99B8P
[2026-06-12 16:40:28] [ERROR]   Unexpected error: Lists must contain raw vectors or NULL
[2026-06-12 16:40:33] [INFO] [8/110] Tisk 13 → KORNDGFD743I
[2026-06-12 16:40:34] [ERROR]   Unexpected error: Lists must contain raw vectors or NULL
[2026-06-12 16:40:39] [INFO] [9/110] Tisk 90 → KORNDQGFVQKI
[2026-06-12 16:40:39] [ERROR]   Unexpected error: Lists must contain raw vectors or NULL
[2026-06-12 16:40:44] [INFO] [10/110] Tisk 48 → KORNDMGGSV4S
[2026-06-12 16:40:44] [ERROR]   Unexpected error: Lists must contain raw vectors or NULL
[2026-06-12 16:41:12] [INFO] [11/110] Tisk 119 → ALBSDRUD7WIN
[2026-06-12 16:41:13] [ERROR]   Unexpected error: Lists must contain raw vectors or NULL
[2026-06-12 16:41:18] [INFO] [12/110] Tisk 82 → ALBSDPLDDVNJ
[2026-06-12 16:41:18] [ERROR]   Unexpected error: Lists must contain raw vectors or NULL
[2026-06-12 16:41:23] [INFO] [13/110] Tisk 144 → KORNDQ6FEQB9
[2026-06-12 16:41:23] [ERROR]   Unexpected error: Lists must contain raw vectors or NULL
[2026-06-12 16:41:29] [INFO] [14/110] Tisk 115 → ALBSDRMDTWS7
[2026-06-12 16:41:29] [ERROR]   Unexpected error: Lists must contain raw vectors or NULL
[2026-06-12 16:41:34] [INFO] [15/110] Tisk 116 → ALBSDRMDPM3T
[2026-06-12 16:41:34] [ERROR]   Unexpected error: Lists must contain raw vectors or NULL
[2026-06-12 16:41:39] [INFO] [16/110] Tisk 124 → KORNDS5JEWJO
[2026-06-12 16:41:40] [ERROR]   Unexpected error: Lists must contain raw vectors or NULL
[2026-06-12 16:41:45] [INFO] [17/110] Tisk 125 → ALBSDS9BKZY8
[2026-06-12 16:41:45] [ERROR]   Unexpected error: Lists must contain raw vectors or NULL
[2026-06-12 16:41:50] [INFO] [18/110] Tisk 35 → ALBSDNR9BUS5
[2026-06-12 16:41:50] [ERROR]   Unexpected error: Lists must contain raw vectors or NULL
[2026-06-12 16:41:55] [INFO] [19/110] Tisk 10 → KORNDDSCZ27K
[2026-06-12 16:41:55] [ERROR]   Unexpected error: Lists must contain raw vectors or NULL
[2026-06-12 16:42:00] [INFO] [20/110] Tisk 14 → KORNDERB9DSR
[2026-06-12 16:42:01] [ERROR]   Unexpected error: Lists must contain raw vectors or NULL
[2026-06-12 16:42:06] [INFO] [21/110] Tisk 58 → KORNDNADQS6X
[2026-06-12 16:42:06] [ERROR]   Unexpected error: Lists must contain raw vectors or NULL
[2026-06-12 16:42:11] [INFO] [22/110] Tisk 61 → ALBSDKJBFFMK
[2026-06-12 16:42:11] [ERROR]   Unexpected error: Lists must contain raw vectors or NULL
[2026-06-12 16:42:16] [INFO] [23/110] Tisk 68 → KORNDJ6J9HOO
[2026-06-12 16:42:16] [ERROR]   Unexpected error: Lists must contain raw vectors or NULL
[2026-06-12 16:42:21] [INFO] [24/110] Tisk 98 → KORNDQAN5F2P
[2026-06-12 16:42:21] [ERROR]   Unexpected error: Lists must contain raw vectors or NULL
[2026-06-12 16:42:27] [INFO] [25/110] Tisk 101 → ALBSDQWLF9TS
[2026-06-12 16:42:27] [ERROR]   Unexpected error: Lists must contain raw vectors or NULL
[2026-06-12 16:42:32] [INFO] [26/110] Tisk 102 → ALBSDQWLF8E9
[2026-06-12 16:42:32] [ERROR]   Unexpected error: Lists must contain raw vectors or NULL
[2026-06-12 16:42:37] [INFO] [27/110] Tisk 111 → KORNDJZJHQ1E
[2026-06-12 16:42:37] [ERROR]   Unexpected error: Lists must contain raw vectors or NULL
[2026-06-12 16:42:42] [INFO] [28/110] Tisk 114 → KORNDQBASCLT
[2026-06-12 16:42:42] [ERROR]   Unexpected error: Lists must contain raw vectors or NULL
[2026-06-12 16:42:47] [INFO] [29/110] Tisk 143 → KORNDMUGLUEK
[2026-06-12 16:42:48] [ERROR]   Unexpected error: Lists must contain raw vectors or NULL
[2026-06-12 16:42:53] [INFO] [30/110] Tisk 145 → KORNDDVFVG8B
[2026-06-12 16:42:53] [ERROR]   Unexpected error: Lists must contain raw vectors or NULL
[2026-06-12 16:42:58] [INFO] [31/110] Tisk 153 → KORNDR9CY314
[2026-06-12 16:42:58] [ERROR]   Unexpected error: Lists must contain raw vectors or NULL
[2026-06-12 16:43:03] [INFO] [32/110] Tisk 154 → ALBSDHZA32NV
[2026-06-12 16:43:03] [ERROR]   Unexpected error: Lists must contain raw vectors or NULL
[2026-06-12 16:43:09] [INFO] [33/110] Tisk 4 → ALBSDNCAQ38L
[2026-06-12 16:43:09] [ERROR]   Unexpected error: Lists must contain raw vectors or NULL
[2026-06-12 16:43:14] [INFO] [34/110] Tisk 5 → ALBSDNCA86EG
[2026-06-12 16:43:14] [ERROR]   Unexpected error: Lists must contain raw vectors or NULL
[2026-06-12 16:43:19] [INFO] [35/110] Tisk 6 → ALBSDNCA2EN4
[2026-06-12 16:43:19] [ERROR]   Unexpected error: Lists must contain raw vectors or NULL
[2026-06-12 16:43:24] [INFO] [36/110] Tisk 7 → ALBSDNC9VFOI
[2026-06-12 16:43:24] [ERROR]   Unexpected error: Lists must contain raw vectors or NULL
[2026-06-12 16:43:29] [INFO] [37/110] Tisk 12 → ALBSDNCAZ9DM
[2026-06-12 16:43:30] [ERROR]   Unexpected error: Lists must contain raw vectors or NULL
[2026-06-12 16:43:35] [INFO] [38/110] Tisk 15 → KORNDNEEWWBR
[2026-06-12 16:43:35] [ERROR]   Unexpected error: Lists must contain raw vectors or NULL
[2026-06-12 16:43:40] [INFO] [39/110] Tisk 24 → ALBSDNKACN8A
[2026-06-12 16:43:40] [ERROR]   Unexpected error: Lists must contain raw vectors or NULL
[2026-06-12 16:43:45] [INFO] [40/110] Tisk 28 → ALBSDNKKC8I6
[2026-06-12 16:43:45] [ERROR]   Unexpected error: Lists must contain raw vectors or NULL
[2026-06-12 16:43:51] [INFO] [41/110] Tisk 40 → ALBSDNUHZ9BU
[2026-06-12 16:43:51] [ERROR]   Unexpected error: Lists must contain raw vectors or NULL
[2026-06-12 16:43:56] [INFO] [42/110] Tisk 42 → ALBSDNUHUHYU
[2026-06-12 16:43:56] [ERROR]   Unexpected error: Lists must contain raw vectors or NULL
[2026-06-12 16:44:01] [INFO] [43/110] Tisk 49 → KORNDP6FALEB
[2026-06-12 16:44:01] [ERROR]   Unexpected error: Lists must contain raw vectors or NULL
[2026-06-12 16:44:06] [INFO] [44/110] Tisk 50 → ALBSDQK9WKJD
[2026-06-12 16:44:06] [ERROR]   Unexpected error: Lists must contain raw vectors or NULL
[2026-06-12 16:44:11] [INFO] [45/110] Tisk 59 → ALBSDPECPS4O
[2026-06-12 16:44:12] [ERROR]   Unexpected error: Lists must contain raw vectors or NULL
[2026-06-12 16:44:17] [INFO] [46/110] Tisk 71 → ALBSDPHMFNE2
[2026-06-12 16:44:17] [ERROR]   Unexpected error: Lists must contain raw vectors or NULL
[2026-06-12 16:44:22] [INFO] [47/110] Tisk 73 → ALBSDPUA7225
[2026-06-12 16:44:22] [ERROR]   Unexpected error: Lists must contain raw vectors or NULL
[2026-06-12 16:44:27] [INFO] [48/110] Tisk 74 → ALBSDQDACPI1
[2026-06-12 16:44:27] [ERROR]   Unexpected error: Lists must contain raw vectors or NULL
[2026-06-12 16:44:32] [INFO] [49/110] Tisk 75 → ALBSDQKA3C4N
[2026-06-12 16:44:33] [ERROR]   Unexpected error: Lists must contain raw vectors or NULL
[2026-06-12 16:44:38] [INFO] [50/110] Tisk 86 → ALBSDQRAN8WQ
[2026-06-12 16:44:38] [ERROR]   Unexpected error: Lists must contain raw vectors or NULL
[2026-06-12 16:44:43] [INFO] [51/110] Tisk 89 → ALBSDQTF86PL
[2026-06-12 16:44:43] [ERROR]   Unexpected error: Lists must contain raw vectors or NULL
[2026-06-12 16:44:48] [INFO] [52/110] Tisk 99 → ALBSDR79R7BR
[2026-06-12 16:44:48] [ERROR]   Unexpected error: Lists must contain raw vectors or NULL
[2026-06-12 16:44:53] [INFO] [53/110] Tisk 100 → ALBSDR79V57I
[2026-06-12 16:44:54] [ERROR]   Unexpected error: Lists must contain raw vectors or NULL
[2026-06-12 16:44:59] [INFO] [54/110] Tisk 103 → ALBSDR99RFB1
[2026-06-12 16:44:59] [ERROR]   Unexpected error: Lists must contain raw vectors or NULL
[2026-06-12 16:45:04] [INFO] [55/110] Tisk 104 → ALBSDR99UHLJ
[2026-06-12 16:45:04] [ERROR]   Unexpected error: Lists must contain raw vectors or NULL
[2026-06-12 16:45:09] [INFO] [56/110] Tisk 106 → ALBSDRDBL9NP
[2026-06-12 16:45:09] [ERROR]   Unexpected error: Lists must contain raw vectors or NULL
[2026-06-12 16:45:14] [INFO] [57/110] Tisk 107 → ALBSDRV99BCD
[2026-06-12 16:45:15] [ERROR]   Unexpected error: Lists must contain raw vectors or NULL
[2026-06-12 16:45:20] [INFO] [58/110] Tisk 109 → ALBSDRDGW9D3
[2026-06-12 16:45:20] [ERROR]   Unexpected error: Lists must contain raw vectors or NULL
[2026-06-12 16:45:25] [INFO] [59/110] Tisk 110 → ALBSDRDGYVNR
[2026-06-12 16:45:25] [ERROR]   Unexpected error: Lists must contain raw vectors or NULL
[2026-06-12 16:45:30] [INFO] [60/110] Tisk 112 → ALBSDRFJN7UG
[2026-06-12 16:45:30] [ERROR]   Unexpected error: Lists must contain raw vectors or NULL
[2026-06-12 16:45:35] [INFO] [61/110] Tisk 120 → ALBSDRVHV79Q
[2026-06-12 16:45:36] [ERROR]   Unexpected error: Lists must contain raw vectors or NULL
[2026-06-12 16:45:41] [INFO] [62/110] Tisk 121 → ALBSDRV9DCVC
[2026-06-12 16:45:41] [ERROR]   Unexpected error: Lists must contain raw vectors or NULL
[2026-06-12 16:45:46] [INFO] [63/110] Tisk 129 → KORNDS5AS75T
[2026-06-12 16:45:46] [ERROR]   Unexpected error: Lists must contain raw vectors or NULL
[2026-06-12 16:45:51] [INFO] [64/110] Tisk 130 → KORNDS5FFX14
[2026-06-12 16:45:52] [ERROR]   Unexpected error: Lists must contain raw vectors or NULL
[2026-06-12 16:45:57] [INFO] [65/110] Tisk 131 → KORNDS5FLZJK
[2026-06-12 16:45:57] [ERROR]   Unexpected error: Lists must contain raw vectors or NULL
[2026-06-12 16:46:02] [INFO] [66/110] Tisk 132 → KORNDS5AUEX1
[2026-06-12 16:46:02] [ERROR]   Unexpected error: Lists must contain raw vectors or NULL
[2026-06-12 16:46:07] [INFO] [67/110] Tisk 16 → KORNDFBH6CTH
[2026-06-12 16:46:07] [ERROR]   Unexpected error: Lists must contain raw vectors or NULL
[2026-06-12 16:46:12] [INFO] [68/110] Tisk 83 → KORNDK9DFTG2
[2026-06-12 16:46:12] [ERROR]   Unexpected error: Lists must contain raw vectors or NULL
[2026-06-12 16:46:18] [INFO] [69/110] Tisk 113 → ALBSDDEJ5C5N
[2026-06-12 16:46:18] [ERROR]   Unexpected error: Lists must contain raw vectors or NULL
[2026-06-12 16:46:23] [INFO] [70/110] Tisk 47 → KORNDP6EMCP8
[2026-06-12 16:46:23] [ERROR]   Unexpected error: Lists must contain raw vectors or NULL
[2026-06-12 16:46:28] [INFO] [71/110] Tisk 162 → ALBSDLNEPCL2
[2026-06-12 16:46:28] [ERROR]   Unexpected error: Lists must contain raw vectors or NULL
[2026-06-12 16:46:33] [INFO] [72/110] Tisk 172 → KORNDRVB6L2L
[2026-06-12 16:46:33] [ERROR]   Unexpected error: Lists must contain raw vectors or NULL
[2026-06-12 16:46:38] [INFO] [73/110] Tisk 133 → ALBSDSB9VZPH
[2026-06-12 16:46:39] [ERROR]   Unexpected error: Lists must contain raw vectors or NULL
[2026-06-12 16:46:44] [INFO] [74/110] Tisk 135 → ALBSDS8KFDG1
[2026-06-12 16:46:44] [ERROR]   Unexpected error: Lists must contain raw vectors or NULL
[2026-06-12 16:46:49] [INFO] [75/110] Tisk 138 → KORNDSCCGDN9
[2026-06-12 16:46:49] [ERROR]   Unexpected error: Lists must contain raw vectors or NULL
[2026-06-12 16:46:54] [INFO] [76/110] Tisk 140 → ALBSDSJ9YVTH
[2026-06-12 16:46:54] [ERROR]   Unexpected error: Lists must contain raw vectors or NULL
[2026-06-12 16:46:59] [INFO] [77/110] Tisk 141 → ALBSDSJA7PG4
[2026-06-12 16:47:00] [ERROR]   Unexpected error: Lists must contain raw vectors or NULL
[2026-06-12 16:47:05] [INFO] [78/110] Tisk 146 → ALBSDSKBRR8B
[2026-06-12 16:47:05] [ERROR]   Unexpected error: Lists must contain raw vectors or NULL
[2026-06-12 16:47:10] [INFO] [79/110] Tisk 167 → ALBSDT7A6K64
[2026-06-12 16:47:10] [ERROR]   Unexpected error: Lists must contain raw vectors or NULL
[2026-06-12 16:47:15] [INFO] [80/110] Tisk 57 → ALBSDNKBH74J
[2026-06-12 16:47:15] [ERROR]   Unexpected error: Lists must contain raw vectors or NULL
[2026-06-12 16:47:20] [INFO] [81/110] Tisk 11 → ALBSDNCATZU8
[2026-06-12 16:47:20] [ERROR]   Unexpected error: Lists must contain raw vectors or NULL
[2026-06-12 16:47:26] [INFO] [82/110] Tisk 67 → KORNDPDDEYDL
[2026-06-12 16:47:26] [ERROR]   Unexpected error: Lists must contain raw vectors or NULL
[2026-06-12 16:47:31] [INFO] [83/110] Tisk 46 → KORNDN6DDEND
[2026-06-12 16:47:31] [ERROR]   Unexpected error: Lists must contain raw vectors or NULL
[2026-06-12 16:47:36] [INFO] [84/110] Tisk 52 → ALBSDMXGX7YN
[2026-06-12 16:47:36] [ERROR]   Unexpected error: Lists must contain raw vectors or NULL
[2026-06-12 16:47:41] [INFO] [85/110] Tisk 53 → KORNDMXE7T3Y
[2026-06-12 16:47:41] [ERROR]   Unexpected error: Lists must contain raw vectors or NULL
[2026-06-12 16:47:47] [INFO] [86/110] Tisk 55 → KORNDNJJF6N2
[2026-06-12 16:47:47] [ERROR]   Unexpected error: Lists must contain raw vectors or NULL
[2026-06-12 16:47:52] [INFO] [87/110] Tisk 56 → KORNDNJJF7R7
[2026-06-12 16:47:52] [ERROR]   Unexpected error: Lists must contain raw vectors or NULL
[2026-06-12 16:47:57] [INFO] [88/110] Tisk 62 → KORNDKHF3VQG
[2026-06-12 16:47:57] [ERROR]   Unexpected error: Lists must contain raw vectors or NULL
[2026-06-12 16:48:02] [INFO] [89/110] Tisk 189 → KORNDRFM95MG
[2026-06-12 16:48:02] [ERROR]   Unexpected error: Lists must contain raw vectors or NULL
[2026-06-12 16:48:08] [INFO] [90/110] Tisk 192 → KORNDS2LAKNR
[2026-06-12 16:48:08] [ERROR]   Unexpected error: Lists must contain raw vectors or NULL
[2026-06-12 16:48:13] [INFO] [91/110] Tisk 161 → ALBSDSZGD2I7
[2026-06-12 16:48:13] [ERROR]   Unexpected error: Lists must contain raw vectors or NULL
[2026-06-12 16:48:18] [INFO] [92/110] Tisk 168 → KORNDT8EKD5A
[2026-06-12 16:48:18] [ERROR]   Unexpected error: Lists must contain raw vectors or NULL
[2026-06-12 16:48:23] [INFO] [93/110] Tisk 173 → ALBSDTLBDM98
[2026-06-12 16:48:24] [ERROR]   Unexpected error: Lists must contain raw vectors or NULL
[2026-06-12 16:48:29] [INFO] [94/110] Tisk 174 → ALBSDTLBJ4Q7
[2026-06-12 16:48:29] [ERROR]   Unexpected error: Lists must contain raw vectors or NULL
[2026-06-12 16:48:34] [INFO] [95/110] Tisk 198 → ALBSDRZHK5X1
[2026-06-12 16:48:34] [ERROR]   Unexpected error: Lists must contain raw vectors or NULL
[2026-06-12 16:48:39] [INFO] [96/110] Tisk 190 → ALBSDTZDW2VM
[2026-06-12 16:48:39] [ERROR]   Unexpected error: Lists must contain raw vectors or NULL
[2026-06-12 16:48:44] [INFO] [97/110] Tisk 187 → ALBSDTUDB51A
[2026-06-12 16:48:44] [ERROR]   Unexpected error: Lists must contain raw vectors or NULL
[2026-06-12 16:48:49] [INFO] [98/110] Tisk 69 → KORNDN5B8461
[2026-06-12 16:48:50] [ERROR]   Unexpected error: Lists must contain raw vectors or NULL
[2026-06-12 16:48:55] [INFO] [99/110] Tisk 196 → KORNDPMD76PZ
[2026-06-12 16:48:55] [ERROR]   Unexpected error: Lists must contain raw vectors or NULL
[2026-06-12 16:49:00] [INFO] [100/110] Tisk 199 → KORNDLS9CWIW
[2026-06-12 16:49:00] [ERROR]   Unexpected error: Lists must contain raw vectors or NULL
[2026-06-12 16:49:05] [INFO] [101/110] Tisk 207 → KORNDLMBS4FB
[2026-06-12 16:49:06] [ERROR]   Unexpected error: Lists must contain raw vectors or NULL
[2026-06-12 16:49:11] [INFO] [102/110] Tisk 210 → KORNDTST2VI7
[2026-06-12 16:49:11] [ERROR]   Unexpected error: Lists must contain raw vectors or NULL
[2026-06-12 16:49:16] [INFO] [103/110] Tisk 213 → KORNDU7AL36H
[2026-06-12 16:49:16] [ERROR]   Unexpected error: Lists must contain raw vectors or NULL
[2026-06-12 16:49:21] [INFO] [104/110] Tisk 218 → KORNDS2HT779
[2026-06-12 16:49:21] [ERROR]   Unexpected error: Lists must contain raw vectors or NULL
[2026-06-12 16:49:26] [INFO] [105/110] Tisk 219 → ALBSDCQH22PE
[2026-06-12 16:49:27] [ERROR]   Unexpected error: Lists must contain raw vectors or NULL
[2026-06-12 16:49:32] [INFO] [106/110] Tisk 222 → ALBSDMJFC24N
[2026-06-12 16:49:32] [ERROR]   Unexpected error: Lists must contain raw vectors or NULL
[2026-06-12 16:49:37] [INFO] [107/110] Tisk 171 → ALBSDTDAY5XA
[2026-06-12 16:49:37] [ERROR]   Unexpected error: Lists must contain raw vectors or NULL
[2026-06-12 16:49:42] [INFO] [108/110] Tisk 181 → ALBSDTTHNE5I
[2026-06-12 16:49:43] [ERROR]   Unexpected error: Lists must contain raw vectors or NULL
[2026-06-12 16:49:48] [INFO] [109/110] Tisk 186 → ALBSDTYB922F
[2026-06-12 16:49:48] [ERROR]   Unexpected error: Lists must contain raw vectors or NULL
[2026-06-12 16:49:53] [INFO] [110/110] Tisk 193 → ALBSDU4DJ2KS
[2026-06-12 16:49:53] [ERROR]   Unexpected error: Lists must contain raw vectors or NULL
[2026-06-12 16:49:58] [INFO] Results — Success: 0 | Skipped: 0 | No document: 0 | Errors: 110
There were 50 or more warnings (use warnings() to see the first 50)
Trying: https://ria.vlada.cz/komise/jednani-v-roce-2026/
Found 1 sessions for 2026
Scraping session: https://ria.vlada.cz/komise/jednani-v-roce-2026/jednani-c-148-dne-30-ledna-2026/
Saved verdict B for KORNDMUGLUEK
Trying: https://ria.vlada.cz/komise/jednani-v-roce-2025/
Trying: https://ria.vlada.cz/komise/jednani-komise-ria-v-roce-2025/
Found 4 sessions for 2025
Scraping session: https://ria.vlada.cz/komise/jednani-komise-ria-v-roce-2025/jednani-c-142-dne-24-ledna-2025/
Scraping session: https://ria.vlada.cz/komise/jednani-komise-ria-v-roce-2025/jednani-c-143-dne-24-unora-2025/
Scraping session: https://ria.vlada.cz/komise/jednani-komise-ria-v-roce-2025/jednani-c-144-dne-7-dubna-2025/
Scraping session: https://ria.vlada.cz/komise/jednani-komise-ria-v-roce-2025/jednani-c-145-dne-8-srpna-2025/
Saved verdict B for KORNDDVFVG8B
Total Komise RIA verdicts matched: 2
=== Checking alerts ===
No active alerts — skipping

Attaching package: 'xml2'

The following object is masked from 'package:httr2':

    url_parse

Using poppler version 23.08.0

Attaching package: 'dplyr'

The following objects are masked from 'package:stats':

    filter, lag

The following objects are masked from 'package:base':

    intersect, setdiff, setequal, union

Warning message:
package 'jsonlite' was built under R version 4.3.3 

Attaching package: 'purrr'

The following object is masked from 'package:jsonlite':

    flatten

[2026-06-13 08:25:59] [INFO] === Pipeline started ===
Active sessions: 24, 6, 3, 15, 4
[2026-06-13 08:26:01] [INFO] Sessions to scan: 3, 4, 6, 14, 15, 16, 17, 18, 19, 20, 21, 22, 23, 24, 25, 26, 27, 28, 29
Fetching session 3 agenda: https://www.psp.cz/schuze/10/3
Found 2 bills in session 3
Fetching session 4 agenda: https://www.psp.cz/schuze/10/4
No tisk links found in session 4
Fetching session 6 agenda: https://www.psp.cz/schuze/10/6
Found 3 bills in session 6
Fetching session 14 agenda: https://www.psp.cz/schuze/10/14
Found 88 bills in session 14
Fetching session 15 agenda: https://www.psp.cz/schuze/10/15
No tisk links found in session 15
Fetching session 16 agenda: https://www.psp.cz/schuze/10/16
Found 98 bills in session 16
Fetching session 17 agenda: https://www.psp.cz/schuze/10/17
Found 4 bills in session 17
Fetching session 18 agenda: https://www.psp.cz/schuze/10/18
No tisk links found in session 18
Fetching session 19 agenda: https://www.psp.cz/schuze/10/19
Found 2 bills in session 19
Fetching session 20 agenda: https://www.psp.cz/schuze/10/20
Found 111 bills in session 20
Fetching session 21 agenda: https://www.psp.cz/schuze/10/21
Found 3 bills in session 21
Fetching session 22 agenda: https://www.psp.cz/schuze/10/22
No tisk links found in session 22
Fetching session 23 agenda: https://www.psp.cz/schuze/10/23
Found 1 bills in session 23
Fetching session 24 agenda: https://www.psp.cz/schuze/10/24
Found 124 bills in session 24
Fetching session 25 agenda: https://www.psp.cz/schuze/10/25
No tisk links found in session 25
Fetching session 26 agenda: https://www.psp.cz/schuze/10/26
No tisk links found in session 26
Fetching session 27 agenda: https://www.psp.cz/schuze/10/27
No tisk links found in session 27
Fetching session 28 agenda: https://www.psp.cz/schuze/10/28
No tisk links found in session 28
Fetching session 29 agenda: https://www.psp.cz/schuze/10/29
No tisk links found in session 29
[2026-06-13 08:26:15] [INFO] Bills found: 436 across 19 sessions
Fetching VeKLEP PIDs from PSP for 436 bills...
  Tisk 17 → KORNDLZJTJLGNávrh státního rozpočtu vrácen (usnesení č. 46).
  Tisk 25 → ALBSDN3J9K06Zákon vyhlášen 29. 12. 2025 ve  Sbírce zákonů v částce 583 pod číslem 583/2025 Sb.
  Tisk 76 → ALBSDPVEF33BNA
  Tisk 77 → ALBSDPVEP9GEDalší projednávání možné od 6. 5. 2026.
  Tisk 72 → ALBSDPHHG9IEDalší projednávání možné od 13. 6. 2026
  Tisk 163 → KORNDT4CKC7AZákon vyhlášen 13. 5. 2026 ve  Sbírce zákonů v částce 63 pod číslem 63/2026 Sb.
  Tisk 78 → ALBSDQG99B8PZákon vyhlášen 12. 5. 2026 ve  Sbírce zákonů v částce 59 pod číslem 59/2026 Sb.
  Tisk 13 → KORNDGFD743IPoslanecká sněmovna postoupila  dne 9. 6. 2026 návrh zákona Senátu jako tisk 252, dokument 252/0.OOrganizační výbor  dne 9. 6.
  Tisk 90 → KORNDQGFVQKIPoslanecká sněmovna postoupila  dne 26. 5. 2026 návrh zákona Senátu jako tisk 246, dokument 246/0.OOrganizační výbor  dne 27. 5.
  Tisk 48 → KORNDMGGSV4SDalší projednávání možné od 10. 4. 2026.
  Tisk 119 → ALBSDRUD7WINPoslanecká sněmovna postoupila  dne 9. 6. 2026 návrh zákona Senátu jako tisk 251, dokument 251/0.OOrganizační výbor  dne 9. 6.
  Tisk 76 → ALBSDPVEF33BNA
  Tisk 77 → ALBSDPVEP9GEDalší projednávání možné od 6. 5. 2026.
  Tisk 82 → ALBSDPLDDVNJPoslanecká sněmovna postoupila  dne 11. 6. 2026 návrh zákona Senátu jako tisk 253, dokument 253/0.
  Tisk 144 → KORNDQ6FEQB9Další projednávání možné od 15. 6. 2026.
  Tisk 115 → ALBSDRMDTWS7Další projednávání možné od 21. 6. 2026.
  Tisk 116 → ALBSDRMDPM3TDalší projednávání možné od 22. 6. 2026.
  Tisk 124 → KORNDS5JEWJOZákon vyhlášen 10. 6. 2026 ve  Sbírce zákonů v částce 93 pod číslem 93/2026 Sb.
  Tisk 125 → ALBSDS9BKZY8Zákon vyhlášen 10. 6. 2026 ve  Sbírce zákonů v částce 92 pod číslem 92/2026 Sb.
  Tisk 35 → ALBSDNR9BUS5Další projednávání možné od 27. 12. 2025.
  Tisk 10 → KORNDDSCZ27KDalší projednávání možné od 16. 11. 2025.
  Tisk 14 → KORNDERB9DSRDalší projednávání možné od 18. 11. 2025.
  Tisk 58 → KORNDNADQS6XDalší projednávání možné od 21. 12. 2025.
  Tisk 61 → ALBSDKJBFFMKDalší projednávání možné od 23. 12. 2025.
  Tisk 68 → KORNDJ6J9HOONA
  Tisk 98 → KORNDQAN5F2PDalší projednávání možné od 16. 2. 2026.
  Tisk 101 → ALBSDQWLF9TSDalší projednávání možné od 21. 2. 2026.
  Tisk 102 → ALBSDQWLF8E9Další projednávání možné od 21. 2. 2026.
  Tisk 111 → KORNDJZJHQ1EDalší projednávání možné od 27. 2. 2026.
  Tisk 114 → KORNDQBASCLTDalší projednávání možné od 1. 3. 2026.
  Tisk 143 → KORNDMUGLUEKDalší projednávání možné od 5. 4. 2026.
  Tisk 145 → KORNDDVFVG8BDalší projednávání možné od 24. 5. 2026.
  Tisk 153 → KORNDR9CY314Další projednávání možné od 13. 4. 2026.
  Tisk 154 → ALBSDHZA32NVDalší projednávání možné od 13. 4. 2026.
  Tisk 4 → ALBSDNCAQ38LDalší projednávání možné od 15. 12. 2025.
  Tisk 5 → ALBSDNCA86EGDalší projednávání možné od 14. 12. 2025.
  Tisk 6 → ALBSDNCA2EN4Další projednávání možné od 14. 12. 2025.
  Tisk 7 → ALBSDNC9VFOIDalší projednávání možné od 14. 12. 2025.
  Tisk 12 → ALBSDNCAZ9DMDalší projednávání možné od 15. 12. 2025.
  Tisk 15 → KORNDNEEWWBRDalší projednávání možné od 23. 12. 2025.
  Tisk 24 → ALBSDNKACN8ADalší projednávání možné od 22. 12. 2025.
  Tisk 28 → ALBSDNKKC8I6Další projednávání možné od 22. 12. 2025.
  Tisk 40 → ALBSDNUHZ9BUDalší projednávání možné od 2. 1. 2026.
  Tisk 42 → ALBSDNUHUHYUDalší projednávání možné od 2. 1. 2026.
  Tisk 49 → KORNDP6FALEBDalší projednávání možné od 2. 1. 2026.
  Tisk 50 → ALBSDQK9WKJDDalší projednávání možné od 27. 2. 2026.
  Tisk 59 → ALBSDPECPS4ODalší projednávání možné od 23. 1. 2026.
  Tisk 71 → ALBSDPHMFNE2Další projednávání možné od 23. 1. 2026.
  Tisk 73 → ALBSDPUA7225Další projednávání možné od 30. 1. 2026.
  Tisk 74 → ALBSDQDACPI1Další projednávání možné od 20. 2. 2026.
  Tisk 75 → ALBSDQKA3C4NDalší projednávání možné od 27. 2. 2026.
  Tisk 86 → ALBSDQRAN8WQDalší projednávání možné od 7. 3. 2026.
  Tisk 89 → ALBSDQTF86PLDalší projednávání možné od 7. 3. 2026.
  Tisk 99 → ALBSDR79R7BRDalší projednávání možné od 14. 3. 2026.
  Tisk 100 → ALBSDR79V57IDalší projednávání možné od 13. 3. 2026.
  Tisk 103 → ALBSDR99RFB1Další projednávání možné od 20. 3. 2026.
  Tisk 104 → ALBSDR99UHLJDalší projednávání možné od 20. 3. 2026.
  Tisk 106 → ALBSDRDBL9NPDalší projednávání možné od 20. 3. 2026.
  Tisk 107 → ALBSDRV99BCDDalší projednávání možné od 10. 4. 2026.
  Tisk 109 → ALBSDRDGW9D3Další projednávání možné od 29. 3. 2026.
  Tisk 110 → ALBSDRDGYVNRDalší projednávání možné od 29. 3. 2026.
  Tisk 112 → ALBSDRFJN7UGDalší projednávání možné od 29. 3. 2026.
  Tisk 120 → ALBSDRVHV79QDalší projednávání možné od 11. 4. 2026.
  Tisk 121 → ALBSDRV9DCVCDalší projednávání možné od 10. 4. 2026.
  Tisk 129 → KORNDS5AS75TDalší projednávání možné od 10. 4. 2026.
  Tisk 130 → KORNDS5FFX14Další projednávání možné od 12. 4. 2026.
  Tisk 131 → KORNDS5FLZJKZákon vyhlášen 26. 5. 2026 ve  Sbírce zákonů v částce 70 pod číslem 70/2026 Sb.
  Tisk 132 → KORNDS5AUEX1Další projednávání možné od 11. 4. 2026.
  Tisk 16 → KORNDFBH6CTHDalší projednávání možné od 24. 4. 2026.
  Tisk 83 → KORNDK9DFTG2Další projednávání možné od 12. 4. 2026.
  Tisk 113 → ALBSDDEJ5C5NDalší projednávání možné od 25. 4. 2026.
  Tisk 47 → KORNDP6EMCP8Další projednávání možné od 13. 6. 2026
  Tisk 72 → ALBSDPHHG9IEDalší projednávání možné od 13. 6. 2026
  Tisk 124 → KORNDS5JEWJOZákon vyhlášen 10. 6. 2026 ve  Sbírce zákonů v částce 93 pod číslem 93/2026 Sb.
  Tisk 125 → ALBSDS9BKZY8Zákon vyhlášen 10. 6. 2026 ve  Sbírce zákonů v částce 92 pod číslem 92/2026 Sb.
  Tisk 10 → KORNDDSCZ27KDalší projednávání možné od 16. 11. 2025.
  Tisk 14 → KORNDERB9DSRDalší projednávání možné od 18. 11. 2025.
  Tisk 58 → KORNDNADQS6XDalší projednávání možné od 21. 12. 2025.
  Tisk 61 → ALBSDKJBFFMKDalší projednávání možné od 23. 12. 2025.
  Tisk 98 → KORNDQAN5F2PDalší projednávání možné od 16. 2. 2026.
  Tisk 101 → ALBSDQWLF9TSDalší projednávání možné od 21. 2. 2026.
  Tisk 102 → ALBSDQWLF8E9Další projednávání možné od 21. 2. 2026.
  Tisk 111 → KORNDJZJHQ1EDalší projednávání možné od 27. 2. 2026.
  Tisk 114 → KORNDQBASCLTDalší projednávání možné od 1. 3. 2026.
  Tisk 143 → KORNDMUGLUEKDalší projednávání možné od 5. 4. 2026.
  Tisk 153 → KORNDR9CY314Další projednávání možné od 13. 4. 2026.
  Tisk 154 → ALBSDHZA32NVDalší projednávání možné od 13. 4. 2026.
  Tisk 162 → ALBSDLNEPCL2Další projednávání možné od 24. 4. 2026.
  Tisk 172 → KORNDRVB6L2LDalší projednávání možné od 2. 5. 2026.
  Tisk 4 → ALBSDNCAQ38LDalší projednávání možné od 15. 12. 2025.
  Tisk 5 → ALBSDNCA86EGDalší projednávání možné od 14. 12. 2025.
  Tisk 6 → ALBSDNCA2EN4Další projednávání možné od 14. 12. 2025.
  Tisk 7 → ALBSDNC9VFOIDalší projednávání možné od 14. 12. 2025.
  Tisk 12 → ALBSDNCAZ9DMDalší projednávání možné od 15. 12. 2025.
  Tisk 15 → KORNDNEEWWBRDalší projednávání možné od 23. 12. 2025.
  Tisk 24 → ALBSDNKACN8ADalší projednávání možné od 22. 12. 2025.
  Tisk 28 → ALBSDNKKC8I6Další projednávání možné od 22. 12. 2025.
  Tisk 35 → ALBSDNR9BUS5Další projednávání možné od 27. 12. 2025.
  Tisk 40 → ALBSDNUHZ9BUDalší projednávání možné od 2. 1. 2026.
  Tisk 42 → ALBSDNUHUHYUDalší projednávání možné od 2. 1. 2026.
  Tisk 49 → KORNDP6FALEBDalší projednávání možné od 2. 1. 2026.
  Tisk 50 → ALBSDQK9WKJDDalší projednávání možné od 27. 2. 2026.
  Tisk 59 → ALBSDPECPS4ODalší projednávání možné od 23. 1. 2026.
  Tisk 71 → ALBSDPHMFNE2Další projednávání možné od 23. 1. 2026.
  Tisk 73 → ALBSDPUA7225Další projednávání možné od 30. 1. 2026.
  Tisk 74 → ALBSDQDACPI1Další projednávání možné od 20. 2. 2026.
  Tisk 75 → ALBSDQKA3C4NDalší projednávání možné od 27. 2. 2026.
  Tisk 86 → ALBSDQRAN8WQDalší projednávání možné od 7. 3. 2026.
  Tisk 89 → ALBSDQTF86PLDalší projednávání možné od 7. 3. 2026.
  Tisk 99 → ALBSDR79R7BRDalší projednávání možné od 14. 3. 2026.
  Tisk 100 → ALBSDR79V57IDalší projednávání možné od 13. 3. 2026.
  Tisk 103 → ALBSDR99RFB1Další projednávání možné od 20. 3. 2026.
  Tisk 104 → ALBSDR99UHLJDalší projednávání možné od 20. 3. 2026.
  Tisk 106 → ALBSDRDBL9NPDalší projednávání možné od 20. 3. 2026.
  Tisk 107 → ALBSDRV99BCDDalší projednávání možné od 10. 4. 2026.
  Tisk 109 → ALBSDRDGW9D3Další projednávání možné od 29. 3. 2026.
  Tisk 110 → ALBSDRDGYVNRDalší projednávání možné od 29. 3. 2026.
  Tisk 112 → ALBSDRFJN7UGDalší projednávání možné od 29. 3. 2026.
  Tisk 120 → ALBSDRVHV79QDalší projednávání možné od 11. 4. 2026.
  Tisk 121 → ALBSDRV9DCVCDalší projednávání možné od 10. 4. 2026.
  Tisk 129 → KORNDS5AS75TDalší projednávání možné od 10. 4. 2026.
  Tisk 130 → KORNDS5FFX14Další projednávání možné od 12. 4. 2026.
  Tisk 132 → KORNDS5AUEX1Další projednávání možné od 11. 4. 2026.
  Tisk 133 → ALBSDSB9VZPHDalší projednávání možné od 25. 4. 2026.
  Tisk 135 → ALBSDS8KFDG1Další projednávání možné od 24. 4. 2026.
  Tisk 138 → KORNDSCCGDN9Další projednávání možné od 24. 4. 2026.
  Tisk 140 → ALBSDSJ9YVTHDalší projednávání možné od 1. 5. 2026.
  Tisk 141 → ALBSDSJA7PG4Další projednávání možné od 1. 5. 2026.
  Tisk 146 → ALBSDSKBRR8BDalší projednávání možné od 2. 5. 2026.
  Tisk 167 → ALBSDT7A6K64Zákon vyhlášen 10. 6. 2026 ve  Sbírce zákonů v částce 91 pod číslem 91/2026 Sb.
  Tisk 13 → KORNDGFD743IPoslanecká sněmovna postoupila  dne 9. 6. 2026 návrh zákona Senátu jako tisk 252, dokument 252/0.OOrganizační výbor  dne 9. 6.
  Tisk 48 → KORNDMGGSV4SDalší projednávání možné od 10. 4. 2026.
  Tisk 82 → ALBSDPLDDVNJPoslanecká sněmovna postoupila  dne 11. 6. 2026 návrh zákona Senátu jako tisk 253, dokument 253/0.
  Tisk 90 → KORNDQGFVQKIPoslanecká sněmovna postoupila  dne 26. 5. 2026 návrh zákona Senátu jako tisk 246, dokument 246/0.OOrganizační výbor  dne 27. 5.
  Tisk 76 → ALBSDPVEF33BNA
  Tisk 77 → ALBSDPVEP9GEDalší projednávání možné od 6. 5. 2026.
  Tisk 119 → ALBSDRUD7WINPoslanecká sněmovna postoupila  dne 9. 6. 2026 návrh zákona Senátu jako tisk 251, dokument 251/0.OOrganizační výbor  dne 9. 6.
  Tisk 90 → KORNDQGFVQKIPoslanecká sněmovna postoupila  dne 26. 5. 2026 návrh zákona Senátu jako tisk 246, dokument 246/0.OOrganizační výbor  dne 27. 5.
  Tisk 82 → ALBSDPLDDVNJPoslanecká sněmovna postoupila  dne 11. 6. 2026 návrh zákona Senátu jako tisk 253, dokument 253/0.
  Tisk 47 → KORNDP6EMCP8Další projednávání možné od 13. 6. 2026
  Tisk 72 → ALBSDPHHG9IEDalší projednávání možné od 13. 6. 2026
  Tisk 124 → KORNDS5JEWJOZákon vyhlášen 10. 6. 2026 ve  Sbírce zákonů v částce 93 pod číslem 93/2026 Sb.
  Tisk 125 → ALBSDS9BKZY8Zákon vyhlášen 10. 6. 2026 ve  Sbírce zákonů v částce 92 pod číslem 92/2026 Sb.
  Tisk 57 → ALBSDNKBH74JSenát návrh vrátil sněmovně s pozměňovacími návrhy (usnesení č. 417).
  Tisk 11 → ALBSDNCATZU8Zákon vyhlášen 10. 6. 2026 ve  Sbírce zákonů v částce 90 pod číslem 90/2026 Sb.
  Tisk 67 → KORNDPDDEYDLNA
  Tisk 16 → KORNDFBH6CTHDalší projednávání možné od 24. 4. 2026.
  Tisk 46 → KORNDN6DDENDDalší projednávání možné od 24. 5. 2026.
  Tisk 52 → ALBSDMXGX7YNDalší projednávání možné od 25. 5. 2026.
  Tisk 53 → KORNDMXE7T3YDalší projednávání možné od 25. 5. 2026.
  Tisk 55 → KORNDNJJF6N2Další projednávání možné od 25. 5. 2026.
  Tisk 56 → KORNDNJJF7R7Další projednávání možné od 25. 5. 2026.
  Tisk 62 → KORNDKHF3VQGDalší projednávání možné od 25. 5. 2026.
  Tisk 83 → KORNDK9DFTG2Další projednávání možné od 12. 4. 2026.
  Tisk 113 → ALBSDDEJ5C5NDalší projednávání možné od 25. 4. 2026.
  Tisk 145 → KORNDDVFVG8BDalší projednávání možné od 24. 5. 2026.
  Tisk 72 → ALBSDPHHG9IEDalší projednávání možné od 13. 6. 2026
  Tisk 14 → KORNDERB9DSRDalší projednávání možné od 18. 11. 2025.
  Tisk 58 → KORNDNADQS6XDalší projednávání možné od 21. 12. 2025.
  Tisk 10 → KORNDDSCZ27KDalší projednávání možné od 16. 11. 2025.
  Tisk 61 → ALBSDKJBFFMKDalší projednávání možné od 23. 12. 2025.
  Tisk 98 → KORNDQAN5F2PDalší projednávání možné od 16. 2. 2026.
  Tisk 101 → ALBSDQWLF9TSDalší projednávání možné od 21. 2. 2026.
  Tisk 102 → ALBSDQWLF8E9Další projednávání možné od 21. 2. 2026.
  Tisk 111 → KORNDJZJHQ1EDalší projednávání možné od 27. 2. 2026.
  Tisk 114 → KORNDQBASCLTDalší projednávání možné od 1. 3. 2026.
  Tisk 143 → KORNDMUGLUEKDalší projednávání možné od 5. 4. 2026.
  Tisk 153 → KORNDR9CY314Další projednávání možné od 13. 4. 2026.
  Tisk 154 → ALBSDHZA32NVDalší projednávání možné od 13. 4. 2026.
  Tisk 162 → ALBSDLNEPCL2Další projednávání možné od 24. 4. 2026.
  Tisk 172 → KORNDRVB6L2LDalší projednávání možné od 2. 5. 2026.
  Tisk 189 → KORNDRFM95MGDalší projednávání možné od 4. 7. 2026.
  Tisk 192 → KORNDS2LAKNRDalší projednávání možné od 24. 5. 2026.
  Tisk 4 → ALBSDNCAQ38LDalší projednávání možné od 15. 12. 2025.
  Tisk 5 → ALBSDNCA86EGDalší projednávání možné od 14. 12. 2025.
  Tisk 6 → ALBSDNCA2EN4Další projednávání možné od 14. 12. 2025.
  Tisk 7 → ALBSDNC9VFOIDalší projednávání možné od 14. 12. 2025.
  Tisk 12 → ALBSDNCAZ9DMDalší projednávání možné od 15. 12. 2025.
  Tisk 15 → KORNDNEEWWBRDalší projednávání možné od 23. 12. 2025.
  Tisk 24 → ALBSDNKACN8ADalší projednávání možné od 22. 12. 2025.
  Tisk 28 → ALBSDNKKC8I6Další projednávání možné od 22. 12. 2025.
  Tisk 35 → ALBSDNR9BUS5Další projednávání možné od 27. 12. 2025.
  Tisk 40 → ALBSDNUHZ9BUDalší projednávání možné od 2. 1. 2026.
  Tisk 42 → ALBSDNUHUHYUDalší projednávání možné od 2. 1. 2026.
  Tisk 49 → KORNDP6FALEBDalší projednávání možné od 2. 1. 2026.
  Tisk 50 → ALBSDQK9WKJDDalší projednávání možné od 27. 2. 2026.
  Tisk 59 → ALBSDPECPS4ODalší projednávání možné od 23. 1. 2026.
  Tisk 71 → ALBSDPHMFNE2Další projednávání možné od 23. 1. 2026.
  Tisk 73 → ALBSDPUA7225Další projednávání možné od 30. 1. 2026.
  Tisk 74 → ALBSDQDACPI1Další projednávání možné od 20. 2. 2026.
  Tisk 75 → ALBSDQKA3C4NDalší projednávání možné od 27. 2. 2026.
  Tisk 86 → ALBSDQRAN8WQDalší projednávání možné od 7. 3. 2026.
  Tisk 89 → ALBSDQTF86PLDalší projednávání možné od 7. 3. 2026.
  Tisk 99 → ALBSDR79R7BRDalší projednávání možné od 14. 3. 2026.
  Tisk 100 → ALBSDR79V57IDalší projednávání možné od 13. 3. 2026.
  Tisk 103 → ALBSDR99RFB1Další projednávání možné od 20. 3. 2026.
  Tisk 104 → ALBSDR99UHLJDalší projednávání možné od 20. 3. 2026.
  Tisk 106 → ALBSDRDBL9NPDalší projednávání možné od 20. 3. 2026.
  Tisk 107 → ALBSDRV99BCDDalší projednávání možné od 10. 4. 2026.
  Tisk 109 → ALBSDRDGW9D3Další projednávání možné od 29. 3. 2026.
  Tisk 110 → ALBSDRDGYVNRDalší projednávání možné od 29. 3. 2026.
  Tisk 112 → ALBSDRFJN7UGDalší projednávání možné od 29. 3. 2026.
  Tisk 120 → ALBSDRVHV79QDalší projednávání možné od 11. 4. 2026.
  Tisk 121 → ALBSDRV9DCVCDalší projednávání možné od 10. 4. 2026.
  Tisk 129 → KORNDS5AS75TDalší projednávání možné od 10. 4. 2026.
  Tisk 130 → KORNDS5FFX14Další projednávání možné od 12. 4. 2026.
  Tisk 132 → KORNDS5AUEX1Další projednávání možné od 11. 4. 2026.
  Tisk 133 → ALBSDSB9VZPHDalší projednávání možné od 25. 4. 2026.
  Tisk 135 → ALBSDS8KFDG1Další projednávání možné od 24. 4. 2026.
  Tisk 138 → KORNDSCCGDN9Další projednávání možné od 24. 4. 2026.
  Tisk 140 → ALBSDSJ9YVTHDalší projednávání možné od 1. 5. 2026.
  Tisk 141 → ALBSDSJA7PG4Další projednávání možné od 1. 5. 2026.
  Tisk 146 → ALBSDSKBRR8BDalší projednávání možné od 2. 5. 2026.
  Tisk 161 → ALBSDSZGD2I7Další projednávání možné od 15. 5. 2026.
  Tisk 168 → KORNDT8EKD5ADalší projednávání možné od 23. 5. 2026.
  Tisk 173 → ALBSDTLBDM98Další projednávání možné od 16. 5. 2026.
  Tisk 174 → ALBSDTLBJ4Q7Další projednávání možné od 16. 5. 2026.
  Tisk 119 → ALBSDRUD7WINPoslanecká sněmovna postoupila  dne 9. 6. 2026 návrh zákona Senátu jako tisk 251, dokument 251/0.OOrganizační výbor  dne 9. 6.
  Tisk 13 → KORNDGFD743IPoslanecká sněmovna postoupila  dne 9. 6. 2026 návrh zákona Senátu jako tisk 252, dokument 252/0.OOrganizační výbor  dne 9. 6.
  Tisk 48 → KORNDMGGSV4SDalší projednávání možné od 10. 4. 2026.
  Tisk 76 → ALBSDPVEF33BNA
  Tisk 77 → ALBSDPVEP9GEDalší projednávání možné od 6. 5. 2026.
  Tisk 82 → ALBSDPLDDVNJPoslanecká sněmovna postoupila  dne 11. 6. 2026 návrh zákona Senátu jako tisk 253, dokument 253/0.
  Tisk 198 → ALBSDRZHK5X1Další projednávání možné od 28. 6. 2026.
  Tisk 190 → ALBSDTZDW2VMPoslanecká sněmovna postoupila  dne 9. 6. 2026 návrh zákona Senátu jako tisk 250, dokument 250/0.OOrganizační výbor  dne 9. 6.
  Tisk 187 → ALBSDTUDB51ADalší projednávání možné od 3. 7. 2026.
  Tisk 67 → KORNDPDDEYDLNA
  Tisk 16 → KORNDFBH6CTHDalší projednávání možné od 24. 4. 2026.
  Tisk 46 → KORNDN6DDENDDalší projednávání možné od 24. 5. 2026.
  Tisk 48 → KORNDMGGSV4SDalší projednávání možné od 10. 4. 2026.
  Tisk 52 → ALBSDMXGX7YNDalší projednávání možné od 25. 5. 2026.
  Tisk 53 → KORNDMXE7T3YDalší projednávání možné od 25. 5. 2026.
  Tisk 55 → KORNDNJJF6N2Další projednávání možné od 25. 5. 2026.
  Tisk 56 → KORNDNJJF7R7Další projednávání možné od 25. 5. 2026.
  Tisk 62 → KORNDKHF3VQGDalší projednávání možné od 25. 5. 2026.
  Tisk 69 → KORNDN5B8461Další projednávání možné od 10. 5. 2026.
  Tisk 83 → KORNDK9DFTG2Další projednávání možné od 12. 4. 2026.
  Tisk 113 → ALBSDDEJ5C5NDalší projednávání možné od 25. 4. 2026.
  Tisk 144 → KORNDQ6FEQB9Další projednávání možné od 15. 6. 2026.
  Tisk 145 → KORNDDVFVG8BDalší projednávání možné od 24. 5. 2026.
  Tisk 67 → KORNDPDDEYDLNA
  Tisk 115 → ALBSDRMDTWS7Další projednávání možné od 21. 6. 2026.
  Tisk 116 → ALBSDRMDPM3TDalší projednávání možné od 22. 6. 2026.
  Tisk 10 → KORNDDSCZ27KDalší projednávání možné od 16. 11. 2025.
  Tisk 14 → KORNDERB9DSRDalší projednávání možné od 18. 11. 2025.
  Tisk 58 → KORNDNADQS6XDalší projednávání možné od 21. 12. 2025.
  Tisk 61 → ALBSDKJBFFMKDalší projednávání možné od 23. 12. 2025.
  Tisk 98 → KORNDQAN5F2PDalší projednávání možné od 16. 2. 2026.
  Tisk 101 → ALBSDQWLF9TSDalší projednávání možné od 21. 2. 2026.
  Tisk 102 → ALBSDQWLF8E9Další projednávání možné od 21. 2. 2026.
  Tisk 111 → KORNDJZJHQ1EDalší projednávání možné od 27. 2. 2026.
  Tisk 114 → KORNDQBASCLTDalší projednávání možné od 1. 3. 2026.
  Tisk 143 → KORNDMUGLUEKDalší projednávání možné od 5. 4. 2026.
  Tisk 153 → KORNDR9CY314Další projednávání možné od 13. 4. 2026.
  Tisk 154 → ALBSDHZA32NVDalší projednávání možné od 13. 4. 2026.
  Tisk 162 → ALBSDLNEPCL2Další projednávání možné od 24. 4. 2026.
  Tisk 172 → KORNDRVB6L2LDalší projednávání možné od 2. 5. 2026.
  Tisk 192 → KORNDS2LAKNRDalší projednávání možné od 24. 5. 2026.
  Tisk 196 → KORNDPMD76PZDalší projednávání možné od 26. 5. 2026.
  Tisk 199 → KORNDLS9CWIWDalší projednávání možné od 2. 6. 2026.
  Tisk 207 → KORNDLMBS4FBDalší projednávání možné od 8. 6. 2026.
  Tisk 210 → KORNDTST2VI7Další projednávání možné od 12. 6. 2026.
  Tisk 213 → KORNDU7AL36HDalší projednávání možné od 14. 6. 2026.
  Tisk 218 → KORNDS2HT779Další projednávání možné od 16. 6. 2026.
  Tisk 219 → ALBSDCQH22PEDalší projednávání možné od 16. 6. 2026.
  Tisk 222 → ALBSDMJFC24NDalší projednávání možné od 22. 6. 2026.
  Tisk 4 → ALBSDNCAQ38LDalší projednávání možné od 15. 12. 2025.
  Tisk 5 → ALBSDNCA86EGDalší projednávání možné od 14. 12. 2025.
  Tisk 6 → ALBSDNCA2EN4Další projednávání možné od 14. 12. 2025.
  Tisk 7 → ALBSDNC9VFOIDalší projednávání možné od 14. 12. 2025.
  Tisk 12 → ALBSDNCAZ9DMDalší projednávání možné od 15. 12. 2025.
  Tisk 15 → KORNDNEEWWBRDalší projednávání možné od 23. 12. 2025.
  Tisk 24 → ALBSDNKACN8ADalší projednávání možné od 22. 12. 2025.
  Tisk 28 → ALBSDNKKC8I6Další projednávání možné od 22. 12. 2025.
  Tisk 35 → ALBSDNR9BUS5Další projednávání možné od 27. 12. 2025.
  Tisk 40 → ALBSDNUHZ9BUDalší projednávání možné od 2. 1. 2026.
  Tisk 42 → ALBSDNUHUHYUDalší projednávání možné od 2. 1. 2026.
  Tisk 49 → KORNDP6FALEBDalší projednávání možné od 2. 1. 2026.
  Tisk 50 → ALBSDQK9WKJDDalší projednávání možné od 27. 2. 2026.
  Tisk 59 → ALBSDPECPS4ODalší projednávání možné od 23. 1. 2026.
  Tisk 71 → ALBSDPHMFNE2Další projednávání možné od 23. 1. 2026.
  Tisk 73 → ALBSDPUA7225Další projednávání možné od 30. 1. 2026.
  Tisk 74 → ALBSDQDACPI1Další projednávání možné od 20. 2. 2026.
  Tisk 75 → ALBSDQKA3C4NDalší projednávání možné od 27. 2. 2026.
  Tisk 86 → ALBSDQRAN8WQDalší projednávání možné od 7. 3. 2026.
  Tisk 89 → ALBSDQTF86PLDalší projednávání možné od 7. 3. 2026.
  Tisk 99 → ALBSDR79R7BRDalší projednávání možné od 14. 3. 2026.
  Tisk 100 → ALBSDR79V57IDalší projednávání možné od 13. 3. 2026.
  Tisk 103 → ALBSDR99RFB1Další projednávání možné od 20. 3. 2026.
  Tisk 104 → ALBSDR99UHLJDalší projednávání možné od 20. 3. 2026.
  Tisk 106 → ALBSDRDBL9NPDalší projednávání možné od 20. 3. 2026.
  Tisk 107 → ALBSDRV99BCDDalší projednávání možné od 10. 4. 2026.
  Tisk 109 → ALBSDRDGW9D3Další projednávání možné od 29. 3. 2026.
  Tisk 110 → ALBSDRDGYVNRDalší projednávání možné od 29. 3. 2026.
  Tisk 112 → ALBSDRFJN7UGDalší projednávání možné od 29. 3. 2026.
  Tisk 120 → ALBSDRVHV79QDalší projednávání možné od 11. 4. 2026.
  Tisk 121 → ALBSDRV9DCVCDalší projednávání možné od 10. 4. 2026.
  Tisk 129 → KORNDS5AS75TDalší projednávání možné od 10. 4. 2026.
  Tisk 130 → KORNDS5FFX14Další projednávání možné od 12. 4. 2026.
  Tisk 132 → KORNDS5AUEX1Další projednávání možné od 11. 4. 2026.
  Tisk 133 → ALBSDSB9VZPHDalší projednávání možné od 25. 4. 2026.
  Tisk 135 → ALBSDS8KFDG1Další projednávání možné od 24. 4. 2026.
  Tisk 138 → KORNDSCCGDN9Další projednávání možné od 24. 4. 2026.
  Tisk 140 → ALBSDSJ9YVTHDalší projednávání možné od 1. 5. 2026.
  Tisk 141 → ALBSDSJA7PG4Další projednávání možné od 1. 5. 2026.
  Tisk 146 → ALBSDSKBRR8BDalší projednávání možné od 2. 5. 2026.
  Tisk 161 → ALBSDSZGD2I7Další projednávání možné od 15. 5. 2026.
  Tisk 168 → KORNDT8EKD5ADalší projednávání možné od 23. 5. 2026.
  Tisk 171 → ALBSDTDAY5XADalší projednávání možné od 30. 5. 2026.
  Tisk 173 → ALBSDTLBDM98Další projednávání možné od 16. 5. 2026.
  Tisk 174 → ALBSDTLBJ4Q7Další projednávání možné od 16. 5. 2026.
  Tisk 181 → ALBSDTTHNE5IDalší projednávání možné od 13. 6. 2026.
  Tisk 186 → ALBSDTYB922FDalší projednávání možné od 13. 6. 2026.
  Tisk 193 → ALBSDU4DJ2KSDalší projednávání možné od 20. 6. 2026.
  Tisk 47 → KORNDP6EMCP8Další projednávání možné od 13. 6. 2026
  Tisk 72 → ALBSDPHHG9IEDalší projednávání možné od 13. 6. 2026
  Tisk 76 → ALBSDPVEF33BNA
  Tisk 77 → ALBSDPVEP9GEDalší projednávání možné od 6. 5. 2026.
Matched 110 of 436 bills
[2026-06-13 08:30:29] [INFO] Matched 110 unique bills to VeKLEP
NOTICE:  relation "bills" already exists, skipping

NOTICE:  relation "impacts" already exists, skipping

NOTICE:  relation "costs" already exists, skipping

NOTICE:  relation "benefits" already exists, skipping

NOTICE:  relation "idx_alerts_token" already exists, skipping

NOTICE:  relation "idx_alerts_active" already exists, skipping

NOTICE:  relation "alerts" already exists, skipping

NOTICE:  relation "idx_alerts_token" already exists, skipping

NOTICE:  relation "idx_alerts_active" already exists, skipping

NOTICE:  column "psp_status" of relation "bills" already exists, skipping

Database initialized
[2026-06-13 08:30:34] [INFO] [1/110] Tisk 17 → KORNDLZJTJLG
[2026-06-13 08:30:34] [ERROR]   Unexpected error: Lists must contain raw vectors or NULL
[2026-06-13 08:30:39] [INFO] [2/110] Tisk 25 → ALBSDN3J9K06
[2026-06-13 08:30:40] [ERROR]   Unexpected error: Lists must contain raw vectors or NULL
[2026-06-13 08:30:45] [INFO] [3/110] Tisk 76 → ALBSDPVEF33B
[2026-06-13 08:30:45] [ERROR]   Unexpected error: Lists must contain raw vectors or NULL
[2026-06-13 08:30:50] [INFO] [4/110] Tisk 77 → ALBSDPVEP9GE
[2026-06-13 08:30:50] [ERROR]   Unexpected error: Lists must contain raw vectors or NULL
[2026-06-13 08:30:55] [INFO] [5/110] Tisk 72 → ALBSDPHHG9IE
[2026-06-13 08:30:56] [ERROR]   Unexpected error: Lists must contain raw vectors or NULL
[2026-06-13 08:31:01] [INFO] [6/110] Tisk 163 → KORNDT4CKC7A
[2026-06-13 08:31:01] [ERROR]   Unexpected error: Lists must contain raw vectors or NULL
[2026-06-13 08:31:06] [INFO] [7/110] Tisk 78 → ALBSDQG99B8P
[2026-06-13 08:31:06] [ERROR]   Unexpected error: Lists must contain raw vectors or NULL
[2026-06-13 08:31:12] [INFO] [8/110] Tisk 13 → KORNDGFD743I
[2026-06-13 08:31:12] [ERROR]   Unexpected error: Lists must contain raw vectors or NULL
[2026-06-13 08:31:17] [INFO] [9/110] Tisk 90 → KORNDQGFVQKI
[2026-06-13 08:31:17] [ERROR]   Unexpected error: Lists must contain raw vectors or NULL
[2026-06-13 08:31:22] [INFO] [10/110] Tisk 48 → KORNDMGGSV4S
[2026-06-13 08:31:22] [ERROR]   Unexpected error: Lists must contain raw vectors or NULL
[2026-06-13 08:31:28] [INFO] [11/110] Tisk 119 → ALBSDRUD7WIN
[2026-06-13 08:31:28] [ERROR]   Unexpected error: Lists must contain raw vectors or NULL
[2026-06-13 08:31:33] [INFO] [12/110] Tisk 82 → ALBSDPLDDVNJ
[2026-06-13 08:31:33] [ERROR]   Unexpected error: Lists must contain raw vectors or NULL
[2026-06-13 08:31:38] [INFO] [13/110] Tisk 144 → KORNDQ6FEQB9
[2026-06-13 08:31:39] [ERROR]   Unexpected error: Lists must contain raw vectors or NULL
[2026-06-13 08:31:44] [INFO] [14/110] Tisk 115 → ALBSDRMDTWS7
[2026-06-13 08:31:44] [ERROR]   Unexpected error: Lists must contain raw vectors or NULL
[2026-06-13 08:31:49] [INFO] [15/110] Tisk 116 → ALBSDRMDPM3T
[2026-06-13 08:31:49] [ERROR]   Unexpected error: Lists must contain raw vectors or NULL
[2026-06-13 08:31:54] [INFO] [16/110] Tisk 124 → KORNDS5JEWJO
[2026-06-13 08:31:55] [ERROR]   Unexpected error: Lists must contain raw vectors or NULL
[2026-06-13 08:32:00] [INFO] [17/110] Tisk 125 → ALBSDS9BKZY8
[2026-06-13 08:32:00] [ERROR]   Unexpected error: Lists must contain raw vectors or NULL
[2026-06-13 08:32:05] [INFO] [18/110] Tisk 35 → ALBSDNR9BUS5
[2026-06-13 08:32:05] [ERROR]   Unexpected error: Lists must contain raw vectors or NULL
[2026-06-13 08:32:10] [INFO] [19/110] Tisk 10 → KORNDDSCZ27K
[2026-06-13 08:32:11] [ERROR]   Unexpected error: Lists must contain raw vectors or NULL
[2026-06-13 08:32:16] [INFO] [20/110] Tisk 14 → KORNDERB9DSR
[2026-06-13 08:32:16] [ERROR]   Unexpected error: Lists must contain raw vectors or NULL
[2026-06-13 08:32:21] [INFO] [21/110] Tisk 58 → KORNDNADQS6X
[2026-06-13 08:32:21] [ERROR]   Unexpected error: Lists must contain raw vectors or NULL
[2026-06-13 08:32:26] [INFO] [22/110] Tisk 61 → ALBSDKJBFFMK
[2026-06-13 08:32:26] [ERROR]   Unexpected error: Lists must contain raw vectors or NULL
[2026-06-13 08:32:31] [INFO] [23/110] Tisk 68 → KORNDJ6J9HOO
[2026-06-13 08:32:32] [ERROR]   Unexpected error: Lists must contain raw vectors or NULL
[2026-06-13 08:32:37] [INFO] [24/110] Tisk 98 → KORNDQAN5F2P
[2026-06-13 08:32:37] [ERROR]   Unexpected error: Lists must contain raw vectors or NULL
[2026-06-13 08:32:42] [INFO] [25/110] Tisk 101 → ALBSDQWLF9TS
[2026-06-13 08:32:42] [ERROR]   Unexpected error: Lists must contain raw vectors or NULL
[2026-06-13 08:32:47] [INFO] [26/110] Tisk 102 → ALBSDQWLF8E9
[2026-06-13 08:32:48] [ERROR]   Unexpected error: Lists must contain raw vectors or NULL
[2026-06-13 08:32:53] [INFO] [27/110] Tisk 111 → KORNDJZJHQ1E
[2026-06-13 08:32:53] [ERROR]   Unexpected error: Lists must contain raw vectors or NULL
[2026-06-13 08:32:58] [INFO] [28/110] Tisk 114 → KORNDQBASCLT
[2026-06-13 08:32:58] [ERROR]   Unexpected error: Lists must contain raw vectors or NULL
[2026-06-13 08:33:03] [INFO] [29/110] Tisk 143 → KORNDMUGLUEK
[2026-06-13 08:33:04] [ERROR]   Unexpected error: Lists must contain raw vectors or NULL
[2026-06-13 08:33:09] [INFO] [30/110] Tisk 145 → KORNDDVFVG8B
[2026-06-13 08:33:09] [ERROR]   Unexpected error: Lists must contain raw vectors or NULL
[2026-06-13 08:33:14] [INFO] [31/110] Tisk 153 → KORNDR9CY314
[2026-06-13 08:33:14] [ERROR]   Unexpected error: Lists must contain raw vectors or NULL
[2026-06-13 08:33:19] [INFO] [32/110] Tisk 154 → ALBSDHZA32NV
[2026-06-13 08:33:19] [ERROR]   Unexpected error: Lists must contain raw vectors or NULL
[2026-06-13 08:33:24] [INFO] [33/110] Tisk 4 → ALBSDNCAQ38L
[2026-06-13 08:33:25] [ERROR]   Unexpected error: Lists must contain raw vectors or NULL
[2026-06-13 08:33:30] [INFO] [34/110] Tisk 5 → ALBSDNCA86EG
[2026-06-13 08:33:30] [ERROR]   Unexpected error: Lists must contain raw vectors or NULL
[2026-06-13 08:33:35] [INFO] [35/110] Tisk 6 → ALBSDNCA2EN4
[2026-06-13 08:33:36] [ERROR]   Unexpected error: Lists must contain raw vectors or NULL
[2026-06-13 08:33:41] [INFO] [36/110] Tisk 7 → ALBSDNC9VFOI
[2026-06-13 08:33:41] [ERROR]   Unexpected error: Lists must contain raw vectors or NULL
[2026-06-13 08:33:46] [INFO] [37/110] Tisk 12 → ALBSDNCAZ9DM
[2026-06-13 08:33:47] [ERROR]   Unexpected error: Lists must contain raw vectors or NULL
[2026-06-13 08:33:52] [INFO] [38/110] Tisk 15 → KORNDNEEWWBR
[2026-06-13 08:33:52] [ERROR]   Unexpected error: Lists must contain raw vectors or NULL
[2026-06-13 08:33:57] [INFO] [39/110] Tisk 24 → ALBSDNKACN8A
[2026-06-13 08:33:58] [ERROR]   Unexpected error: Lists must contain raw vectors or NULL
[2026-06-13 08:34:03] [INFO] [40/110] Tisk 28 → ALBSDNKKC8I6
[2026-06-13 08:34:03] [ERROR]   Unexpected error: Lists must contain raw vectors or NULL
[2026-06-13 08:34:08] [INFO] [41/110] Tisk 40 → ALBSDNUHZ9BU
[2026-06-13 08:34:08] [ERROR]   Unexpected error: Lists must contain raw vectors or NULL
[2026-06-13 08:34:13] [INFO] [42/110] Tisk 42 → ALBSDNUHUHYU
[2026-06-13 08:34:13] [ERROR]   Unexpected error: Lists must contain raw vectors or NULL
[2026-06-13 08:34:19] [INFO] [43/110] Tisk 49 → KORNDP6FALEB
[2026-06-13 08:34:19] [ERROR]   Unexpected error: Lists must contain raw vectors or NULL
[2026-06-13 08:34:24] [INFO] [44/110] Tisk 50 → ALBSDQK9WKJD
[2026-06-13 08:34:24] [ERROR]   Unexpected error: Lists must contain raw vectors or NULL
[2026-06-13 08:34:29] [INFO] [45/110] Tisk 59 → ALBSDPECPS4O
[2026-06-13 08:34:29] [ERROR]   Unexpected error: Lists must contain raw vectors or NULL
[2026-06-13 08:34:34] [INFO] [46/110] Tisk 71 → ALBSDPHMFNE2
[2026-06-13 08:34:35] [ERROR]   Unexpected error: Lists must contain raw vectors or NULL
[2026-06-13 08:34:40] [INFO] [47/110] Tisk 73 → ALBSDPUA7225
[2026-06-13 08:34:40] [ERROR]   Unexpected error: Lists must contain raw vectors or NULL
[2026-06-13 08:34:45] [INFO] [48/110] Tisk 74 → ALBSDQDACPI1
[2026-06-13 08:34:45] [ERROR]   Unexpected error: Lists must contain raw vectors or NULL
[2026-06-13 08:34:50] [INFO] [49/110] Tisk 75 → ALBSDQKA3C4N
[2026-06-13 08:34:51] [ERROR]   Unexpected error: Lists must contain raw vectors or NULL
[2026-06-13 08:34:56] [INFO] [50/110] Tisk 86 → ALBSDQRAN8WQ
[2026-06-13 08:34:57] [ERROR]   Unexpected error: Lists must contain raw vectors or NULL
[2026-06-13 08:35:02] [INFO] [51/110] Tisk 89 → ALBSDQTF86PL
[2026-06-13 08:35:03] [ERROR]   Unexpected error: Lists must contain raw vectors or NULL
[2026-06-13 08:35:08] [INFO] [52/110] Tisk 99 → ALBSDR79R7BR
[2026-06-13 08:35:08] [ERROR]   Unexpected error: Lists must contain raw vectors or NULL
[2026-06-13 08:35:13] [INFO] [53/110] Tisk 100 → ALBSDR79V57I
[2026-06-13 08:35:14] [ERROR]   Unexpected error: Lists must contain raw vectors or NULL
[2026-06-13 08:35:19] [INFO] [54/110] Tisk 103 → ALBSDR99RFB1
[2026-06-13 08:35:19] [ERROR]   Unexpected error: Lists must contain raw vectors or NULL
[2026-06-13 08:35:24] [INFO] [55/110] Tisk 104 → ALBSDR99UHLJ
[2026-06-13 08:35:24] [ERROR]   Unexpected error: Lists must contain raw vectors or NULL
[2026-06-13 08:35:29] [INFO] [56/110] Tisk 106 → ALBSDRDBL9NP
[2026-06-13 08:35:30] [ERROR]   Unexpected error: Lists must contain raw vectors or NULL
[2026-06-13 08:35:35] [INFO] [57/110] Tisk 107 → ALBSDRV99BCD
[2026-06-13 08:35:35] [ERROR]   Unexpected error: Lists must contain raw vectors or NULL
[2026-06-13 08:35:40] [INFO] [58/110] Tisk 109 → ALBSDRDGW9D3
[2026-06-13 08:35:40] [ERROR]   Unexpected error: Lists must contain raw vectors or NULL
[2026-06-13 08:35:45] [INFO] [59/110] Tisk 110 → ALBSDRDGYVNR
[2026-06-13 08:35:46] [ERROR]   Unexpected error: Lists must contain raw vectors or NULL
[2026-06-13 08:35:51] [INFO] [60/110] Tisk 112 → ALBSDRFJN7UG
[2026-06-13 08:35:51] [ERROR]   Unexpected error: Lists must contain raw vectors or NULL
[2026-06-13 08:35:56] [INFO] [61/110] Tisk 120 → ALBSDRVHV79Q
[2026-06-13 08:35:56] [ERROR]   Unexpected error: Lists must contain raw vectors or NULL
[2026-06-13 08:36:01] [INFO] [62/110] Tisk 121 → ALBSDRV9DCVC
[2026-06-13 08:36:02] [ERROR]   Unexpected error: Lists must contain raw vectors or NULL
[2026-06-13 08:36:07] [INFO] [63/110] Tisk 129 → KORNDS5AS75T
[2026-06-13 08:36:07] [ERROR]   Unexpected error: Lists must contain raw vectors or NULL
[2026-06-13 08:36:12] [INFO] [64/110] Tisk 130 → KORNDS5FFX14
[2026-06-13 08:36:12] [ERROR]   Unexpected error: Lists must contain raw vectors or NULL
[2026-06-13 08:36:17] [INFO] [65/110] Tisk 131 → KORNDS5FLZJK
[2026-06-13 08:36:17] [ERROR]   Unexpected error: Lists must contain raw vectors or NULL
[2026-06-13 08:36:23] [INFO] [66/110] Tisk 132 → KORNDS5AUEX1
[2026-06-13 08:36:23] [ERROR]   Unexpected error: Lists must contain raw vectors or NULL
[2026-06-13 08:36:28] [INFO] [67/110] Tisk 16 → KORNDFBH6CTH
[2026-06-13 08:36:29] [ERROR]   Unexpected error: Lists must contain raw vectors or NULL
[2026-06-13 08:36:34] [INFO] [68/110] Tisk 83 → KORNDK9DFTG2
[2026-06-13 08:36:34] [ERROR]   Unexpected error: Lists must contain raw vectors or NULL
[2026-06-13 08:36:39] [INFO] [69/110] Tisk 113 → ALBSDDEJ5C5N
[2026-06-13 08:36:39] [ERROR]   Unexpected error: Lists must contain raw vectors or NULL
[2026-06-13 08:36:44] [INFO] [70/110] Tisk 47 → KORNDP6EMCP8
[2026-06-13 08:36:45] [ERROR]   Unexpected error: Lists must contain raw vectors or NULL
[2026-06-13 08:36:50] [INFO] [71/110] Tisk 162 → ALBSDLNEPCL2
[2026-06-13 08:36:50] [ERROR]   Unexpected error: Lists must contain raw vectors or NULL
[2026-06-13 08:36:55] [INFO] [72/110] Tisk 172 → KORNDRVB6L2L
[2026-06-13 08:36:55] [ERROR]   Unexpected error: Lists must contain raw vectors or NULL
[2026-06-13 08:37:00] [INFO] [73/110] Tisk 133 → ALBSDSB9VZPH
[2026-06-13 08:37:01] [ERROR]   Unexpected error: Lists must contain raw vectors or NULL
[2026-06-13 08:37:06] [INFO] [74/110] Tisk 135 → ALBSDS8KFDG1
[2026-06-13 08:37:06] [ERROR]   Unexpected error: Lists must contain raw vectors or NULL
[2026-06-13 08:37:11] [INFO] [75/110] Tisk 138 → KORNDSCCGDN9
[2026-06-13 08:37:11] [ERROR]   Unexpected error: Lists must contain raw vectors or NULL
[2026-06-13 08:37:16] [INFO] [76/110] Tisk 140 → ALBSDSJ9YVTH
[2026-06-13 08:37:17] [ERROR]   Unexpected error: Lists must contain raw vectors or NULL
[2026-06-13 08:37:22] [INFO] [77/110] Tisk 141 → ALBSDSJA7PG4
[2026-06-13 08:37:22] [ERROR]   Unexpected error: Lists must contain raw vectors or NULL
[2026-06-13 08:37:27] [INFO] [78/110] Tisk 146 → ALBSDSKBRR8B
[2026-06-13 08:37:27] [ERROR]   Unexpected error: Lists must contain raw vectors or NULL
[2026-06-13 08:37:32] [INFO] [79/110] Tisk 167 → ALBSDT7A6K64
[2026-06-13 08:37:33] [ERROR]   Unexpected error: Lists must contain raw vectors or NULL
[2026-06-13 08:37:38] [INFO] [80/110] Tisk 57 → ALBSDNKBH74J
[2026-06-13 08:37:38] [ERROR]   Unexpected error: Lists must contain raw vectors or NULL
[2026-06-13 08:37:43] [INFO] [81/110] Tisk 11 → ALBSDNCATZU8
[2026-06-13 08:37:43] [ERROR]   Unexpected error: Lists must contain raw vectors or NULL
[2026-06-13 08:37:48] [INFO] [82/110] Tisk 67 → KORNDPDDEYDL
[2026-06-13 08:37:49] [ERROR]   Unexpected error: Lists must contain raw vectors or NULL
[2026-06-13 08:37:54] [INFO] [83/110] Tisk 46 → KORNDN6DDEND
[2026-06-13 08:37:54] [ERROR]   Unexpected error: Lists must contain raw vectors or NULL
[2026-06-13 08:37:59] [INFO] [84/110] Tisk 52 → ALBSDMXGX7YN
[2026-06-13 08:37:59] [ERROR]   Unexpected error: Lists must contain raw vectors or NULL
[2026-06-13 08:38:04] [INFO] [85/110] Tisk 53 → KORNDMXE7T3Y
[2026-06-13 08:38:05] [ERROR]   Unexpected error: Lists must contain raw vectors or NULL
[2026-06-13 08:38:10] [INFO] [86/110] Tisk 55 → KORNDNJJF6N2
[2026-06-13 08:38:10] [ERROR]   Unexpected error: Lists must contain raw vectors or NULL
[2026-06-13 08:38:15] [INFO] [87/110] Tisk 56 → KORNDNJJF7R7
[2026-06-13 08:38:15] [ERROR]   Unexpected error: Lists must contain raw vectors or NULL
[2026-06-13 08:38:20] [INFO] [88/110] Tisk 62 → KORNDKHF3VQG
[2026-06-13 08:38:20] [ERROR]   Unexpected error: Lists must contain raw vectors or NULL
[2026-06-13 08:38:26] [INFO] [89/110] Tisk 189 → KORNDRFM95MG
[2026-06-13 08:38:26] [ERROR]   Unexpected error: Lists must contain raw vectors or NULL
[2026-06-13 08:38:31] [INFO] [90/110] Tisk 192 → KORNDS2LAKNR
[2026-06-13 08:38:31] [ERROR]   Unexpected error: Lists must contain raw vectors or NULL
[2026-06-13 08:38:36] [INFO] [91/110] Tisk 161 → ALBSDSZGD2I7
[2026-06-13 08:38:36] [ERROR]   Unexpected error: Lists must contain raw vectors or NULL
[2026-06-13 08:38:41] [INFO] [92/110] Tisk 168 → KORNDT8EKD5A
[2026-06-13 08:38:42] [ERROR]   Unexpected error: Lists must contain raw vectors or NULL
[2026-06-13 08:38:47] [INFO] [93/110] Tisk 173 → ALBSDTLBDM98
[2026-06-13 08:38:47] [ERROR]   Unexpected error: Lists must contain raw vectors or NULL
[2026-06-13 08:38:52] [INFO] [94/110] Tisk 174 → ALBSDTLBJ4Q7
[2026-06-13 08:38:52] [ERROR]   Unexpected error: Lists must contain raw vectors or NULL
[2026-06-13 08:38:57] [INFO] [95/110] Tisk 198 → ALBSDRZHK5X1
[2026-06-13 08:38:58] [ERROR]   Unexpected error: Lists must contain raw vectors or NULL
[2026-06-13 08:39:03] [INFO] [96/110] Tisk 190 → ALBSDTZDW2VM
[2026-06-13 08:39:03] [ERROR]   Unexpected error: Lists must contain raw vectors or NULL
[2026-06-13 08:39:08] [INFO] [97/110] Tisk 187 → ALBSDTUDB51A
[2026-06-13 08:39:08] [ERROR]   Unexpected error: Lists must contain raw vectors or NULL
[2026-06-13 08:39:13] [INFO] [98/110] Tisk 69 → KORNDN5B8461
[2026-06-13 08:39:14] [ERROR]   Unexpected error: Lists must contain raw vectors or NULL
[2026-06-13 08:39:19] [INFO] [99/110] Tisk 196 → KORNDPMD76PZ
[2026-06-13 08:39:19] [ERROR]   Unexpected error: Lists must contain raw vectors or NULL
[2026-06-13 08:39:24] [INFO] [100/110] Tisk 199 → KORNDLS9CWIW
[2026-06-13 08:39:24] [ERROR]   Unexpected error: Lists must contain raw vectors or NULL
[2026-06-13 08:39:29] [INFO] [101/110] Tisk 207 → KORNDLMBS4FB
[2026-06-13 08:39:30] [ERROR]   Unexpected error: Lists must contain raw vectors or NULL
[2026-06-13 08:39:35] [INFO] [102/110] Tisk 210 → KORNDTST2VI7
[2026-06-13 08:39:35] [ERROR]   Unexpected error: Lists must contain raw vectors or NULL
[2026-06-13 08:39:40] [INFO] [103/110] Tisk 213 → KORNDU7AL36H
[2026-06-13 08:39:40] [ERROR]   Unexpected error: Lists must contain raw vectors or NULL
[2026-06-13 08:39:45] [INFO] [104/110] Tisk 218 → KORNDS2HT779
[2026-06-13 08:39:45] [ERROR]   Unexpected error: Lists must contain raw vectors or NULL
[2026-06-13 08:39:50] [INFO] [105/110] Tisk 219 → ALBSDCQH22PE
[2026-06-13 08:39:51] [ERROR]   Unexpected error: Lists must contain raw vectors or NULL
[2026-06-13 08:39:56] [INFO] [106/110] Tisk 222 → ALBSDMJFC24N
[2026-06-13 08:39:56] [ERROR]   Unexpected error: Lists must contain raw vectors or NULL
[2026-06-13 08:40:01] [INFO] [107/110] Tisk 171 → ALBSDTDAY5XA
[2026-06-13 08:40:01] [ERROR]   Unexpected error: Lists must contain raw vectors or NULL
[2026-06-13 08:40:06] [INFO] [108/110] Tisk 181 → ALBSDTTHNE5I
[2026-06-13 08:40:07] [ERROR]   Unexpected error: Lists must contain raw vectors or NULL
[2026-06-13 08:40:12] [INFO] [109/110] Tisk 186 → ALBSDTYB922F
[2026-06-13 08:40:12] [ERROR]   Unexpected error: Lists must contain raw vectors or NULL
[2026-06-13 08:40:17] [INFO] [110/110] Tisk 193 → ALBSDU4DJ2KS
[2026-06-13 08:40:17] [ERROR]   Unexpected error: Lists must contain raw vectors or NULL
[2026-06-13 08:40:22] [INFO] Results — Success: 0 | Skipped: 0 | No document: 0 | Errors: 110
There were 50 or more warnings (use warnings() to see the first 50)
Trying: https://ria.vlada.cz/komise/jednani-v-roce-2026/
Found 1 sessions for 2026
Scraping session: https://ria.vlada.cz/komise/jednani-v-roce-2026/jednani-c-148-dne-30-ledna-2026/
Saved verdict B for KORNDMUGLUEK
Trying: https://ria.vlada.cz/komise/jednani-v-roce-2025/
Trying: https://ria.vlada.cz/komise/jednani-komise-ria-v-roce-2025/
Found 4 sessions for 2025
Scraping session: https://ria.vlada.cz/komise/jednani-komise-ria-v-roce-2025/jednani-c-142-dne-24-ledna-2025/
Scraping session: https://ria.vlada.cz/komise/jednani-komise-ria-v-roce-2025/jednani-c-143-dne-24-unora-2025/
Scraping session: https://ria.vlada.cz/komise/jednani-komise-ria-v-roce-2025/jednani-c-144-dne-7-dubna-2025/
Scraping session: https://ria.vlada.cz/komise/jednani-komise-ria-v-roce-2025/jednani-c-145-dne-8-srpna-2025/
Saved verdict B for KORNDDVFVG8B
Total Komise RIA verdicts matched: 2
=== Checking alerts ===
No active alerts — skipping

Attaching package: 'xml2'

The following object is masked from 'package:httr2':

    url_parse

Using poppler version 23.08.0

Attaching package: 'dplyr'

The following objects are masked from 'package:stats':

    filter, lag

The following objects are masked from 'package:base':

    intersect, setdiff, setequal, union

Warning message:
package 'jsonlite' was built under R version 4.3.3 

Attaching package: 'purrr'

The following object is masked from 'package:jsonlite':

    flatten

[2026-06-14 09:10:21] [INFO] === Pipeline started ===
Active sessions: 24, 6, 3, 15, 4
[2026-06-14 09:10:23] [INFO] Sessions to scan: 3, 4, 6, 14, 15, 16, 17, 18, 19, 20, 21, 22, 23, 24, 25, 26, 27, 28, 29
Fetching session 3 agenda: https://www.psp.cz/schuze/10/3
Found 2 bills in session 3
Fetching session 4 agenda: https://www.psp.cz/schuze/10/4
No tisk links found in session 4
Fetching session 6 agenda: https://www.psp.cz/schuze/10/6
Found 3 bills in session 6
Fetching session 14 agenda: https://www.psp.cz/schuze/10/14
Found 88 bills in session 14
Fetching session 15 agenda: https://www.psp.cz/schuze/10/15
No tisk links found in session 15
Fetching session 16 agenda: https://www.psp.cz/schuze/10/16
Found 98 bills in session 16
Fetching session 17 agenda: https://www.psp.cz/schuze/10/17
Found 4 bills in session 17
Fetching session 18 agenda: https://www.psp.cz/schuze/10/18
No tisk links found in session 18
Fetching session 19 agenda: https://www.psp.cz/schuze/10/19
Found 2 bills in session 19
Fetching session 20 agenda: https://www.psp.cz/schuze/10/20
Found 111 bills in session 20
Fetching session 21 agenda: https://www.psp.cz/schuze/10/21
Found 3 bills in session 21
Fetching session 22 agenda: https://www.psp.cz/schuze/10/22
No tisk links found in session 22
Fetching session 23 agenda: https://www.psp.cz/schuze/10/23
Found 1 bills in session 23
Fetching session 24 agenda: https://www.psp.cz/schuze/10/24
Found 124 bills in session 24
Fetching session 25 agenda: https://www.psp.cz/schuze/10/25
No tisk links found in session 25
Fetching session 26 agenda: https://www.psp.cz/schuze/10/26
No tisk links found in session 26
Fetching session 27 agenda: https://www.psp.cz/schuze/10/27
No tisk links found in session 27
Fetching session 28 agenda: https://www.psp.cz/schuze/10/28
No tisk links found in session 28
Fetching session 29 agenda: https://www.psp.cz/schuze/10/29
No tisk links found in session 29
[2026-06-14 09:10:34] [INFO] Bills found: 436 across 19 sessions
Fetching VeKLEP PIDs from PSP for 436 bills...
  Tisk 17 → KORNDLZJTJLGNávrh státního rozpočtu vrácen (usnesení č. 46).
  Tisk 25 → ALBSDN3J9K06Zákon vyhlášen 29. 12. 2025 ve  Sbírce zákonů v částce 583 pod číslem 583/2025 Sb.
  Tisk 76 → ALBSDPVEF33BNA
  Tisk 77 → ALBSDPVEP9GEDalší projednávání možné od 6. 5. 2026.
  Tisk 72 → ALBSDPHHG9IEDalší projednávání možné od 13. 6. 2026
  Tisk 163 → KORNDT4CKC7AZákon vyhlášen 13. 5. 2026 ve  Sbírce zákonů v částce 63 pod číslem 63/2026 Sb.
  Tisk 78 → ALBSDQG99B8PZákon vyhlášen 12. 5. 2026 ve  Sbírce zákonů v částce 59 pod číslem 59/2026 Sb.
  Tisk 13 → KORNDGFD743IPoslanecká sněmovna postoupila  dne 9. 6. 2026 návrh zákona Senátu jako tisk 252, dokument 252/0.OOrganizační výbor  dne 9. 6.
  Tisk 90 → KORNDQGFVQKIPoslanecká sněmovna postoupila  dne 26. 5. 2026 návrh zákona Senátu jako tisk 246, dokument 246/0.OOrganizační výbor  dne 27. 5.
  Tisk 48 → KORNDMGGSV4SDalší projednávání možné od 10. 4. 2026.
  Tisk 119 → ALBSDRUD7WINPoslanecká sněmovna postoupila  dne 9. 6. 2026 návrh zákona Senátu jako tisk 251, dokument 251/0.OOrganizační výbor  dne 9. 6.
  Tisk 76 → ALBSDPVEF33BNA
  Tisk 77 → ALBSDPVEP9GEDalší projednávání možné od 6. 5. 2026.
  Tisk 82 → ALBSDPLDDVNJPoslanecká sněmovna postoupila  dne 11. 6. 2026 návrh zákona Senátu jako tisk 253, dokument 253/0.
  Tisk 144 → KORNDQ6FEQB9Další projednávání možné od 15. 6. 2026.
  Tisk 115 → ALBSDRMDTWS7Další projednávání možné od 21. 6. 2026.
  Tisk 116 → ALBSDRMDPM3TDalší projednávání možné od 22. 6. 2026.
  Tisk 124 → KORNDS5JEWJOZákon vyhlášen 10. 6. 2026 ve  Sbírce zákonů v částce 93 pod číslem 93/2026 Sb.
  Tisk 125 → ALBSDS9BKZY8Zákon vyhlášen 10. 6. 2026 ve  Sbírce zákonů v částce 92 pod číslem 92/2026 Sb.
  Tisk 35 → ALBSDNR9BUS5Další projednávání možné od 27. 12. 2025.
  Tisk 10 → KORNDDSCZ27KDalší projednávání možné od 16. 11. 2025.
  Tisk 14 → KORNDERB9DSRDalší projednávání možné od 18. 11. 2025.
  Tisk 58 → KORNDNADQS6XDalší projednávání možné od 21. 12. 2025.
  Tisk 61 → ALBSDKJBFFMKDalší projednávání možné od 23. 12. 2025.
  Tisk 68 → KORNDJ6J9HOONA
  Tisk 98 → KORNDQAN5F2PDalší projednávání možné od 16. 2. 2026.
  Tisk 101 → ALBSDQWLF9TSDalší projednávání možné od 21. 2. 2026.
  Tisk 102 → ALBSDQWLF8E9Další projednávání možné od 21. 2. 2026.
  Tisk 111 → KORNDJZJHQ1EDalší projednávání možné od 27. 2. 2026.
  Tisk 114 → KORNDQBASCLTDalší projednávání možné od 1. 3. 2026.
  Tisk 143 → KORNDMUGLUEKDalší projednávání možné od 5. 4. 2026.
  Tisk 145 → KORNDDVFVG8BDalší projednávání možné od 24. 5. 2026.
  Tisk 153 → KORNDR9CY314Další projednávání možné od 13. 4. 2026.
  Tisk 154 → ALBSDHZA32NVDalší projednávání možné od 13. 4. 2026.
  Tisk 4 → ALBSDNCAQ38LDalší projednávání možné od 15. 12. 2025.
  Tisk 5 → ALBSDNCA86EGDalší projednávání možné od 14. 12. 2025.
  Tisk 6 → ALBSDNCA2EN4Další projednávání možné od 14. 12. 2025.
  Tisk 7 → ALBSDNC9VFOIDalší projednávání možné od 14. 12. 2025.
  Tisk 12 → ALBSDNCAZ9DMDalší projednávání možné od 15. 12. 2025.
  Tisk 15 → KORNDNEEWWBRDalší projednávání možné od 23. 12. 2025.
  Tisk 24 → ALBSDNKACN8ADalší projednávání možné od 22. 12. 2025.
  Tisk 28 → ALBSDNKKC8I6Další projednávání možné od 22. 12. 2025.
  Tisk 40 → ALBSDNUHZ9BUDalší projednávání možné od 2. 1. 2026.
  Tisk 42 → ALBSDNUHUHYUDalší projednávání možné od 2. 1. 2026.
  Tisk 49 → KORNDP6FALEBDalší projednávání možné od 2. 1. 2026.
  Tisk 50 → ALBSDQK9WKJDDalší projednávání možné od 27. 2. 2026.
  Tisk 59 → ALBSDPECPS4ODalší projednávání možné od 23. 1. 2026.
  Tisk 71 → ALBSDPHMFNE2Další projednávání možné od 23. 1. 2026.
  Tisk 73 → ALBSDPUA7225Další projednávání možné od 30. 1. 2026.
  Tisk 74 → ALBSDQDACPI1Další projednávání možné od 20. 2. 2026.
  Tisk 75 → ALBSDQKA3C4NDalší projednávání možné od 27. 2. 2026.
  Tisk 86 → ALBSDQRAN8WQDalší projednávání možné od 7. 3. 2026.
  Tisk 89 → ALBSDQTF86PLDalší projednávání možné od 7. 3. 2026.
  Tisk 99 → ALBSDR79R7BRDalší projednávání možné od 14. 3. 2026.
  Tisk 100 → ALBSDR79V57IDalší projednávání možné od 13. 3. 2026.
  Tisk 103 → ALBSDR99RFB1Další projednávání možné od 20. 3. 2026.
  Tisk 104 → ALBSDR99UHLJDalší projednávání možné od 20. 3. 2026.
  Tisk 106 → ALBSDRDBL9NPDalší projednávání možné od 20. 3. 2026.
  Tisk 107 → ALBSDRV99BCDDalší projednávání možné od 10. 4. 2026.
  Tisk 109 → ALBSDRDGW9D3Další projednávání možné od 29. 3. 2026.
  Tisk 110 → ALBSDRDGYVNRDalší projednávání možné od 29. 3. 2026.
  Tisk 112 → ALBSDRFJN7UGDalší projednávání možné od 29. 3. 2026.
  Tisk 120 → ALBSDRVHV79QDalší projednávání možné od 11. 4. 2026.
  Tisk 121 → ALBSDRV9DCVCDalší projednávání možné od 10. 4. 2026.
  Tisk 129 → KORNDS5AS75TDalší projednávání možné od 10. 4. 2026.
  Tisk 130 → KORNDS5FFX14Další projednávání možné od 12. 4. 2026.
  Tisk 131 → KORNDS5FLZJKZákon vyhlášen 26. 5. 2026 ve  Sbírce zákonů v částce 70 pod číslem 70/2026 Sb.
  Tisk 132 → KORNDS5AUEX1Další projednávání možné od 11. 4. 2026.
  Tisk 16 → KORNDFBH6CTHDalší projednávání možné od 24. 4. 2026.
  Tisk 83 → KORNDK9DFTG2Další projednávání možné od 12. 4. 2026.
  Tisk 113 → ALBSDDEJ5C5NDalší projednávání možné od 25. 4. 2026.
  Tisk 47 → KORNDP6EMCP8Další projednávání možné od 13. 6. 2026
  Tisk 72 → ALBSDPHHG9IEDalší projednávání možné od 13. 6. 2026
  Tisk 124 → KORNDS5JEWJOZákon vyhlášen 10. 6. 2026 ve  Sbírce zákonů v částce 93 pod číslem 93/2026 Sb.
  Tisk 125 → ALBSDS9BKZY8Zákon vyhlášen 10. 6. 2026 ve  Sbírce zákonů v částce 92 pod číslem 92/2026 Sb.
  Tisk 10 → KORNDDSCZ27KDalší projednávání možné od 16. 11. 2025.
  Tisk 14 → KORNDERB9DSRDalší projednávání možné od 18. 11. 2025.
  Tisk 58 → KORNDNADQS6XDalší projednávání možné od 21. 12. 2025.
  Tisk 61 → ALBSDKJBFFMKDalší projednávání možné od 23. 12. 2025.
  Tisk 98 → KORNDQAN5F2PDalší projednávání možné od 16. 2. 2026.
  Tisk 101 → ALBSDQWLF9TSDalší projednávání možné od 21. 2. 2026.
  Tisk 102 → ALBSDQWLF8E9Další projednávání možné od 21. 2. 2026.
  Tisk 111 → KORNDJZJHQ1EDalší projednávání možné od 27. 2. 2026.
  Tisk 114 → KORNDQBASCLTDalší projednávání možné od 1. 3. 2026.
  Tisk 143 → KORNDMUGLUEKDalší projednávání možné od 5. 4. 2026.
  Tisk 153 → KORNDR9CY314Další projednávání možné od 13. 4. 2026.
  Tisk 154 → ALBSDHZA32NVDalší projednávání možné od 13. 4. 2026.
  Tisk 162 → ALBSDLNEPCL2Další projednávání možné od 24. 4. 2026.
  Tisk 172 → KORNDRVB6L2LDalší projednávání možné od 2. 5. 2026.
  Tisk 4 → ALBSDNCAQ38LDalší projednávání možné od 15. 12. 2025.
  Tisk 5 → ALBSDNCA86EGDalší projednávání možné od 14. 12. 2025.
  Tisk 6 → ALBSDNCA2EN4Další projednávání možné od 14. 12. 2025.
  Tisk 7 → ALBSDNC9VFOIDalší projednávání možné od 14. 12. 2025.
  Tisk 12 → ALBSDNCAZ9DMDalší projednávání možné od 15. 12. 2025.
  Tisk 15 → KORNDNEEWWBRDalší projednávání možné od 23. 12. 2025.
  Tisk 24 → ALBSDNKACN8ADalší projednávání možné od 22. 12. 2025.
  Tisk 28 → ALBSDNKKC8I6Další projednávání možné od 22. 12. 2025.
  Tisk 35 → ALBSDNR9BUS5Další projednávání možné od 27. 12. 2025.
  Tisk 40 → ALBSDNUHZ9BUDalší projednávání možné od 2. 1. 2026.
  Tisk 42 → ALBSDNUHUHYUDalší projednávání možné od 2. 1. 2026.
  Tisk 49 → KORNDP6FALEBDalší projednávání možné od 2. 1. 2026.
  Tisk 50 → ALBSDQK9WKJDDalší projednávání možné od 27. 2. 2026.
  Tisk 59 → ALBSDPECPS4ODalší projednávání možné od 23. 1. 2026.
  Tisk 71 → ALBSDPHMFNE2Další projednávání možné od 23. 1. 2026.
  Tisk 73 → ALBSDPUA7225Další projednávání možné od 30. 1. 2026.
  Tisk 74 → ALBSDQDACPI1Další projednávání možné od 20. 2. 2026.
  Tisk 75 → ALBSDQKA3C4NDalší projednávání možné od 27. 2. 2026.
  Tisk 86 → ALBSDQRAN8WQDalší projednávání možné od 7. 3. 2026.
  Tisk 89 → ALBSDQTF86PLDalší projednávání možné od 7. 3. 2026.
  Tisk 99 → ALBSDR79R7BRDalší projednávání možné od 14. 3. 2026.
  Tisk 100 → ALBSDR79V57IDalší projednávání možné od 13. 3. 2026.
  Tisk 103 → ALBSDR99RFB1Další projednávání možné od 20. 3. 2026.
  Tisk 104 → ALBSDR99UHLJDalší projednávání možné od 20. 3. 2026.
  Tisk 106 → ALBSDRDBL9NPDalší projednávání možné od 20. 3. 2026.
  Tisk 107 → ALBSDRV99BCDDalší projednávání možné od 10. 4. 2026.
  Tisk 109 → ALBSDRDGW9D3Další projednávání možné od 29. 3. 2026.
  Tisk 110 → ALBSDRDGYVNRDalší projednávání možné od 29. 3. 2026.
  Tisk 112 → ALBSDRFJN7UGDalší projednávání možné od 29. 3. 2026.
  Tisk 120 → ALBSDRVHV79QDalší projednávání možné od 11. 4. 2026.
  Tisk 121 → ALBSDRV9DCVCDalší projednávání možné od 10. 4. 2026.
  Tisk 129 → KORNDS5AS75TDalší projednávání možné od 10. 4. 2026.
  Tisk 130 → KORNDS5FFX14Další projednávání možné od 12. 4. 2026.
  Tisk 132 → KORNDS5AUEX1Další projednávání možné od 11. 4. 2026.
  Tisk 133 → ALBSDSB9VZPHDalší projednávání možné od 25. 4. 2026.
  Tisk 135 → ALBSDS8KFDG1Další projednávání možné od 24. 4. 2026.
  Tisk 138 → KORNDSCCGDN9Další projednávání možné od 24. 4. 2026.
  Tisk 140 → ALBSDSJ9YVTHDalší projednávání možné od 1. 5. 2026.
  Tisk 141 → ALBSDSJA7PG4Další projednávání možné od 1. 5. 2026.
  Tisk 146 → ALBSDSKBRR8BDalší projednávání možné od 2. 5. 2026.
  Tisk 167 → ALBSDT7A6K64Zákon vyhlášen 10. 6. 2026 ve  Sbírce zákonů v částce 91 pod číslem 91/2026 Sb.
  Tisk 13 → KORNDGFD743IPoslanecká sněmovna postoupila  dne 9. 6. 2026 návrh zákona Senátu jako tisk 252, dokument 252/0.OOrganizační výbor  dne 9. 6.
  Tisk 48 → KORNDMGGSV4SDalší projednávání možné od 10. 4. 2026.
  Tisk 82 → ALBSDPLDDVNJPoslanecká sněmovna postoupila  dne 11. 6. 2026 návrh zákona Senátu jako tisk 253, dokument 253/0.
  Tisk 90 → KORNDQGFVQKIPoslanecká sněmovna postoupila  dne 26. 5. 2026 návrh zákona Senátu jako tisk 246, dokument 246/0.OOrganizační výbor  dne 27. 5.
  Tisk 76 → ALBSDPVEF33BNA
  Tisk 77 → ALBSDPVEP9GEDalší projednávání možné od 6. 5. 2026.
  Tisk 119 → ALBSDRUD7WINPoslanecká sněmovna postoupila  dne 9. 6. 2026 návrh zákona Senátu jako tisk 251, dokument 251/0.OOrganizační výbor  dne 9. 6.
  Tisk 90 → KORNDQGFVQKIPoslanecká sněmovna postoupila  dne 26. 5. 2026 návrh zákona Senátu jako tisk 246, dokument 246/0.OOrganizační výbor  dne 27. 5.
  Tisk 82 → ALBSDPLDDVNJPoslanecká sněmovna postoupila  dne 11. 6. 2026 návrh zákona Senátu jako tisk 253, dokument 253/0.
  Tisk 47 → KORNDP6EMCP8Další projednávání možné od 13. 6. 2026
  Tisk 72 → ALBSDPHHG9IEDalší projednávání možné od 13. 6. 2026
  Tisk 124 → KORNDS5JEWJOZákon vyhlášen 10. 6. 2026 ve  Sbírce zákonů v částce 93 pod číslem 93/2026 Sb.
  Tisk 125 → ALBSDS9BKZY8Zákon vyhlášen 10. 6. 2026 ve  Sbírce zákonů v částce 92 pod číslem 92/2026 Sb.
  Tisk 57 → ALBSDNKBH74JSenát návrh vrátil sněmovně s pozměňovacími návrhy (usnesení č. 417).
  Tisk 11 → ALBSDNCATZU8Zákon vyhlášen 10. 6. 2026 ve  Sbírce zákonů v částce 90 pod číslem 90/2026 Sb.
  Tisk 67 → KORNDPDDEYDLNA
  Tisk 16 → KORNDFBH6CTHDalší projednávání možné od 24. 4. 2026.
  Tisk 46 → KORNDN6DDENDDalší projednávání možné od 24. 5. 2026.
  Tisk 52 → ALBSDMXGX7YNDalší projednávání možné od 25. 5. 2026.
  Tisk 53 → KORNDMXE7T3YDalší projednávání možné od 25. 5. 2026.
  Tisk 55 → KORNDNJJF6N2Další projednávání možné od 25. 5. 2026.
  Tisk 56 → KORNDNJJF7R7Další projednávání možné od 25. 5. 2026.
  Tisk 62 → KORNDKHF3VQGDalší projednávání možné od 25. 5. 2026.
  Tisk 83 → KORNDK9DFTG2Další projednávání možné od 12. 4. 2026.
  Tisk 113 → ALBSDDEJ5C5NDalší projednávání možné od 25. 4. 2026.
  Tisk 145 → KORNDDVFVG8BDalší projednávání možné od 24. 5. 2026.
  Tisk 72 → ALBSDPHHG9IEDalší projednávání možné od 13. 6. 2026
  Tisk 14 → KORNDERB9DSRDalší projednávání možné od 18. 11. 2025.
  Tisk 58 → KORNDNADQS6XDalší projednávání možné od 21. 12. 2025.
  Tisk 10 → KORNDDSCZ27KDalší projednávání možné od 16. 11. 2025.
  Tisk 61 → ALBSDKJBFFMKDalší projednávání možné od 23. 12. 2025.
  Tisk 98 → KORNDQAN5F2PDalší projednávání možné od 16. 2. 2026.
  Tisk 101 → ALBSDQWLF9TSDalší projednávání možné od 21. 2. 2026.
  Tisk 102 → ALBSDQWLF8E9Další projednávání možné od 21. 2. 2026.
  Tisk 111 → KORNDJZJHQ1EDalší projednávání možné od 27. 2. 2026.
  Tisk 114 → KORNDQBASCLTDalší projednávání možné od 1. 3. 2026.
  Tisk 143 → KORNDMUGLUEKDalší projednávání možné od 5. 4. 2026.
  Tisk 153 → KORNDR9CY314Další projednávání možné od 13. 4. 2026.
  Tisk 154 → ALBSDHZA32NVDalší projednávání možné od 13. 4. 2026.
  Tisk 162 → ALBSDLNEPCL2Další projednávání možné od 24. 4. 2026.
  Tisk 172 → KORNDRVB6L2LDalší projednávání možné od 2. 5. 2026.
  Tisk 189 → KORNDRFM95MGDalší projednávání možné od 4. 7. 2026.
  Tisk 192 → KORNDS2LAKNRDalší projednávání možné od 24. 5. 2026.
  Tisk 4 → ALBSDNCAQ38LDalší projednávání možné od 15. 12. 2025.
  Tisk 5 → ALBSDNCA86EGDalší projednávání možné od 14. 12. 2025.
  Tisk 6 → ALBSDNCA2EN4Další projednávání možné od 14. 12. 2025.
  Tisk 7 → ALBSDNC9VFOIDalší projednávání možné od 14. 12. 2025.
  Tisk 12 → ALBSDNCAZ9DMDalší projednávání možné od 15. 12. 2025.
  Tisk 15 → KORNDNEEWWBRDalší projednávání možné od 23. 12. 2025.
  Tisk 24 → ALBSDNKACN8ADalší projednávání možné od 22. 12. 2025.
  Tisk 28 → ALBSDNKKC8I6Další projednávání možné od 22. 12. 2025.
  Tisk 35 → ALBSDNR9BUS5Další projednávání možné od 27. 12. 2025.
  Tisk 40 → ALBSDNUHZ9BUDalší projednávání možné od 2. 1. 2026.
  Tisk 42 → ALBSDNUHUHYUDalší projednávání možné od 2. 1. 2026.
  Tisk 49 → KORNDP6FALEBDalší projednávání možné od 2. 1. 2026.
  Tisk 50 → ALBSDQK9WKJDDalší projednávání možné od 27. 2. 2026.
  Tisk 59 → ALBSDPECPS4ODalší projednávání možné od 23. 1. 2026.
  Tisk 71 → ALBSDPHMFNE2Další projednávání možné od 23. 1. 2026.
  Tisk 73 → ALBSDPUA7225Další projednávání možné od 30. 1. 2026.
  Tisk 74 → ALBSDQDACPI1Další projednávání možné od 20. 2. 2026.
  Tisk 75 → ALBSDQKA3C4NDalší projednávání možné od 27. 2. 2026.
  Tisk 86 → ALBSDQRAN8WQDalší projednávání možné od 7. 3. 2026.
  Tisk 89 → ALBSDQTF86PLDalší projednávání možné od 7. 3. 2026.
  Tisk 99 → ALBSDR79R7BRDalší projednávání možné od 14. 3. 2026.
  Tisk 100 → ALBSDR79V57IDalší projednávání možné od 13. 3. 2026.
  Tisk 103 → ALBSDR99RFB1Další projednávání možné od 20. 3. 2026.
  Tisk 104 → ALBSDR99UHLJDalší projednávání možné od 20. 3. 2026.
  Tisk 106 → ALBSDRDBL9NPDalší projednávání možné od 20. 3. 2026.
  Tisk 107 → ALBSDRV99BCDDalší projednávání možné od 10. 4. 2026.
  Tisk 109 → ALBSDRDGW9D3Další projednávání možné od 29. 3. 2026.
  Tisk 110 → ALBSDRDGYVNRDalší projednávání možné od 29. 3. 2026.
  Tisk 112 → ALBSDRFJN7UGDalší projednávání možné od 29. 3. 2026.
  Tisk 120 → ALBSDRVHV79QDalší projednávání možné od 11. 4. 2026.
  Tisk 121 → ALBSDRV9DCVCDalší projednávání možné od 10. 4. 2026.
  Tisk 129 → KORNDS5AS75TDalší projednávání možné od 10. 4. 2026.
  Tisk 130 → KORNDS5FFX14Další projednávání možné od 12. 4. 2026.
  Tisk 132 → KORNDS5AUEX1Další projednávání možné od 11. 4. 2026.
  Tisk 133 → ALBSDSB9VZPHDalší projednávání možné od 25. 4. 2026.
  Tisk 135 → ALBSDS8KFDG1Další projednávání možné od 24. 4. 2026.
  Tisk 138 → KORNDSCCGDN9Další projednávání možné od 24. 4. 2026.
  Tisk 140 → ALBSDSJ9YVTHDalší projednávání možné od 1. 5. 2026.
  Tisk 141 → ALBSDSJA7PG4Další projednávání možné od 1. 5. 2026.
  Tisk 146 → ALBSDSKBRR8BDalší projednávání možné od 2. 5. 2026.
  Tisk 161 → ALBSDSZGD2I7Další projednávání možné od 15. 5. 2026.
  Tisk 168 → KORNDT8EKD5ADalší projednávání možné od 23. 5. 2026.
  Tisk 173 → ALBSDTLBDM98Další projednávání možné od 16. 5. 2026.
  Tisk 174 → ALBSDTLBJ4Q7Další projednávání možné od 16. 5. 2026.
  Tisk 119 → ALBSDRUD7WINPoslanecká sněmovna postoupila  dne 9. 6. 2026 návrh zákona Senátu jako tisk 251, dokument 251/0.OOrganizační výbor  dne 9. 6.
  Tisk 13 → KORNDGFD743IPoslanecká sněmovna postoupila  dne 9. 6. 2026 návrh zákona Senátu jako tisk 252, dokument 252/0.OOrganizační výbor  dne 9. 6.
  Tisk 48 → KORNDMGGSV4SDalší projednávání možné od 10. 4. 2026.
  Tisk 76 → ALBSDPVEF33BNA
  Tisk 77 → ALBSDPVEP9GEDalší projednávání možné od 6. 5. 2026.
  Tisk 82 → ALBSDPLDDVNJPoslanecká sněmovna postoupila  dne 11. 6. 2026 návrh zákona Senátu jako tisk 253, dokument 253/0.
  Tisk 198 → ALBSDRZHK5X1Další projednávání možné od 28. 6. 2026.
  Tisk 190 → ALBSDTZDW2VMPoslanecká sněmovna postoupila  dne 9. 6. 2026 návrh zákona Senátu jako tisk 250, dokument 250/0.OOrganizační výbor  dne 9. 6.
  Tisk 187 → ALBSDTUDB51ADalší projednávání možné od 3. 7. 2026.
  Tisk 67 → KORNDPDDEYDLNA
  Tisk 16 → KORNDFBH6CTHDalší projednávání možné od 24. 4. 2026.
  Tisk 46 → KORNDN6DDENDDalší projednávání možné od 24. 5. 2026.
  Tisk 48 → KORNDMGGSV4SDalší projednávání možné od 10. 4. 2026.
  Tisk 52 → ALBSDMXGX7YNDalší projednávání možné od 25. 5. 2026.
  Tisk 53 → KORNDMXE7T3YDalší projednávání možné od 25. 5. 2026.
  Tisk 55 → KORNDNJJF6N2Další projednávání možné od 25. 5. 2026.
  Tisk 56 → KORNDNJJF7R7Další projednávání možné od 25. 5. 2026.
  Tisk 62 → KORNDKHF3VQGDalší projednávání možné od 25. 5. 2026.
  Tisk 69 → KORNDN5B8461Další projednávání možné od 10. 5. 2026.
  Tisk 83 → KORNDK9DFTG2Další projednávání možné od 12. 4. 2026.
  Tisk 113 → ALBSDDEJ5C5NDalší projednávání možné od 25. 4. 2026.
  Tisk 144 → KORNDQ6FEQB9Další projednávání možné od 15. 6. 2026.
  Tisk 145 → KORNDDVFVG8BDalší projednávání možné od 24. 5. 2026.
  Tisk 67 → KORNDPDDEYDLNA
  Tisk 115 → ALBSDRMDTWS7Další projednávání možné od 21. 6. 2026.
  Tisk 116 → ALBSDRMDPM3TDalší projednávání možné od 22. 6. 2026.
  Tisk 10 → KORNDDSCZ27KDalší projednávání možné od 16. 11. 2025.
  Tisk 14 → KORNDERB9DSRDalší projednávání možné od 18. 11. 2025.
  Tisk 58 → KORNDNADQS6XDalší projednávání možné od 21. 12. 2025.
  Tisk 61 → ALBSDKJBFFMKDalší projednávání možné od 23. 12. 2025.
  Tisk 98 → KORNDQAN5F2PDalší projednávání možné od 16. 2. 2026.
  Tisk 101 → ALBSDQWLF9TSDalší projednávání možné od 21. 2. 2026.
  Tisk 102 → ALBSDQWLF8E9Další projednávání možné od 21. 2. 2026.
  Tisk 111 → KORNDJZJHQ1EDalší projednávání možné od 27. 2. 2026.
  Tisk 114 → KORNDQBASCLTDalší projednávání možné od 1. 3. 2026.
  Tisk 143 → KORNDMUGLUEKDalší projednávání možné od 5. 4. 2026.
  Tisk 153 → KORNDR9CY314Další projednávání možné od 13. 4. 2026.
  Tisk 154 → ALBSDHZA32NVDalší projednávání možné od 13. 4. 2026.
  Tisk 162 → ALBSDLNEPCL2Další projednávání možné od 24. 4. 2026.
  Tisk 172 → KORNDRVB6L2LDalší projednávání možné od 2. 5. 2026.
  Tisk 192 → KORNDS2LAKNRDalší projednávání možné od 24. 5. 2026.
  Tisk 196 → KORNDPMD76PZDalší projednávání možné od 26. 5. 2026.
  Tisk 199 → KORNDLS9CWIWDalší projednávání možné od 2. 6. 2026.
  Tisk 207 → KORNDLMBS4FBDalší projednávání možné od 8. 6. 2026.
  Tisk 210 → KORNDTST2VI7Další projednávání možné od 12. 6. 2026.
  Tisk 213 → KORNDU7AL36HDalší projednávání možné od 14. 6. 2026.
  Tisk 218 → KORNDS2HT779Další projednávání možné od 16. 6. 2026.
  Tisk 219 → ALBSDCQH22PEDalší projednávání možné od 16. 6. 2026.
  Tisk 222 → ALBSDMJFC24NDalší projednávání možné od 22. 6. 2026.
  Tisk 4 → ALBSDNCAQ38LDalší projednávání možné od 15. 12. 2025.
  Tisk 5 → ALBSDNCA86EGDalší projednávání možné od 14. 12. 2025.
  Tisk 6 → ALBSDNCA2EN4Další projednávání možné od 14. 12. 2025.
  Tisk 7 → ALBSDNC9VFOIDalší projednávání možné od 14. 12. 2025.
  Tisk 12 → ALBSDNCAZ9DMDalší projednávání možné od 15. 12. 2025.
  Tisk 15 → KORNDNEEWWBRDalší projednávání možné od 23. 12. 2025.
  Tisk 24 → ALBSDNKACN8ADalší projednávání možné od 22. 12. 2025.
  Tisk 28 → ALBSDNKKC8I6Další projednávání možné od 22. 12. 2025.
  Tisk 35 → ALBSDNR9BUS5Další projednávání možné od 27. 12. 2025.
  Tisk 40 → ALBSDNUHZ9BUDalší projednávání možné od 2. 1. 2026.
  Tisk 42 → ALBSDNUHUHYUDalší projednávání možné od 2. 1. 2026.
  Tisk 49 → KORNDP6FALEBDalší projednávání možné od 2. 1. 2026.
  Tisk 50 → ALBSDQK9WKJDDalší projednávání možné od 27. 2. 2026.
  Tisk 59 → ALBSDPECPS4ODalší projednávání možné od 23. 1. 2026.
  Tisk 71 → ALBSDPHMFNE2Další projednávání možné od 23. 1. 2026.
  Tisk 73 → ALBSDPUA7225Další projednávání možné od 30. 1. 2026.
  Tisk 74 → ALBSDQDACPI1Další projednávání možné od 20. 2. 2026.
  Tisk 75 → ALBSDQKA3C4NDalší projednávání možné od 27. 2. 2026.
  Tisk 86 → ALBSDQRAN8WQDalší projednávání možné od 7. 3. 2026.
  Tisk 89 → ALBSDQTF86PLDalší projednávání možné od 7. 3. 2026.
  Tisk 99 → ALBSDR79R7BRDalší projednávání možné od 14. 3. 2026.
  Tisk 100 → ALBSDR79V57IDalší projednávání možné od 13. 3. 2026.
  Tisk 103 → ALBSDR99RFB1Další projednávání možné od 20. 3. 2026.
  Tisk 104 → ALBSDR99UHLJDalší projednávání možné od 20. 3. 2026.
  Tisk 106 → ALBSDRDBL9NPDalší projednávání možné od 20. 3. 2026.
  Tisk 107 → ALBSDRV99BCDDalší projednávání možné od 10. 4. 2026.
  Tisk 109 → ALBSDRDGW9D3Další projednávání možné od 29. 3. 2026.
  Tisk 110 → ALBSDRDGYVNRDalší projednávání možné od 29. 3. 2026.
  Tisk 112 → ALBSDRFJN7UGDalší projednávání možné od 29. 3. 2026.
  Tisk 120 → ALBSDRVHV79QDalší projednávání možné od 11. 4. 2026.
  Tisk 121 → ALBSDRV9DCVCDalší projednávání možné od 10. 4. 2026.
  Tisk 129 → KORNDS5AS75TDalší projednávání možné od 10. 4. 2026.
  Tisk 130 → KORNDS5FFX14Další projednávání možné od 12. 4. 2026.
  Tisk 132 → KORNDS5AUEX1Další projednávání možné od 11. 4. 2026.
  Tisk 133 → ALBSDSB9VZPHDalší projednávání možné od 25. 4. 2026.
  Tisk 135 → ALBSDS8KFDG1Další projednávání možné od 24. 4. 2026.
  Tisk 138 → KORNDSCCGDN9Další projednávání možné od 24. 4. 2026.
  Tisk 140 → ALBSDSJ9YVTHDalší projednávání možné od 1. 5. 2026.
  Tisk 141 → ALBSDSJA7PG4Další projednávání možné od 1. 5. 2026.
  Tisk 146 → ALBSDSKBRR8BDalší projednávání možné od 2. 5. 2026.
  Tisk 161 → ALBSDSZGD2I7Další projednávání možné od 15. 5. 2026.
  Tisk 168 → KORNDT8EKD5ADalší projednávání možné od 23. 5. 2026.
  Tisk 171 → ALBSDTDAY5XADalší projednávání možné od 30. 5. 2026.
  Tisk 173 → ALBSDTLBDM98Další projednávání možné od 16. 5. 2026.
  Tisk 174 → ALBSDTLBJ4Q7Další projednávání možné od 16. 5. 2026.
  Tisk 181 → ALBSDTTHNE5IDalší projednávání možné od 13. 6. 2026.
  Tisk 186 → ALBSDTYB922FDalší projednávání možné od 13. 6. 2026.
  Tisk 193 → ALBSDU4DJ2KSDalší projednávání možné od 20. 6. 2026.
  Tisk 47 → KORNDP6EMCP8Další projednávání možné od 13. 6. 2026
  Tisk 72 → ALBSDPHHG9IEDalší projednávání možné od 13. 6. 2026
  Tisk 76 → ALBSDPVEF33BNA
  Tisk 77 → ALBSDPVEP9GEDalší projednávání možné od 6. 5. 2026.
Matched 110 of 436 bills
[2026-06-14 09:14:32] [INFO] Matched 110 unique bills to VeKLEP
NOTICE:  relation "bills" already exists, skipping

NOTICE:  relation "impacts" already exists, skipping

NOTICE:  relation "costs" already exists, skipping

NOTICE:  relation "benefits" already exists, skipping

NOTICE:  relation "idx_alerts_token" already exists, skipping

NOTICE:  relation "idx_alerts_active" already exists, skipping

NOTICE:  relation "alerts" already exists, skipping

NOTICE:  relation "idx_alerts_token" already exists, skipping

NOTICE:  relation "idx_alerts_active" already exists, skipping

NOTICE:  column "psp_status" of relation "bills" already exists, skipping

Database initialized
[2026-06-14 09:14:37] [INFO] [1/110] Tisk 17 → KORNDLZJTJLG
[2026-06-14 09:14:37] [ERROR]   Unexpected error: Lists must contain raw vectors or NULL
[2026-06-14 09:14:42] [INFO] [2/110] Tisk 25 → ALBSDN3J9K06
[2026-06-14 09:14:42] [ERROR]   Unexpected error: Lists must contain raw vectors or NULL
[2026-06-14 09:14:47] [INFO] [3/110] Tisk 76 → ALBSDPVEF33B
[2026-06-14 09:14:48] [ERROR]   Unexpected error: Lists must contain raw vectors or NULL
[2026-06-14 09:14:53] [INFO] [4/110] Tisk 77 → ALBSDPVEP9GE
[2026-06-14 09:14:53] [ERROR]   Unexpected error: Lists must contain raw vectors or NULL
[2026-06-14 09:14:58] [INFO] [5/110] Tisk 72 → ALBSDPHHG9IE
[2026-06-14 09:14:59] [ERROR]   Unexpected error: Lists must contain raw vectors or NULL
[2026-06-14 09:15:04] [INFO] [6/110] Tisk 163 → KORNDT4CKC7A
[2026-06-14 09:15:04] [ERROR]   Unexpected error: Lists must contain raw vectors or NULL
[2026-06-14 09:15:09] [INFO] [7/110] Tisk 78 → ALBSDQG99B8P
[2026-06-14 09:15:09] [ERROR]   Unexpected error: Lists must contain raw vectors or NULL
[2026-06-14 09:15:14] [INFO] [8/110] Tisk 13 → KORNDGFD743I
[2026-06-14 09:15:15] [ERROR]   Unexpected error: Lists must contain raw vectors or NULL
[2026-06-14 09:15:20] [INFO] [9/110] Tisk 90 → KORNDQGFVQKI
[2026-06-14 09:15:21] [ERROR]   Unexpected error: Lists must contain raw vectors or NULL
[2026-06-14 09:15:26] [INFO] [10/110] Tisk 48 → KORNDMGGSV4S
[2026-06-14 09:15:26] [ERROR]   Unexpected error: Lists must contain raw vectors or NULL
[2026-06-14 09:15:31] [INFO] [11/110] Tisk 119 → ALBSDRUD7WIN
[2026-06-14 09:15:31] [ERROR]   Unexpected error: Lists must contain raw vectors or NULL
[2026-06-14 09:15:36] [INFO] [12/110] Tisk 82 → ALBSDPLDDVNJ
[2026-06-14 09:15:36] [ERROR]   Unexpected error: Lists must contain raw vectors or NULL
[2026-06-14 09:15:42] [INFO] [13/110] Tisk 144 → KORNDQ6FEQB9
[2026-06-14 09:15:42] [ERROR]   Unexpected error: Lists must contain raw vectors or NULL
[2026-06-14 09:15:47] [INFO] [14/110] Tisk 115 → ALBSDRMDTWS7
[2026-06-14 09:15:48] [ERROR]   Unexpected error: Lists must contain raw vectors or NULL
[2026-06-14 09:15:53] [INFO] [15/110] Tisk 116 → ALBSDRMDPM3T
[2026-06-14 09:15:53] [ERROR]   Unexpected error: Lists must contain raw vectors or NULL
[2026-06-14 09:15:58] [INFO] [16/110] Tisk 124 → KORNDS5JEWJO
[2026-06-14 09:15:58] [ERROR]   Unexpected error: Lists must contain raw vectors or NULL
[2026-06-14 09:16:03] [INFO] [17/110] Tisk 125 → ALBSDS9BKZY8
[2026-06-14 09:16:04] [ERROR]   Unexpected error: Lists must contain raw vectors or NULL
[2026-06-14 09:16:09] [INFO] [18/110] Tisk 35 → ALBSDNR9BUS5
[2026-06-14 09:16:09] [ERROR]   Unexpected error: Lists must contain raw vectors or NULL
[2026-06-14 09:16:14] [INFO] [19/110] Tisk 10 → KORNDDSCZ27K
[2026-06-14 09:16:14] [ERROR]   Unexpected error: Lists must contain raw vectors or NULL
[2026-06-14 09:16:20] [INFO] [20/110] Tisk 14 → KORNDERB9DSR
[2026-06-14 09:16:20] [ERROR]   Unexpected error: Lists must contain raw vectors or NULL
[2026-06-14 09:16:25] [INFO] [21/110] Tisk 58 → KORNDNADQS6X
[2026-06-14 09:16:25] [ERROR]   Unexpected error: Lists must contain raw vectors or NULL
[2026-06-14 09:16:30] [INFO] [22/110] Tisk 61 → ALBSDKJBFFMK
[2026-06-14 09:16:31] [ERROR]   Unexpected error: Lists must contain raw vectors or NULL
[2026-06-14 09:16:36] [INFO] [23/110] Tisk 68 → KORNDJ6J9HOO
[2026-06-14 09:16:36] [ERROR]   Unexpected error: Lists must contain raw vectors or NULL
[2026-06-14 09:16:41] [INFO] [24/110] Tisk 98 → KORNDQAN5F2P
[2026-06-14 09:16:41] [ERROR]   Unexpected error: Lists must contain raw vectors or NULL
[2026-06-14 09:16:47] [INFO] [25/110] Tisk 101 → ALBSDQWLF9TS
[2026-06-14 09:16:47] [ERROR]   Unexpected error: Lists must contain raw vectors or NULL
[2026-06-14 09:16:52] [INFO] [26/110] Tisk 102 → ALBSDQWLF8E9
[2026-06-14 09:16:52] [ERROR]   Unexpected error: Lists must contain raw vectors or NULL
[2026-06-14 09:16:57] [INFO] [27/110] Tisk 111 → KORNDJZJHQ1E
[2026-06-14 09:16:58] [ERROR]   Unexpected error: Lists must contain raw vectors or NULL
[2026-06-14 09:17:03] [INFO] [28/110] Tisk 114 → KORNDQBASCLT
[2026-06-14 09:17:03] [ERROR]   Unexpected error: Lists must contain raw vectors or NULL
[2026-06-14 09:17:08] [INFO] [29/110] Tisk 143 → KORNDMUGLUEK
[2026-06-14 09:17:08] [ERROR]   Unexpected error: Lists must contain raw vectors or NULL
[2026-06-14 09:17:13] [INFO] [30/110] Tisk 145 → KORNDDVFVG8B
[2026-06-14 09:17:14] [ERROR]   Unexpected error: Lists must contain raw vectors or NULL
[2026-06-14 09:17:19] [INFO] [31/110] Tisk 153 → KORNDR9CY314
[2026-06-14 09:17:19] [ERROR]   Unexpected error: Lists must contain raw vectors or NULL
[2026-06-14 09:17:24] [INFO] [32/110] Tisk 154 → ALBSDHZA32NV
[2026-06-14 09:17:24] [ERROR]   Unexpected error: Lists must contain raw vectors or NULL
[2026-06-14 09:17:29] [INFO] [33/110] Tisk 4 → ALBSDNCAQ38L
[2026-06-14 09:17:30] [ERROR]   Unexpected error: Lists must contain raw vectors or NULL
[2026-06-14 09:17:35] [INFO] [34/110] Tisk 5 → ALBSDNCA86EG
[2026-06-14 09:17:36] [ERROR]   Unexpected error: Lists must contain raw vectors or NULL
[2026-06-14 09:17:41] [INFO] [35/110] Tisk 6 → ALBSDNCA2EN4
[2026-06-14 09:17:42] [ERROR]   Unexpected error: Lists must contain raw vectors or NULL
[2026-06-14 09:17:47] [INFO] [36/110] Tisk 7 → ALBSDNC9VFOI
[2026-06-14 09:17:48] [ERROR]   Unexpected error: Lists must contain raw vectors or NULL
[2026-06-14 09:17:53] [INFO] [37/110] Tisk 12 → ALBSDNCAZ9DM
[2026-06-14 09:17:54] [ERROR]   Unexpected error: Lists must contain raw vectors or NULL
[2026-06-14 09:17:59] [INFO] [38/110] Tisk 15 → KORNDNEEWWBR
[2026-06-14 09:18:00] [ERROR]   Unexpected error: Lists must contain raw vectors or NULL
[2026-06-14 09:18:05] [INFO] [39/110] Tisk 24 → ALBSDNKACN8A
[2026-06-14 09:18:05] [ERROR]   Unexpected error: Lists must contain raw vectors or NULL
[2026-06-14 09:18:10] [INFO] [40/110] Tisk 28 → ALBSDNKKC8I6
[2026-06-14 09:18:11] [ERROR]   Unexpected error: Lists must contain raw vectors or NULL
[2026-06-14 09:18:16] [INFO] [41/110] Tisk 40 → ALBSDNUHZ9BU
[2026-06-14 09:18:16] [ERROR]   Unexpected error: Lists must contain raw vectors or NULL
[2026-06-14 09:18:21] [INFO] [42/110] Tisk 42 → ALBSDNUHUHYU
[2026-06-14 09:18:21] [ERROR]   Unexpected error: Lists must contain raw vectors or NULL
[2026-06-14 09:18:26] [INFO] [43/110] Tisk 49 → KORNDP6FALEB
[2026-06-14 09:18:27] [ERROR]   Unexpected error: Lists must contain raw vectors or NULL
[2026-06-14 09:18:32] [INFO] [44/110] Tisk 50 → ALBSDQK9WKJD
[2026-06-14 09:18:32] [ERROR]   Unexpected error: Lists must contain raw vectors or NULL
[2026-06-14 09:18:37] [INFO] [45/110] Tisk 59 → ALBSDPECPS4O
[2026-06-14 09:18:37] [ERROR]   Unexpected error: Lists must contain raw vectors or NULL
[2026-06-14 09:18:42] [INFO] [46/110] Tisk 71 → ALBSDPHMFNE2
[2026-06-14 09:18:43] [ERROR]   Unexpected error: Lists must contain raw vectors or NULL
[2026-06-14 09:18:48] [INFO] [47/110] Tisk 73 → ALBSDPUA7225
[2026-06-14 09:18:48] [ERROR]   Unexpected error: Lists must contain raw vectors or NULL
[2026-06-14 09:18:53] [INFO] [48/110] Tisk 74 → ALBSDQDACPI1
[2026-06-14 09:18:53] [ERROR]   Unexpected error: Lists must contain raw vectors or NULL
[2026-06-14 09:18:59] [INFO] [49/110] Tisk 75 → ALBSDQKA3C4N
[2026-06-14 09:18:59] [ERROR]   Unexpected error: Lists must contain raw vectors or NULL
[2026-06-14 09:19:04] [INFO] [50/110] Tisk 86 → ALBSDQRAN8WQ
[2026-06-14 09:19:04] [ERROR]   Unexpected error: Lists must contain raw vectors or NULL
[2026-06-14 09:19:09] [INFO] [51/110] Tisk 89 → ALBSDQTF86PL
[2026-06-14 09:19:10] [ERROR]   Unexpected error: Lists must contain raw vectors or NULL
[2026-06-14 09:19:15] [INFO] [52/110] Tisk 99 → ALBSDR79R7BR
[2026-06-14 09:19:15] [ERROR]   Unexpected error: Lists must contain raw vectors or NULL
[2026-06-14 09:19:20] [INFO] [53/110] Tisk 100 → ALBSDR79V57I
[2026-06-14 09:19:20] [ERROR]   Unexpected error: Lists must contain raw vectors or NULL
[2026-06-14 09:19:25] [INFO] [54/110] Tisk 103 → ALBSDR99RFB1
[2026-06-14 09:19:26] [ERROR]   Unexpected error: Lists must contain raw vectors or NULL
[2026-06-14 09:19:31] [INFO] [55/110] Tisk 104 → ALBSDR99UHLJ
[2026-06-14 09:19:31] [ERROR]   Unexpected error: Lists must contain raw vectors or NULL
[2026-06-14 09:19:36] [INFO] [56/110] Tisk 106 → ALBSDRDBL9NP
[2026-06-14 09:19:37] [ERROR]   Unexpected error: Lists must contain raw vectors or NULL
[2026-06-14 09:19:42] [INFO] [57/110] Tisk 107 → ALBSDRV99BCD
[2026-06-14 09:19:42] [ERROR]   Unexpected error: Lists must contain raw vectors or NULL
[2026-06-14 09:19:47] [INFO] [58/110] Tisk 109 → ALBSDRDGW9D3
[2026-06-14 09:19:47] [ERROR]   Unexpected error: Lists must contain raw vectors or NULL
[2026-06-14 09:19:53] [INFO] [59/110] Tisk 110 → ALBSDRDGYVNR
[2026-06-14 09:19:53] [ERROR]   Unexpected error: Lists must contain raw vectors or NULL
[2026-06-14 09:19:58] [INFO] [60/110] Tisk 112 → ALBSDRFJN7UG
[2026-06-14 09:19:58] [ERROR]   Unexpected error: Lists must contain raw vectors or NULL
[2026-06-14 09:20:03] [INFO] [61/110] Tisk 120 → ALBSDRVHV79Q
[2026-06-14 09:20:04] [ERROR]   Unexpected error: Lists must contain raw vectors or NULL
[2026-06-14 09:20:09] [INFO] [62/110] Tisk 121 → ALBSDRV9DCVC
[2026-06-14 09:20:09] [ERROR]   Unexpected error: Lists must contain raw vectors or NULL
[2026-06-14 09:20:14] [INFO] [63/110] Tisk 129 → KORNDS5AS75T
[2026-06-14 09:20:15] [ERROR]   Unexpected error: Lists must contain raw vectors or NULL
[2026-06-14 09:20:20] [INFO] [64/110] Tisk 130 → KORNDS5FFX14
[2026-06-14 09:20:20] [ERROR]   Unexpected error: Lists must contain raw vectors or NULL
[2026-06-14 09:20:25] [INFO] [65/110] Tisk 131 → KORNDS5FLZJK
[2026-06-14 09:20:26] [ERROR]   Unexpected error: Lists must contain raw vectors or NULL
[2026-06-14 09:20:31] [INFO] [66/110] Tisk 132 → KORNDS5AUEX1
[2026-06-14 09:20:31] [ERROR]   Unexpected error: Lists must contain raw vectors or NULL
[2026-06-14 09:20:36] [INFO] [67/110] Tisk 16 → KORNDFBH6CTH
[2026-06-14 09:20:37] [ERROR]   Unexpected error: Lists must contain raw vectors or NULL
[2026-06-14 09:20:42] [INFO] [68/110] Tisk 83 → KORNDK9DFTG2
[2026-06-14 09:20:42] [ERROR]   Unexpected error: Lists must contain raw vectors or NULL
[2026-06-14 09:20:47] [INFO] [69/110] Tisk 113 → ALBSDDEJ5C5N
[2026-06-14 09:20:47] [ERROR]   Unexpected error: Lists must contain raw vectors or NULL
[2026-06-14 09:20:53] [INFO] [70/110] Tisk 47 → KORNDP6EMCP8
[2026-06-14 09:20:53] [ERROR]   Unexpected error: Lists must contain raw vectors or NULL
[2026-06-14 09:20:58] [INFO] [71/110] Tisk 162 → ALBSDLNEPCL2
[2026-06-14 09:20:59] [ERROR]   Unexpected error: Lists must contain raw vectors or NULL
[2026-06-14 09:21:04] [INFO] [72/110] Tisk 172 → KORNDRVB6L2L
[2026-06-14 09:21:04] [ERROR]   Unexpected error: Lists must contain raw vectors or NULL
[2026-06-14 09:21:09] [INFO] [73/110] Tisk 133 → ALBSDSB9VZPH
[2026-06-14 09:21:10] [ERROR]   Unexpected error: Lists must contain raw vectors or NULL
[2026-06-14 09:21:15] [INFO] [74/110] Tisk 135 → ALBSDS8KFDG1
[2026-06-14 09:21:15] [ERROR]   Unexpected error: Lists must contain raw vectors or NULL
[2026-06-14 09:21:20] [INFO] [75/110] Tisk 138 → KORNDSCCGDN9
[2026-06-14 09:21:20] [ERROR]   Unexpected error: Lists must contain raw vectors or NULL
[2026-06-14 09:21:25] [INFO] [76/110] Tisk 140 → ALBSDSJ9YVTH
[2026-06-14 09:21:26] [ERROR]   Unexpected error: Lists must contain raw vectors or NULL
[2026-06-14 09:21:31] [INFO] [77/110] Tisk 141 → ALBSDSJA7PG4
[2026-06-14 09:21:31] [ERROR]   Unexpected error: Lists must contain raw vectors or NULL
[2026-06-14 09:21:36] [INFO] [78/110] Tisk 146 → ALBSDSKBRR8B
[2026-06-14 09:21:36] [ERROR]   Unexpected error: Lists must contain raw vectors or NULL
[2026-06-14 09:21:42] [INFO] [79/110] Tisk 167 → ALBSDT7A6K64
[2026-06-14 09:21:42] [ERROR]   Unexpected error: Lists must contain raw vectors or NULL
[2026-06-14 09:21:47] [INFO] [80/110] Tisk 57 → ALBSDNKBH74J
[2026-06-14 09:21:47] [ERROR]   Unexpected error: Lists must contain raw vectors or NULL
[2026-06-14 09:21:52] [INFO] [81/110] Tisk 11 → ALBSDNCATZU8
[2026-06-14 09:21:53] [ERROR]   Unexpected error: Lists must contain raw vectors or NULL
[2026-06-14 09:21:58] [INFO] [82/110] Tisk 67 → KORNDPDDEYDL
[2026-06-14 09:21:58] [ERROR]   Unexpected error: Lists must contain raw vectors or NULL
[2026-06-14 09:22:03] [INFO] [83/110] Tisk 46 → KORNDN6DDEND
[2026-06-14 09:22:03] [ERROR]   Unexpected error: Lists must contain raw vectors or NULL
[2026-06-14 09:22:08] [INFO] [84/110] Tisk 52 → ALBSDMXGX7YN
[2026-06-14 09:22:09] [ERROR]   Unexpected error: Lists must contain raw vectors or NULL
[2026-06-14 09:22:14] [INFO] [85/110] Tisk 53 → KORNDMXE7T3Y
[2026-06-14 09:22:14] [ERROR]   Unexpected error: Lists must contain raw vectors or NULL
[2026-06-14 09:22:19] [INFO] [86/110] Tisk 55 → KORNDNJJF6N2
[2026-06-14 09:22:19] [ERROR]   Unexpected error: Lists must contain raw vectors or NULL
[2026-06-14 09:22:25] [INFO] [87/110] Tisk 56 → KORNDNJJF7R7
[2026-06-14 09:22:25] [ERROR]   Unexpected error: Lists must contain raw vectors or NULL
[2026-06-14 09:22:30] [INFO] [88/110] Tisk 62 → KORNDKHF3VQG
[2026-06-14 09:22:30] [ERROR]   Unexpected error: Lists must contain raw vectors or NULL
[2026-06-14 09:22:35] [INFO] [89/110] Tisk 189 → KORNDRFM95MG
[2026-06-14 09:22:36] [ERROR]   Unexpected error: Lists must contain raw vectors or NULL
[2026-06-14 09:22:41] [INFO] [90/110] Tisk 192 → KORNDS2LAKNR
[2026-06-14 09:22:41] [ERROR]   Unexpected error: Lists must contain raw vectors or NULL
[2026-06-14 09:22:46] [INFO] [91/110] Tisk 161 → ALBSDSZGD2I7
[2026-06-14 09:22:46] [ERROR]   Unexpected error: Lists must contain raw vectors or NULL
[2026-06-14 09:22:51] [INFO] [92/110] Tisk 168 → KORNDT8EKD5A
[2026-06-14 09:22:52] [ERROR]   Unexpected error: Lists must contain raw vectors or NULL
[2026-06-14 09:22:57] [INFO] [93/110] Tisk 173 → ALBSDTLBDM98
[2026-06-14 09:22:57] [ERROR]   Unexpected error: Lists must contain raw vectors or NULL
[2026-06-14 09:23:02] [INFO] [94/110] Tisk 174 → ALBSDTLBJ4Q7
[2026-06-14 09:23:03] [ERROR]   Unexpected error: Lists must contain raw vectors or NULL
[2026-06-14 09:23:08] [INFO] [95/110] Tisk 198 → ALBSDRZHK5X1
[2026-06-14 09:23:08] [ERROR]   Unexpected error: Lists must contain raw vectors or NULL
[2026-06-14 09:23:13] [INFO] [96/110] Tisk 190 → ALBSDTZDW2VM
[2026-06-14 09:23:14] [ERROR]   Unexpected error: Lists must contain raw vectors or NULL
[2026-06-14 09:23:19] [INFO] [97/110] Tisk 187 → ALBSDTUDB51A
[2026-06-14 09:23:19] [ERROR]   Unexpected error: Lists must contain raw vectors or NULL
[2026-06-14 09:23:24] [INFO] [98/110] Tisk 69 → KORNDN5B8461
[2026-06-14 09:23:24] [ERROR]   Unexpected error: Lists must contain raw vectors or NULL
[2026-06-14 09:23:29] [INFO] [99/110] Tisk 196 → KORNDPMD76PZ
[2026-06-14 09:23:30] [ERROR]   Unexpected error: Lists must contain raw vectors or NULL
[2026-06-14 09:23:35] [INFO] [100/110] Tisk 199 → KORNDLS9CWIW
[2026-06-14 09:23:35] [ERROR]   Unexpected error: Lists must contain raw vectors or NULL
[2026-06-14 09:23:40] [INFO] [101/110] Tisk 207 → KORNDLMBS4FB
[2026-06-14 09:23:41] [ERROR]   Unexpected error: Lists must contain raw vectors or NULL
[2026-06-14 09:23:46] [INFO] [102/110] Tisk 210 → KORNDTST2VI7
[2026-06-14 09:23:46] [ERROR]   Unexpected error: Lists must contain raw vectors or NULL
[2026-06-14 09:23:51] [INFO] [103/110] Tisk 213 → KORNDU7AL36H
[2026-06-14 09:23:51] [ERROR]   Unexpected error: Lists must contain raw vectors or NULL
[2026-06-14 09:23:57] [INFO] [104/110] Tisk 218 → KORNDS2HT779
[2026-06-14 09:23:57] [ERROR]   Unexpected error: Lists must contain raw vectors or NULL
[2026-06-14 09:24:02] [INFO] [105/110] Tisk 219 → ALBSDCQH22PE
[2026-06-14 09:24:03] [ERROR]   Unexpected error: Lists must contain raw vectors or NULL
[2026-06-14 09:24:08] [INFO] [106/110] Tisk 222 → ALBSDMJFC24N
[2026-06-14 09:24:08] [ERROR]   Unexpected error: Lists must contain raw vectors or NULL
[2026-06-14 09:24:13] [INFO] [107/110] Tisk 171 → ALBSDTDAY5XA
[2026-06-14 09:24:13] [ERROR]   Unexpected error: Lists must contain raw vectors or NULL
[2026-06-14 09:24:18] [INFO] [108/110] Tisk 181 → ALBSDTTHNE5I
[2026-06-14 09:24:19] [ERROR]   Unexpected error: Lists must contain raw vectors or NULL
[2026-06-14 09:24:24] [INFO] [109/110] Tisk 186 → ALBSDTYB922F
[2026-06-14 09:24:24] [ERROR]   Unexpected error: Lists must contain raw vectors or NULL
[2026-06-14 09:24:29] [INFO] [110/110] Tisk 193 → ALBSDU4DJ2KS
[2026-06-14 09:24:29] [ERROR]   Unexpected error: Lists must contain raw vectors or NULL
[2026-06-14 09:24:34] [INFO] Results — Success: 0 | Skipped: 0 | No document: 0 | Errors: 110
Trying: https://ria.vlada.cz/komise/jednani-v-roce-2026/
Found 1 sessions for 2026
Scraping session: https://ria.vlada.cz/komise/jednani-v-roce-2026/jednani-c-148-dne-30-ledna-2026/
Saved verdict B for KORNDMUGLUEK
Trying: https://ria.vlada.cz/komise/jednani-v-roce-2025/
Trying: https://ria.vlada.cz/komise/jednani-komise-ria-v-roce-2025/
Found 4 sessions for 2025
Scraping session: https://ria.vlada.cz/komise/jednani-komise-ria-v-roce-2025/jednani-c-142-dne-24-ledna-2025/
Scraping session: https://ria.vlada.cz/komise/jednani-komise-ria-v-roce-2025/jednani-c-143-dne-24-unora-2025/
Scraping session: https://ria.vlada.cz/komise/jednani-komise-ria-v-roce-2025/jednani-c-144-dne-7-dubna-2025/
Scraping session: https://ria.vlada.cz/komise/jednani-komise-ria-v-roce-2025/jednani-c-145-dne-8-srpna-2025/
Saved verdict B for KORNDDVFVG8B
Total Komise RIA verdicts matched: 2
=== Checking alerts ===
No active alerts — skipping
There were 50 or more warnings (use warnings() to see the first 50)
NOTICE:  relation "heartbeat" already exists, skipping

[2026-06-14 09:24:47] [INFO] Heartbeat updated in Supabase
[2026-06-14 09:24:48] [INFO] Healthchecks.io pinged: success
[2026-06-14 09:24:48] [INFO] === Scheduled run complete ===

Attaching package: 'xml2'

The following object is masked from 'package:httr2':

    url_parse

Using poppler version 23.08.0

Attaching package: 'dplyr'

The following objects are masked from 'package:stats':

    filter, lag

The following objects are masked from 'package:base':

    intersect, setdiff, setequal, union

Warning message:
package 'jsonlite' was built under R version 4.3.3 

Attaching package: 'purrr'

The following object is masked from 'package:jsonlite':

    flatten

[2026-06-15 20:43:14] [INFO] === Pipeline started ===
Active sessions: 24, 6, 3, 15, 4
[2026-06-15 20:43:16] [INFO] Sessions to scan: 3, 4, 6, 14, 15, 16, 17, 18, 19, 20, 21, 22, 23, 24, 25, 26, 27, 28, 29
Fetching session 3 agenda: https://www.psp.cz/schuze/10/3
Found 2 bills in session 3
Fetching session 4 agenda: https://www.psp.cz/schuze/10/4
No tisk links found in session 4
Fetching session 6 agenda: https://www.psp.cz/schuze/10/6
Found 3 bills in session 6
Fetching session 14 agenda: https://www.psp.cz/schuze/10/14
Found 88 bills in session 14
Fetching session 15 agenda: https://www.psp.cz/schuze/10/15
No tisk links found in session 15
Fetching session 16 agenda: https://www.psp.cz/schuze/10/16
Found 98 bills in session 16
Fetching session 17 agenda: https://www.psp.cz/schuze/10/17
Found 4 bills in session 17
Fetching session 18 agenda: https://www.psp.cz/schuze/10/18
No tisk links found in session 18
Fetching session 19 agenda: https://www.psp.cz/schuze/10/19
Found 2 bills in session 19
Fetching session 20 agenda: https://www.psp.cz/schuze/10/20
Found 111 bills in session 20
Fetching session 21 agenda: https://www.psp.cz/schuze/10/21
Found 3 bills in session 21
Fetching session 22 agenda: https://www.psp.cz/schuze/10/22
No tisk links found in session 22
Fetching session 23 agenda: https://www.psp.cz/schuze/10/23
Found 1 bills in session 23
Fetching session 24 agenda: https://www.psp.cz/schuze/10/24
Found 124 bills in session 24
Fetching session 25 agenda: https://www.psp.cz/schuze/10/25
No tisk links found in session 25
Fetching session 26 agenda: https://www.psp.cz/schuze/10/26
No tisk links found in session 26
Fetching session 27 agenda: https://www.psp.cz/schuze/10/27
No tisk links found in session 27
Fetching session 28 agenda: https://www.psp.cz/schuze/10/28
No tisk links found in session 28
Fetching session 29 agenda: https://www.psp.cz/schuze/10/29
No tisk links found in session 29
[2026-06-15 20:43:31] [INFO] Bills found: 436 across 19 sessions
Fetching VeKLEP PIDs from PSP for 436 bills...
  Tisk 17 → KORNDLZJTJLGNávrh státního rozpočtu vrácen (usnesení č. 46).
  Tisk 25 → ALBSDN3J9K06Zákon vyhlášen 29. 12. 2025 ve  Sbírce zákonů v částce 583 pod číslem 583/2025 Sb.
  Tisk 76 → ALBSDPVEF33BNA
  Tisk 77 → ALBSDPVEP9GEDalší projednávání možné od 6. 5. 2026.
  Tisk 72 → ALBSDPHHG9IEDalší projednávání možné od 13. 6. 2026
  Tisk 163 → KORNDT4CKC7AZákon vyhlášen 13. 5. 2026 ve  Sbírce zákonů v částce 63 pod číslem 63/2026 Sb.
  Tisk 78 → ALBSDQG99B8PZákon vyhlášen 12. 5. 2026 ve  Sbírce zákonů v částce 59 pod číslem 59/2026 Sb.
  Tisk 13 → KORNDGFD743IPoslanecká sněmovna postoupila  dne 9. 6. 2026 návrh zákona Senátu jako tisk 252, dokument 252/0.OOrganizační výbor  dne 9. 6.
  Tisk 90 → KORNDQGFVQKIPoslanecká sněmovna postoupila  dne 26. 5. 2026 návrh zákona Senátu jako tisk 246, dokument 246/0.OOrganizační výbor  dne 27. 5.
  Tisk 48 → KORNDMGGSV4SDalší projednávání možné od 10. 4. 2026.
  Tisk 119 → ALBSDRUD7WINPoslanecká sněmovna postoupila  dne 9. 6. 2026 návrh zákona Senátu jako tisk 251, dokument 251/0.OOrganizační výbor  dne 9. 6.
  Tisk 76 → ALBSDPVEF33BNA
  Tisk 77 → ALBSDPVEP9GEDalší projednávání možné od 6. 5. 2026.
  Tisk 82 → ALBSDPLDDVNJPoslanecká sněmovna postoupila  dne 11. 6. 2026 návrh zákona Senátu jako tisk 253, dokument 253/0.
  Tisk 144 → KORNDQ6FEQB9Další projednávání možné od 15. 6. 2026.
  Tisk 115 → ALBSDRMDTWS7Další projednávání možné od 21. 6. 2026.
  Tisk 116 → ALBSDRMDPM3TDalší projednávání možné od 22. 6. 2026.
  Tisk 124 → KORNDS5JEWJOZákon vyhlášen 10. 6. 2026 ve  Sbírce zákonů v částce 93 pod číslem 93/2026 Sb.
  Tisk 125 → ALBSDS9BKZY8Zákon vyhlášen 10. 6. 2026 ve  Sbírce zákonů v částce 92 pod číslem 92/2026 Sb.
  Tisk 35 → ALBSDNR9BUS5Další projednávání možné od 27. 12. 2025.
  Tisk 10 → KORNDDSCZ27KDalší projednávání možné od 16. 11. 2025.
  Tisk 14 → KORNDERB9DSRDalší projednávání možné od 18. 11. 2025.
  Tisk 58 → KORNDNADQS6XDalší projednávání možné od 21. 12. 2025.
  Tisk 61 → ALBSDKJBFFMKDalší projednávání možné od 23. 12. 2025.
  Tisk 68 → KORNDJ6J9HOONA
  Tisk 98 → KORNDQAN5F2PDalší projednávání možné od 16. 2. 2026.
  Tisk 101 → ALBSDQWLF9TSDalší projednávání možné od 21. 2. 2026.
  Tisk 102 → ALBSDQWLF8E9Další projednávání možné od 21. 2. 2026.
  Tisk 111 → KORNDJZJHQ1EDalší projednávání možné od 27. 2. 2026.
  Tisk 114 → KORNDQBASCLTDalší projednávání možné od 1. 3. 2026.
  Tisk 143 → KORNDMUGLUEKDalší projednávání možné od 5. 4. 2026.
  Tisk 145 → KORNDDVFVG8BDalší projednávání možné od 24. 5. 2026.
  Tisk 153 → KORNDR9CY314Další projednávání možné od 13. 4. 2026.
  Tisk 154 → ALBSDHZA32NVDalší projednávání možné od 13. 4. 2026.
  Tisk 4 → ALBSDNCAQ38LDalší projednávání možné od 15. 12. 2025.
  Tisk 5 → ALBSDNCA86EGDalší projednávání možné od 14. 12. 2025.
  Tisk 6 → ALBSDNCA2EN4Další projednávání možné od 14. 12. 2025.
  Tisk 7 → ALBSDNC9VFOIDalší projednávání možné od 14. 12. 2025.
  Tisk 12 → ALBSDNCAZ9DMDalší projednávání možné od 15. 12. 2025.
  Tisk 15 → KORNDNEEWWBRDalší projednávání možné od 23. 12. 2025.
  Tisk 24 → ALBSDNKACN8ADalší projednávání možné od 22. 12. 2025.
  Tisk 28 → ALBSDNKKC8I6Další projednávání možné od 22. 12. 2025.
  Tisk 40 → ALBSDNUHZ9BUDalší projednávání možné od 2. 1. 2026.
  Tisk 42 → ALBSDNUHUHYUDalší projednávání možné od 2. 1. 2026.
  Tisk 49 → KORNDP6FALEBDalší projednávání možné od 2. 1. 2026.
  Tisk 50 → ALBSDQK9WKJDDalší projednávání možné od 27. 2. 2026.
  Tisk 59 → ALBSDPECPS4ODalší projednávání možné od 23. 1. 2026.
  Tisk 71 → ALBSDPHMFNE2Další projednávání možné od 23. 1. 2026.
  Tisk 73 → ALBSDPUA7225Další projednávání možné od 30. 1. 2026.
  Tisk 74 → ALBSDQDACPI1Další projednávání možné od 20. 2. 2026.
  Tisk 75 → ALBSDQKA3C4NDalší projednávání možné od 27. 2. 2026.
  Tisk 86 → ALBSDQRAN8WQDalší projednávání možné od 7. 3. 2026.
  Tisk 89 → ALBSDQTF86PLDalší projednávání možné od 7. 3. 2026.
  Tisk 99 → ALBSDR79R7BRDalší projednávání možné od 14. 3. 2026.
  Tisk 100 → ALBSDR79V57IDalší projednávání možné od 13. 3. 2026.
  Tisk 103 → ALBSDR99RFB1Další projednávání možné od 20. 3. 2026.
  Tisk 104 → ALBSDR99UHLJDalší projednávání možné od 20. 3. 2026.
  Tisk 106 → ALBSDRDBL9NPDalší projednávání možné od 20. 3. 2026.
  Tisk 107 → ALBSDRV99BCDDalší projednávání možné od 10. 4. 2026.
  Tisk 109 → ALBSDRDGW9D3Další projednávání možné od 29. 3. 2026.
  Tisk 110 → ALBSDRDGYVNRDalší projednávání možné od 29. 3. 2026.
  Tisk 112 → ALBSDRFJN7UGDalší projednávání možné od 29. 3. 2026.
  Tisk 120 → ALBSDRVHV79QDalší projednávání možné od 11. 4. 2026.
  Tisk 121 → ALBSDRV9DCVCDalší projednávání možné od 10. 4. 2026.
  Tisk 129 → KORNDS5AS75TDalší projednávání možné od 10. 4. 2026.
  Tisk 130 → KORNDS5FFX14Další projednávání možné od 12. 4. 2026.
  Tisk 131 → KORNDS5FLZJKZákon vyhlášen 26. 5. 2026 ve  Sbírce zákonů v částce 70 pod číslem 70/2026 Sb.
  Tisk 132 → KORNDS5AUEX1Další projednávání možné od 11. 4. 2026.
  Tisk 16 → KORNDFBH6CTHDalší projednávání možné od 24. 4. 2026.
  Tisk 83 → KORNDK9DFTG2Další projednávání možné od 12. 4. 2026.
  Tisk 113 → ALBSDDEJ5C5NDalší projednávání možné od 25. 4. 2026.
  Tisk 47 → KORNDP6EMCP8Další projednávání možné od 13. 6. 2026
  Tisk 72 → ALBSDPHHG9IEDalší projednávání možné od 13. 6. 2026
  Tisk 124 → KORNDS5JEWJOZákon vyhlášen 10. 6. 2026 ve  Sbírce zákonů v částce 93 pod číslem 93/2026 Sb.
  Tisk 125 → ALBSDS9BKZY8Zákon vyhlášen 10. 6. 2026 ve  Sbírce zákonů v částce 92 pod číslem 92/2026 Sb.
  Tisk 10 → KORNDDSCZ27KDalší projednávání možné od 16. 11. 2025.
  Tisk 14 → KORNDERB9DSRDalší projednávání možné od 18. 11. 2025.
  Tisk 58 → KORNDNADQS6XDalší projednávání možné od 21. 12. 2025.
  Tisk 61 → ALBSDKJBFFMKDalší projednávání možné od 23. 12. 2025.
  Tisk 98 → KORNDQAN5F2PDalší projednávání možné od 16. 2. 2026.
  Tisk 101 → ALBSDQWLF9TSDalší projednávání možné od 21. 2. 2026.
  Tisk 102 → ALBSDQWLF8E9Další projednávání možné od 21. 2. 2026.
  Tisk 111 → KORNDJZJHQ1EDalší projednávání možné od 27. 2. 2026.
  Tisk 114 → KORNDQBASCLTDalší projednávání možné od 1. 3. 2026.
  Tisk 143 → KORNDMUGLUEKDalší projednávání možné od 5. 4. 2026.
  Tisk 153 → KORNDR9CY314Další projednávání možné od 13. 4. 2026.
  Tisk 154 → ALBSDHZA32NVDalší projednávání možné od 13. 4. 2026.
  Tisk 162 → ALBSDLNEPCL2Další projednávání možné od 24. 4. 2026.
  Tisk 172 → KORNDRVB6L2LDalší projednávání možné od 2. 5. 2026.
  Tisk 4 → ALBSDNCAQ38LDalší projednávání možné od 15. 12. 2025.
  Tisk 5 → ALBSDNCA86EGDalší projednávání možné od 14. 12. 2025.
  Tisk 6 → ALBSDNCA2EN4Další projednávání možné od 14. 12. 2025.
  Tisk 7 → ALBSDNC9VFOIDalší projednávání možné od 14. 12. 2025.
  Tisk 12 → ALBSDNCAZ9DMDalší projednávání možné od 15. 12. 2025.
  Tisk 15 → KORNDNEEWWBRDalší projednávání možné od 23. 12. 2025.
  Tisk 24 → ALBSDNKACN8ADalší projednávání možné od 22. 12. 2025.
  Tisk 28 → ALBSDNKKC8I6Další projednávání možné od 22. 12. 2025.
  Tisk 35 → ALBSDNR9BUS5Další projednávání možné od 27. 12. 2025.
  Tisk 40 → ALBSDNUHZ9BUDalší projednávání možné od 2. 1. 2026.
  Tisk 42 → ALBSDNUHUHYUDalší projednávání možné od 2. 1. 2026.
  Tisk 49 → KORNDP6FALEBDalší projednávání možné od 2. 1. 2026.
  Tisk 50 → ALBSDQK9WKJDDalší projednávání možné od 27. 2. 2026.
  Tisk 59 → ALBSDPECPS4ODalší projednávání možné od 23. 1. 2026.
  Tisk 71 → ALBSDPHMFNE2Další projednávání možné od 23. 1. 2026.
  Tisk 73 → ALBSDPUA7225Další projednávání možné od 30. 1. 2026.
  Tisk 74 → ALBSDQDACPI1Další projednávání možné od 20. 2. 2026.
  Tisk 75 → ALBSDQKA3C4NDalší projednávání možné od 27. 2. 2026.
  Tisk 86 → ALBSDQRAN8WQDalší projednávání možné od 7. 3. 2026.
  Tisk 89 → ALBSDQTF86PLDalší projednávání možné od 7. 3. 2026.
  Tisk 99 → ALBSDR79R7BRDalší projednávání možné od 14. 3. 2026.
  Tisk 100 → ALBSDR79V57IDalší projednávání možné od 13. 3. 2026.
  Tisk 103 → ALBSDR99RFB1Další projednávání možné od 20. 3. 2026.
  Tisk 104 → ALBSDR99UHLJDalší projednávání možné od 20. 3. 2026.
  Tisk 106 → ALBSDRDBL9NPDalší projednávání možné od 20. 3. 2026.
  Tisk 107 → ALBSDRV99BCDDalší projednávání možné od 10. 4. 2026.
  Tisk 109 → ALBSDRDGW9D3Další projednávání možné od 29. 3. 2026.
  Tisk 110 → ALBSDRDGYVNRDalší projednávání možné od 29. 3. 2026.
  Tisk 112 → ALBSDRFJN7UGDalší projednávání možné od 29. 3. 2026.
  Tisk 120 → ALBSDRVHV79QDalší projednávání možné od 11. 4. 2026.
  Tisk 121 → ALBSDRV9DCVCDalší projednávání možné od 10. 4. 2026.
  Tisk 129 → KORNDS5AS75TDalší projednávání možné od 10. 4. 2026.
  Tisk 130 → KORNDS5FFX14Další projednávání možné od 12. 4. 2026.
  Tisk 132 → KORNDS5AUEX1Další projednávání možné od 11. 4. 2026.
  Tisk 133 → ALBSDSB9VZPHDalší projednávání možné od 25. 4. 2026.
  Tisk 135 → ALBSDS8KFDG1Další projednávání možné od 24. 4. 2026.
  Tisk 138 → KORNDSCCGDN9Další projednávání možné od 24. 4. 2026.
  Tisk 140 → ALBSDSJ9YVTHDalší projednávání možné od 1. 5. 2026.
  Tisk 141 → ALBSDSJA7PG4Další projednávání možné od 1. 5. 2026.
  Tisk 146 → ALBSDSKBRR8BDalší projednávání možné od 2. 5. 2026.
  Tisk 167 → ALBSDT7A6K64Zákon vyhlášen 10. 6. 2026 ve  Sbírce zákonů v částce 91 pod číslem 91/2026 Sb.
  Tisk 13 → KORNDGFD743IPoslanecká sněmovna postoupila  dne 9. 6. 2026 návrh zákona Senátu jako tisk 252, dokument 252/0.OOrganizační výbor  dne 9. 6.
  Tisk 48 → KORNDMGGSV4SDalší projednávání možné od 10. 4. 2026.
  Tisk 82 → ALBSDPLDDVNJPoslanecká sněmovna postoupila  dne 11. 6. 2026 návrh zákona Senátu jako tisk 253, dokument 253/0.
  Tisk 90 → KORNDQGFVQKIPoslanecká sněmovna postoupila  dne 26. 5. 2026 návrh zákona Senátu jako tisk 246, dokument 246/0.OOrganizační výbor  dne 27. 5.
  Tisk 76 → ALBSDPVEF33BNA
  Tisk 77 → ALBSDPVEP9GEDalší projednávání možné od 6. 5. 2026.
  Tisk 119 → ALBSDRUD7WINPoslanecká sněmovna postoupila  dne 9. 6. 2026 návrh zákona Senátu jako tisk 251, dokument 251/0.OOrganizační výbor  dne 9. 6.
  Tisk 90 → KORNDQGFVQKIPoslanecká sněmovna postoupila  dne 26. 5. 2026 návrh zákona Senátu jako tisk 246, dokument 246/0.OOrganizační výbor  dne 27. 5.
  Tisk 82 → ALBSDPLDDVNJPoslanecká sněmovna postoupila  dne 11. 6. 2026 návrh zákona Senátu jako tisk 253, dokument 253/0.
  Tisk 47 → KORNDP6EMCP8Další projednávání možné od 13. 6. 2026
  Tisk 72 → ALBSDPHHG9IEDalší projednávání možné od 13. 6. 2026
  Tisk 124 → KORNDS5JEWJOZákon vyhlášen 10. 6. 2026 ve  Sbírce zákonů v částce 93 pod číslem 93/2026 Sb.
  Tisk 125 → ALBSDS9BKZY8Zákon vyhlášen 10. 6. 2026 ve  Sbírce zákonů v částce 92 pod číslem 92/2026 Sb.
  Tisk 57 → ALBSDNKBH74JSenát návrh vrátil sněmovně s pozměňovacími návrhy (usnesení č. 417).
  Tisk 11 → ALBSDNCATZU8Zákon vyhlášen 10. 6. 2026 ve  Sbírce zákonů v částce 90 pod číslem 90/2026 Sb.
  Tisk 67 → KORNDPDDEYDLNA
  Tisk 16 → KORNDFBH6CTHDalší projednávání možné od 24. 4. 2026.
  Tisk 46 → KORNDN6DDENDDalší projednávání možné od 24. 5. 2026.
  Tisk 52 → ALBSDMXGX7YNDalší projednávání možné od 25. 5. 2026.
  Tisk 53 → KORNDMXE7T3YDalší projednávání možné od 25. 5. 2026.
  Tisk 55 → KORNDNJJF6N2Další projednávání možné od 25. 5. 2026.
  Tisk 56 → KORNDNJJF7R7Další projednávání možné od 25. 5. 2026.
  Tisk 62 → KORNDKHF3VQGDalší projednávání možné od 25. 5. 2026.
  Tisk 83 → KORNDK9DFTG2Další projednávání možné od 12. 4. 2026.
  Tisk 113 → ALBSDDEJ5C5NDalší projednávání možné od 25. 4. 2026.
  Tisk 145 → KORNDDVFVG8BDalší projednávání možné od 24. 5. 2026.
  Tisk 72 → ALBSDPHHG9IEDalší projednávání možné od 13. 6. 2026
  Tisk 14 → KORNDERB9DSRDalší projednávání možné od 18. 11. 2025.
  Tisk 58 → KORNDNADQS6XDalší projednávání možné od 21. 12. 2025.
  Tisk 10 → KORNDDSCZ27KDalší projednávání možné od 16. 11. 2025.
  Tisk 61 → ALBSDKJBFFMKDalší projednávání možné od 23. 12. 2025.
  Tisk 98 → KORNDQAN5F2PDalší projednávání možné od 16. 2. 2026.
  Tisk 101 → ALBSDQWLF9TSDalší projednávání možné od 21. 2. 2026.
  Tisk 102 → ALBSDQWLF8E9Další projednávání možné od 21. 2. 2026.
  Tisk 111 → KORNDJZJHQ1EDalší projednávání možné od 27. 2. 2026.
  Tisk 114 → KORNDQBASCLTDalší projednávání možné od 1. 3. 2026.
  Tisk 143 → KORNDMUGLUEKDalší projednávání možné od 5. 4. 2026.
  Tisk 153 → KORNDR9CY314Další projednávání možné od 13. 4. 2026.
  Tisk 154 → ALBSDHZA32NVDalší projednávání možné od 13. 4. 2026.
  Tisk 162 → ALBSDLNEPCL2Další projednávání možné od 24. 4. 2026.
  Tisk 172 → KORNDRVB6L2LDalší projednávání možné od 2. 5. 2026.
  Tisk 189 → KORNDRFM95MGDalší projednávání možné od 4. 7. 2026.
  Tisk 192 → KORNDS2LAKNRDalší projednávání možné od 24. 5. 2026.
  Tisk 4 → ALBSDNCAQ38LDalší projednávání možné od 15. 12. 2025.
  Tisk 5 → ALBSDNCA86EGDalší projednávání možné od 14. 12. 2025.
  Tisk 6 → ALBSDNCA2EN4Další projednávání možné od 14. 12. 2025.
  Tisk 7 → ALBSDNC9VFOIDalší projednávání možné od 14. 12. 2025.
  Tisk 12 → ALBSDNCAZ9DMDalší projednávání možné od 15. 12. 2025.
  Tisk 15 → KORNDNEEWWBRDalší projednávání možné od 23. 12. 2025.
  Tisk 24 → ALBSDNKACN8ADalší projednávání možné od 22. 12. 2025.
  Tisk 28 → ALBSDNKKC8I6Další projednávání možné od 22. 12. 2025.
  Tisk 35 → ALBSDNR9BUS5Další projednávání možné od 27. 12. 2025.
  Tisk 40 → ALBSDNUHZ9BUDalší projednávání možné od 2. 1. 2026.
  Tisk 42 → ALBSDNUHUHYUDalší projednávání možné od 2. 1. 2026.
  Tisk 49 → KORNDP6FALEBDalší projednávání možné od 2. 1. 2026.
  Tisk 50 → ALBSDQK9WKJDDalší projednávání možné od 27. 2. 2026.
  Tisk 59 → ALBSDPECPS4ODalší projednávání možné od 23. 1. 2026.
  Tisk 71 → ALBSDPHMFNE2Další projednávání možné od 23. 1. 2026.
  Tisk 73 → ALBSDPUA7225Další projednávání možné od 30. 1. 2026.
  Tisk 74 → ALBSDQDACPI1Další projednávání možné od 20. 2. 2026.
  Tisk 75 → ALBSDQKA3C4NDalší projednávání možné od 27. 2. 2026.
  Tisk 86 → ALBSDQRAN8WQDalší projednávání možné od 7. 3. 2026.
  Tisk 89 → ALBSDQTF86PLDalší projednávání možné od 7. 3. 2026.
  Tisk 99 → ALBSDR79R7BRDalší projednávání možné od 14. 3. 2026.
  Tisk 100 → ALBSDR79V57IDalší projednávání možné od 13. 3. 2026.
  Tisk 103 → ALBSDR99RFB1Další projednávání možné od 20. 3. 2026.
  Tisk 104 → ALBSDR99UHLJDalší projednávání možné od 20. 3. 2026.
  Tisk 106 → ALBSDRDBL9NPDalší projednávání možné od 20. 3. 2026.
  Tisk 107 → ALBSDRV99BCDDalší projednávání možné od 10. 4. 2026.
  Tisk 109 → ALBSDRDGW9D3Další projednávání možné od 29. 3. 2026.
  Tisk 110 → ALBSDRDGYVNRDalší projednávání možné od 29. 3. 2026.
  Tisk 112 → ALBSDRFJN7UGDalší projednávání možné od 29. 3. 2026.
  Tisk 120 → ALBSDRVHV79QDalší projednávání možné od 11. 4. 2026.
  Tisk 121 → ALBSDRV9DCVCDalší projednávání možné od 10. 4. 2026.
  Tisk 129 → KORNDS5AS75TDalší projednávání možné od 10. 4. 2026.
  Tisk 130 → KORNDS5FFX14Další projednávání možné od 12. 4. 2026.
  Tisk 132 → KORNDS5AUEX1Další projednávání možné od 11. 4. 2026.
  Tisk 133 → ALBSDSB9VZPHDalší projednávání možné od 25. 4. 2026.
  Tisk 135 → ALBSDS8KFDG1Další projednávání možné od 24. 4. 2026.
  Tisk 138 → KORNDSCCGDN9Další projednávání možné od 24. 4. 2026.
  Tisk 140 → ALBSDSJ9YVTHDalší projednávání možné od 1. 5. 2026.
  Tisk 141 → ALBSDSJA7PG4Další projednávání možné od 1. 5. 2026.
  Tisk 146 → ALBSDSKBRR8BDalší projednávání možné od 2. 5. 2026.
  Tisk 161 → ALBSDSZGD2I7Další projednávání možné od 15. 5. 2026.
  Tisk 168 → KORNDT8EKD5ADalší projednávání možné od 23. 5. 2026.
  Tisk 173 → ALBSDTLBDM98Další projednávání možné od 16. 5. 2026.
  Tisk 174 → ALBSDTLBJ4Q7Další projednávání možné od 16. 5. 2026.
  Tisk 119 → ALBSDRUD7WINPoslanecká sněmovna postoupila  dne 9. 6. 2026 návrh zákona Senátu jako tisk 251, dokument 251/0.OOrganizační výbor  dne 9. 6.
  Tisk 13 → KORNDGFD743IPoslanecká sněmovna postoupila  dne 9. 6. 2026 návrh zákona Senátu jako tisk 252, dokument 252/0.OOrganizační výbor  dne 9. 6.
  Tisk 48 → KORNDMGGSV4SDalší projednávání možné od 10. 4. 2026.
  Tisk 76 → ALBSDPVEF33BNA
  Tisk 77 → ALBSDPVEP9GEDalší projednávání možné od 6. 5. 2026.
  Tisk 82 → ALBSDPLDDVNJPoslanecká sněmovna postoupila  dne 11. 6. 2026 návrh zákona Senátu jako tisk 253, dokument 253/0.
  Tisk 198 → ALBSDRZHK5X1Další projednávání možné od 28. 6. 2026.
  Tisk 190 → ALBSDTZDW2VMPoslanecká sněmovna postoupila  dne 9. 6. 2026 návrh zákona Senátu jako tisk 250, dokument 250/0.OOrganizační výbor  dne 9. 6.
  Tisk 187 → ALBSDTUDB51ADalší projednávání možné od 3. 7. 2026.
  Tisk 67 → KORNDPDDEYDLNA
  Tisk 16 → KORNDFBH6CTHDalší projednávání možné od 24. 4. 2026.
  Tisk 46 → KORNDN6DDENDDalší projednávání možné od 24. 5. 2026.
  Tisk 48 → KORNDMGGSV4SDalší projednávání možné od 10. 4. 2026.
  Tisk 52 → ALBSDMXGX7YNDalší projednávání možné od 25. 5. 2026.
  Tisk 53 → KORNDMXE7T3YDalší projednávání možné od 25. 5. 2026.
  Tisk 55 → KORNDNJJF6N2Další projednávání možné od 25. 5. 2026.
  Tisk 56 → KORNDNJJF7R7Další projednávání možné od 25. 5. 2026.
  Tisk 62 → KORNDKHF3VQGDalší projednávání možné od 25. 5. 2026.
  Tisk 69 → KORNDN5B8461Další projednávání možné od 10. 5. 2026.
  Tisk 83 → KORNDK9DFTG2Další projednávání možné od 12. 4. 2026.
  Tisk 113 → ALBSDDEJ5C5NDalší projednávání možné od 25. 4. 2026.
  Tisk 144 → KORNDQ6FEQB9Další projednávání možné od 15. 6. 2026.
  Tisk 145 → KORNDDVFVG8BDalší projednávání možné od 24. 5. 2026.
  Tisk 67 → KORNDPDDEYDLNA
  Tisk 115 → ALBSDRMDTWS7Další projednávání možné od 21. 6. 2026.
  Tisk 116 → ALBSDRMDPM3TDalší projednávání možné od 22. 6. 2026.
  Tisk 10 → KORNDDSCZ27KDalší projednávání možné od 16. 11. 2025.
  Tisk 14 → KORNDERB9DSRDalší projednávání možné od 18. 11. 2025.
  Tisk 58 → KORNDNADQS6XDalší projednávání možné od 21. 12. 2025.
  Tisk 61 → ALBSDKJBFFMKDalší projednávání možné od 23. 12. 2025.
  Tisk 98 → KORNDQAN5F2PDalší projednávání možné od 16. 2. 2026.
  Tisk 101 → ALBSDQWLF9TSDalší projednávání možné od 21. 2. 2026.
  Tisk 102 → ALBSDQWLF8E9Další projednávání možné od 21. 2. 2026.
  Tisk 111 → KORNDJZJHQ1EDalší projednávání možné od 27. 2. 2026.
  Tisk 114 → KORNDQBASCLTDalší projednávání možné od 1. 3. 2026.
  Tisk 143 → KORNDMUGLUEKDalší projednávání možné od 5. 4. 2026.
  Tisk 153 → KORNDR9CY314Další projednávání možné od 13. 4. 2026.
  Tisk 154 → ALBSDHZA32NVDalší projednávání možné od 13. 4. 2026.
  Tisk 162 → ALBSDLNEPCL2Další projednávání možné od 24. 4. 2026.
  Tisk 172 → KORNDRVB6L2LDalší projednávání možné od 2. 5. 2026.
  Tisk 192 → KORNDS2LAKNRDalší projednávání možné od 24. 5. 2026.
  Tisk 196 → KORNDPMD76PZDalší projednávání možné od 26. 5. 2026.
  Tisk 199 → KORNDLS9CWIWDalší projednávání možné od 2. 6. 2026.
  Tisk 207 → KORNDLMBS4FBDalší projednávání možné od 8. 6. 2026.
  Tisk 210 → KORNDTST2VI7Další projednávání možné od 12. 6. 2026.
  Tisk 213 → KORNDU7AL36HDalší projednávání možné od 14. 6. 2026.
  Tisk 218 → KORNDS2HT779Další projednávání možné od 16. 6. 2026.
  Tisk 219 → ALBSDCQH22PEDalší projednávání možné od 16. 6. 2026.
  Tisk 222 → ALBSDMJFC24NDalší projednávání možné od 22. 6. 2026.
  Tisk 4 → ALBSDNCAQ38LDalší projednávání možné od 15. 12. 2025.
  Tisk 5 → ALBSDNCA86EGDalší projednávání možné od 14. 12. 2025.
  Tisk 6 → ALBSDNCA2EN4Další projednávání možné od 14. 12. 2025.
  Tisk 7 → ALBSDNC9VFOIDalší projednávání možné od 14. 12. 2025.
  Tisk 12 → ALBSDNCAZ9DMDalší projednávání možné od 15. 12. 2025.
  Tisk 15 → KORNDNEEWWBRDalší projednávání možné od 23. 12. 2025.
  Tisk 24 → ALBSDNKACN8ADalší projednávání možné od 22. 12. 2025.
  Tisk 28 → ALBSDNKKC8I6Další projednávání možné od 22. 12. 2025.
  Tisk 35 → ALBSDNR9BUS5Další projednávání možné od 27. 12. 2025.
  Tisk 40 → ALBSDNUHZ9BUDalší projednávání možné od 2. 1. 2026.
  Tisk 42 → ALBSDNUHUHYUDalší projednávání možné od 2. 1. 2026.
  Tisk 49 → KORNDP6FALEBDalší projednávání možné od 2. 1. 2026.
  Tisk 50 → ALBSDQK9WKJDDalší projednávání možné od 27. 2. 2026.
  Tisk 59 → ALBSDPECPS4ODalší projednávání možné od 23. 1. 2026.
  Tisk 71 → ALBSDPHMFNE2Další projednávání možné od 23. 1. 2026.
  Tisk 73 → ALBSDPUA7225Další projednávání možné od 30. 1. 2026.
  Tisk 74 → ALBSDQDACPI1Další projednávání možné od 20. 2. 2026.
  Tisk 75 → ALBSDQKA3C4NDalší projednávání možné od 27. 2. 2026.
  Tisk 86 → ALBSDQRAN8WQDalší projednávání možné od 7. 3. 2026.
  Tisk 89 → ALBSDQTF86PLDalší projednávání možné od 7. 3. 2026.
  Tisk 99 → ALBSDR79R7BRDalší projednávání možné od 14. 3. 2026.
  Tisk 100 → ALBSDR79V57IDalší projednávání možné od 13. 3. 2026.
  Tisk 103 → ALBSDR99RFB1Další projednávání možné od 20. 3. 2026.
  Tisk 104 → ALBSDR99UHLJDalší projednávání možné od 20. 3. 2026.
  Tisk 106 → ALBSDRDBL9NPDalší projednávání možné od 20. 3. 2026.
  Tisk 107 → ALBSDRV99BCDDalší projednávání možné od 10. 4. 2026.
  Tisk 109 → ALBSDRDGW9D3Další projednávání možné od 29. 3. 2026.
  Tisk 110 → ALBSDRDGYVNRDalší projednávání možné od 29. 3. 2026.
  Tisk 112 → ALBSDRFJN7UGDalší projednávání možné od 29. 3. 2026.
  Tisk 120 → ALBSDRVHV79QDalší projednávání možné od 11. 4. 2026.
  Tisk 121 → ALBSDRV9DCVCDalší projednávání možné od 10. 4. 2026.
  Tisk 129 → KORNDS5AS75TDalší projednávání možné od 10. 4. 2026.
  Tisk 130 → KORNDS5FFX14Další projednávání možné od 12. 4. 2026.
  Tisk 132 → KORNDS5AUEX1Další projednávání možné od 11. 4. 2026.
  Tisk 133 → ALBSDSB9VZPHDalší projednávání možné od 25. 4. 2026.
  Tisk 135 → ALBSDS8KFDG1Další projednávání možné od 24. 4. 2026.
  Tisk 138 → KORNDSCCGDN9Další projednávání možné od 24. 4. 2026.
  Tisk 140 → ALBSDSJ9YVTHDalší projednávání možné od 1. 5. 2026.
  Tisk 141 → ALBSDSJA7PG4Další projednávání možné od 1. 5. 2026.
  Tisk 146 → ALBSDSKBRR8BDalší projednávání možné od 2. 5. 2026.
  Tisk 161 → ALBSDSZGD2I7Další projednávání možné od 15. 5. 2026.
  Tisk 168 → KORNDT8EKD5ADalší projednávání možné od 23. 5. 2026.
  Tisk 171 → ALBSDTDAY5XADalší projednávání možné od 30. 5. 2026.
  Tisk 173 → ALBSDTLBDM98Další projednávání možné od 16. 5. 2026.
  Tisk 174 → ALBSDTLBJ4Q7Další projednávání možné od 16. 5. 2026.
  Tisk 181 → ALBSDTTHNE5IDalší projednávání možné od 13. 6. 2026.
  Tisk 186 → ALBSDTYB922FDalší projednávání možné od 13. 6. 2026.
  Tisk 193 → ALBSDU4DJ2KSDalší projednávání možné od 20. 6. 2026.
  Tisk 47 → KORNDP6EMCP8Další projednávání možné od 13. 6. 2026
  Tisk 72 → ALBSDPHHG9IEDalší projednávání možné od 13. 6. 2026
  Tisk 76 → ALBSDPVEF33BNA
  Tisk 77 → ALBSDPVEP9GEDalší projednávání možné od 6. 5. 2026.
Matched 110 of 436 bills
[2026-06-15 20:46:58] [INFO] Matched 110 unique bills to VeKLEP
NOTICE:  relation "bills" already exists, skipping

NOTICE:  relation "impacts" already exists, skipping

NOTICE:  relation "costs" already exists, skipping

NOTICE:  relation "benefits" already exists, skipping

NOTICE:  relation "idx_alerts_token" already exists, skipping

NOTICE:  relation "idx_alerts_active" already exists, skipping

NOTICE:  relation "alerts" already exists, skipping

NOTICE:  relation "idx_alerts_token" already exists, skipping

NOTICE:  relation "idx_alerts_active" already exists, skipping

NOTICE:  column "psp_status" of relation "bills" already exists, skipping

Database initialized
[2026-06-15 20:47:00] [INFO] [1/110] Tisk 17 → KORNDLZJTJLG
[2026-06-15 20:47:01] [ERROR]   Unexpected error: Lists must contain raw vectors or NULL
[2026-06-15 20:47:06] [INFO] [2/110] Tisk 25 → ALBSDN3J9K06
[2026-06-15 20:47:06] [ERROR]   Unexpected error: Lists must contain raw vectors or NULL
[2026-06-15 20:47:11] [INFO] [3/110] Tisk 76 → ALBSDPVEF33B
[2026-06-15 20:47:11] [ERROR]   Unexpected error: Lists must contain raw vectors or NULL
[2026-06-15 20:47:16] [INFO] [4/110] Tisk 77 → ALBSDPVEP9GE
[2026-06-15 20:47:16] [ERROR]   Unexpected error: Lists must contain raw vectors or NULL
[2026-06-15 20:47:22] [INFO] [5/110] Tisk 72 → ALBSDPHHG9IE
[2026-06-15 20:47:22] [ERROR]   Unexpected error: Lists must contain raw vectors or NULL
[2026-06-15 20:47:27] [INFO] [6/110] Tisk 163 → KORNDT4CKC7A
[2026-06-15 20:47:27] [ERROR]   Unexpected error: Lists must contain raw vectors or NULL
[2026-06-15 20:47:32] [INFO] [7/110] Tisk 78 → ALBSDQG99B8P
[2026-06-15 20:47:33] [ERROR]   Unexpected error: Lists must contain raw vectors or NULL
[2026-06-15 20:47:38] [INFO] [8/110] Tisk 13 → KORNDGFD743I
[2026-06-15 20:47:38] [ERROR]   Unexpected error: Lists must contain raw vectors or NULL
[2026-06-15 20:47:43] [INFO] [9/110] Tisk 90 → KORNDQGFVQKI
[2026-06-15 20:47:43] [ERROR]   Unexpected error: Lists must contain raw vectors or NULL
[2026-06-15 20:47:48] [INFO] [10/110] Tisk 48 → KORNDMGGSV4S
[2026-06-15 20:47:48] [ERROR]   Unexpected error: Lists must contain raw vectors or NULL
[2026-06-15 20:47:53] [INFO] [11/110] Tisk 119 → ALBSDRUD7WIN
[2026-06-15 20:47:54] [ERROR]   Unexpected error: Lists must contain raw vectors or NULL
[2026-06-15 20:47:59] [INFO] [12/110] Tisk 82 → ALBSDPLDDVNJ
[2026-06-15 20:47:59] [ERROR]   Unexpected error: Lists must contain raw vectors or NULL
[2026-06-15 20:48:04] [INFO] [13/110] Tisk 144 → KORNDQ6FEQB9
[2026-06-15 20:48:04] [ERROR]   Unexpected error: Lists must contain raw vectors or NULL
[2026-06-15 20:48:09] [INFO] [14/110] Tisk 115 → ALBSDRMDTWS7
[2026-06-15 20:48:09] [ERROR]   Unexpected error: Lists must contain raw vectors or NULL
[2026-06-15 20:48:14] [INFO] [15/110] Tisk 116 → ALBSDRMDPM3T
[2026-06-15 20:48:15] [ERROR]   Unexpected error: Lists must contain raw vectors or NULL
[2026-06-15 20:48:20] [INFO] [16/110] Tisk 124 → KORNDS5JEWJO
[2026-06-15 20:48:20] [ERROR]   Unexpected error: Lists must contain raw vectors or NULL
[2026-06-15 20:48:25] [INFO] [17/110] Tisk 125 → ALBSDS9BKZY8
[2026-06-15 20:48:25] [ERROR]   Unexpected error: Lists must contain raw vectors or NULL
[2026-06-15 20:48:30] [INFO] [18/110] Tisk 35 → ALBSDNR9BUS5
[2026-06-15 20:48:30] [ERROR]   Unexpected error: Lists must contain raw vectors or NULL
[2026-06-15 20:48:36] [INFO] [19/110] Tisk 10 → KORNDDSCZ27K
[2026-06-15 20:48:36] [ERROR]   Unexpected error: Lists must contain raw vectors or NULL
[2026-06-15 20:48:41] [INFO] [20/110] Tisk 14 → KORNDERB9DSR
[2026-06-15 20:48:41] [ERROR]   Unexpected error: Lists must contain raw vectors or NULL
[2026-06-15 20:48:46] [INFO] [21/110] Tisk 58 → KORNDNADQS6X
[2026-06-15 20:48:46] [ERROR]   Unexpected error: Lists must contain raw vectors or NULL
[2026-06-15 20:48:51] [INFO] [22/110] Tisk 61 → ALBSDKJBFFMK
[2026-06-15 20:48:51] [ERROR]   Unexpected error: Lists must contain raw vectors or NULL
[2026-06-15 20:48:57] [INFO] [23/110] Tisk 68 → KORNDJ6J9HOO
[2026-06-15 20:48:57] [ERROR]   Unexpected error: Lists must contain raw vectors or NULL
[2026-06-15 20:49:02] [INFO] [24/110] Tisk 98 → KORNDQAN5F2P
[2026-06-15 20:49:02] [ERROR]   Unexpected error: Lists must contain raw vectors or NULL
[2026-06-15 20:49:07] [INFO] [25/110] Tisk 101 → ALBSDQWLF9TS
[2026-06-15 20:49:07] [ERROR]   Unexpected error: Lists must contain raw vectors or NULL
[2026-06-15 20:49:12] [INFO] [26/110] Tisk 102 → ALBSDQWLF8E9
[2026-06-15 20:49:13] [ERROR]   Unexpected error: Lists must contain raw vectors or NULL
[2026-06-15 20:49:18] [INFO] [27/110] Tisk 111 → KORNDJZJHQ1E
[2026-06-15 20:49:18] [ERROR]   Unexpected error: Lists must contain raw vectors or NULL
[2026-06-15 20:49:23] [INFO] [28/110] Tisk 114 → KORNDQBASCLT
[2026-06-15 20:49:23] [ERROR]   Unexpected error: Lists must contain raw vectors or NULL
[2026-06-15 20:49:28] [INFO] [29/110] Tisk 143 → KORNDMUGLUEK
[2026-06-15 20:49:28] [ERROR]   Unexpected error: Lists must contain raw vectors or NULL
[2026-06-15 20:49:33] [INFO] [30/110] Tisk 145 → KORNDDVFVG8B
[2026-06-15 20:49:33] [ERROR]   Unexpected error: Lists must contain raw vectors or NULL
[2026-06-15 20:49:39] [INFO] [31/110] Tisk 153 → KORNDR9CY314
[2026-06-15 20:49:39] [ERROR]   Unexpected error: Lists must contain raw vectors or NULL
[2026-06-15 20:49:44] [INFO] [32/110] Tisk 154 → ALBSDHZA32NV
[2026-06-15 20:49:44] [ERROR]   Unexpected error: Lists must contain raw vectors or NULL
[2026-06-15 20:49:49] [INFO] [33/110] Tisk 4 → ALBSDNCAQ38L
[2026-06-15 20:49:49] [ERROR]   Unexpected error: Lists must contain raw vectors or NULL
[2026-06-15 20:49:54] [INFO] [34/110] Tisk 5 → ALBSDNCA86EG
[2026-06-15 20:49:55] [ERROR]   Unexpected error: Lists must contain raw vectors or NULL
[2026-06-15 20:50:00] [INFO] [35/110] Tisk 6 → ALBSDNCA2EN4
[2026-06-15 20:50:00] [ERROR]   Unexpected error: Lists must contain raw vectors or NULL
[2026-06-15 20:50:05] [INFO] [36/110] Tisk 7 → ALBSDNC9VFOI
[2026-06-15 20:50:05] [ERROR]   Unexpected error: Lists must contain raw vectors or NULL
[2026-06-15 20:50:10] [INFO] [37/110] Tisk 12 → ALBSDNCAZ9DM
[2026-06-15 20:50:10] [ERROR]   Unexpected error: Lists must contain raw vectors or NULL
[2026-06-15 20:50:15] [INFO] [38/110] Tisk 15 → KORNDNEEWWBR
[2026-06-15 20:50:16] [ERROR]   Unexpected error: Lists must contain raw vectors or NULL
[2026-06-15 20:50:21] [INFO] [39/110] Tisk 24 → ALBSDNKACN8A
[2026-06-15 20:50:21] [ERROR]   Unexpected error: Lists must contain raw vectors or NULL
[2026-06-15 20:50:26] [INFO] [40/110] Tisk 28 → ALBSDNKKC8I6
[2026-06-15 20:50:26] [ERROR]   Unexpected error: Lists must contain raw vectors or NULL
[2026-06-15 20:50:31] [INFO] [41/110] Tisk 40 → ALBSDNUHZ9BU
[2026-06-15 20:50:31] [ERROR]   Unexpected error: Lists must contain raw vectors or NULL
[2026-06-15 20:50:36] [INFO] [42/110] Tisk 42 → ALBSDNUHUHYU
[2026-06-15 20:50:37] [ERROR]   Unexpected error: Lists must contain raw vectors or NULL
[2026-06-15 20:50:42] [INFO] [43/110] Tisk 49 → KORNDP6FALEB
[2026-06-15 20:50:42] [ERROR]   Unexpected error: Lists must contain raw vectors or NULL
[2026-06-15 20:50:47] [INFO] [44/110] Tisk 50 → ALBSDQK9WKJD
[2026-06-15 20:50:47] [ERROR]   Unexpected error: Lists must contain raw vectors or NULL
[2026-06-15 20:50:52] [INFO] [45/110] Tisk 59 → ALBSDPECPS4O
[2026-06-15 20:50:52] [ERROR]   Unexpected error: Lists must contain raw vectors or NULL
[2026-06-15 20:50:57] [INFO] [46/110] Tisk 71 → ALBSDPHMFNE2
[2026-06-15 20:50:57] [ERROR]   Unexpected error: Lists must contain raw vectors or NULL
[2026-06-15 20:51:03] [INFO] [47/110] Tisk 73 → ALBSDPUA7225
[2026-06-15 20:51:03] [ERROR]   Unexpected error: Lists must contain raw vectors or NULL
[2026-06-15 20:51:08] [INFO] [48/110] Tisk 74 → ALBSDQDACPI1
[2026-06-15 20:51:08] [ERROR]   Unexpected error: Lists must contain raw vectors or NULL
[2026-06-15 20:51:13] [INFO] [49/110] Tisk 75 → ALBSDQKA3C4N
[2026-06-15 20:51:13] [ERROR]   Unexpected error: Lists must contain raw vectors or NULL
[2026-06-15 20:51:18] [INFO] [50/110] Tisk 86 → ALBSDQRAN8WQ
[2026-06-15 20:51:19] [ERROR]   Unexpected error: Lists must contain raw vectors or NULL
[2026-06-15 20:51:24] [INFO] [51/110] Tisk 89 → ALBSDQTF86PL
[2026-06-15 20:51:24] [ERROR]   Unexpected error: Lists must contain raw vectors or NULL
[2026-06-15 20:51:29] [INFO] [52/110] Tisk 99 → ALBSDR79R7BR
[2026-06-15 20:51:29] [ERROR]   Unexpected error: Lists must contain raw vectors or NULL
[2026-06-15 20:51:34] [INFO] [53/110] Tisk 100 → ALBSDR79V57I
[2026-06-15 20:51:34] [ERROR]   Unexpected error: Lists must contain raw vectors or NULL
[2026-06-15 20:51:39] [INFO] [54/110] Tisk 103 → ALBSDR99RFB1
[2026-06-15 20:51:40] [ERROR]   Unexpected error: Lists must contain raw vectors or NULL
[2026-06-15 20:51:45] [INFO] [55/110] Tisk 104 → ALBSDR99UHLJ
[2026-06-15 20:51:45] [ERROR]   Unexpected error: Lists must contain raw vectors or NULL
[2026-06-15 20:51:50] [INFO] [56/110] Tisk 106 → ALBSDRDBL9NP
[2026-06-15 20:51:50] [ERROR]   Unexpected error: Lists must contain raw vectors or NULL
[2026-06-15 20:51:55] [INFO] [57/110] Tisk 107 → ALBSDRV99BCD
[2026-06-15 20:51:55] [ERROR]   Unexpected error: Lists must contain raw vectors or NULL
[2026-06-15 20:52:00] [INFO] [58/110] Tisk 109 → ALBSDRDGW9D3
[2026-06-15 20:52:01] [ERROR]   Unexpected error: Lists must contain raw vectors or NULL
[2026-06-15 20:52:06] [INFO] [59/110] Tisk 110 → ALBSDRDGYVNR
[2026-06-15 20:52:06] [ERROR]   Unexpected error: Lists must contain raw vectors or NULL
[2026-06-15 20:52:11] [INFO] [60/110] Tisk 112 → ALBSDRFJN7UG
[2026-06-15 20:52:11] [ERROR]   Unexpected error: Lists must contain raw vectors or NULL
[2026-06-15 20:52:16] [INFO] [61/110] Tisk 120 → ALBSDRVHV79Q
[2026-06-15 20:52:16] [ERROR]   Unexpected error: Lists must contain raw vectors or NULL
[2026-06-15 20:52:22] [INFO] [62/110] Tisk 121 → ALBSDRV9DCVC
[2026-06-15 20:52:22] [ERROR]   Unexpected error: Lists must contain raw vectors or NULL
[2026-06-15 20:52:27] [INFO] [63/110] Tisk 129 → KORNDS5AS75T
[2026-06-15 20:52:27] [ERROR]   Unexpected error: Lists must contain raw vectors or NULL
[2026-06-15 20:52:32] [INFO] [64/110] Tisk 130 → KORNDS5FFX14
[2026-06-15 20:52:32] [ERROR]   Unexpected error: Lists must contain raw vectors or NULL
[2026-06-15 20:52:37] [INFO] [65/110] Tisk 131 → KORNDS5FLZJK
[2026-06-15 20:52:37] [ERROR]   Unexpected error: Lists must contain raw vectors or NULL
[2026-06-15 20:52:43] [INFO] [66/110] Tisk 132 → KORNDS5AUEX1
[2026-06-15 20:52:43] [ERROR]   Unexpected error: Lists must contain raw vectors or NULL
[2026-06-15 20:52:48] [INFO] [67/110] Tisk 16 → KORNDFBH6CTH
[2026-06-15 20:52:48] [ERROR]   Unexpected error: Lists must contain raw vectors or NULL
[2026-06-15 20:52:53] [INFO] [68/110] Tisk 83 → KORNDK9DFTG2
[2026-06-15 20:52:53] [ERROR]   Unexpected error: Lists must contain raw vectors or NULL
[2026-06-15 20:52:58] [INFO] [69/110] Tisk 113 → ALBSDDEJ5C5N
[2026-06-15 20:52:59] [ERROR]   Unexpected error: Lists must contain raw vectors or NULL
[2026-06-15 20:53:04] [INFO] [70/110] Tisk 47 → KORNDP6EMCP8
[2026-06-15 20:53:04] [ERROR]   Unexpected error: Lists must contain raw vectors or NULL
[2026-06-15 20:53:09] [INFO] [71/110] Tisk 162 → ALBSDLNEPCL2
[2026-06-15 20:53:09] [ERROR]   Unexpected error: Lists must contain raw vectors or NULL
[2026-06-15 20:53:14] [INFO] [72/110] Tisk 172 → KORNDRVB6L2L
[2026-06-15 20:53:14] [ERROR]   Unexpected error: Lists must contain raw vectors or NULL
[2026-06-15 20:53:19] [INFO] [73/110] Tisk 133 → ALBSDSB9VZPH
[2026-06-15 20:53:20] [ERROR]   Unexpected error: Lists must contain raw vectors or NULL
[2026-06-15 20:53:25] [INFO] [74/110] Tisk 135 → ALBSDS8KFDG1
[2026-06-15 20:53:25] [ERROR]   Unexpected error: Lists must contain raw vectors or NULL
[2026-06-15 20:53:30] [INFO] [75/110] Tisk 138 → KORNDSCCGDN9
[2026-06-15 20:53:30] [ERROR]   Unexpected error: Lists must contain raw vectors or NULL
[2026-06-15 20:53:35] [INFO] [76/110] Tisk 140 → ALBSDSJ9YVTH
[2026-06-15 20:53:35] [ERROR]   Unexpected error: Lists must contain raw vectors or NULL
[2026-06-15 20:53:40] [INFO] [77/110] Tisk 141 → ALBSDSJA7PG4
[2026-06-15 20:53:41] [ERROR]   Unexpected error: Lists must contain raw vectors or NULL
[2026-06-15 20:53:46] [INFO] [78/110] Tisk 146 → ALBSDSKBRR8B
[2026-06-15 20:53:46] [ERROR]   Unexpected error: Lists must contain raw vectors or NULL
[2026-06-15 20:53:51] [INFO] [79/110] Tisk 167 → ALBSDT7A6K64
[2026-06-15 20:53:51] [ERROR]   Unexpected error: Lists must contain raw vectors or NULL
[2026-06-15 20:53:56] [INFO] [80/110] Tisk 57 → ALBSDNKBH74J
[2026-06-15 20:53:56] [ERROR]   Unexpected error: Lists must contain raw vectors or NULL
[2026-06-15 20:54:01] [INFO] [81/110] Tisk 11 → ALBSDNCATZU8
[2026-06-15 20:54:02] [ERROR]   Unexpected error: Lists must contain raw vectors or NULL
[2026-06-15 20:54:07] [INFO] [82/110] Tisk 67 → KORNDPDDEYDL
[2026-06-15 20:54:07] [ERROR]   Unexpected error: Lists must contain raw vectors or NULL
[2026-06-15 20:54:12] [INFO] [83/110] Tisk 46 → KORNDN6DDEND
[2026-06-15 20:54:12] [ERROR]   Unexpected error: Lists must contain raw vectors or NULL
[2026-06-15 20:54:17] [INFO] [84/110] Tisk 52 → ALBSDMXGX7YN
[2026-06-15 20:54:17] [ERROR]   Unexpected error: Lists must contain raw vectors or NULL
[2026-06-15 20:54:22] [INFO] [85/110] Tisk 53 → KORNDMXE7T3Y
[2026-06-15 20:54:23] [ERROR]   Unexpected error: Lists must contain raw vectors or NULL
[2026-06-15 20:54:28] [INFO] [86/110] Tisk 55 → KORNDNJJF6N2
[2026-06-15 20:54:28] [ERROR]   Unexpected error: Lists must contain raw vectors or NULL
[2026-06-15 20:54:33] [INFO] [87/110] Tisk 56 → KORNDNJJF7R7
[2026-06-15 20:54:33] [ERROR]   Unexpected error: Lists must contain raw vectors or NULL
[2026-06-15 20:54:38] [INFO] [88/110] Tisk 62 → KORNDKHF3VQG
[2026-06-15 20:54:38] [ERROR]   Unexpected error: Lists must contain raw vectors or NULL
[2026-06-15 20:54:44] [INFO] [89/110] Tisk 189 → KORNDRFM95MG
[2026-06-15 20:54:44] [ERROR]   Unexpected error: Lists must contain raw vectors or NULL
[2026-06-15 20:54:49] [INFO] [90/110] Tisk 192 → KORNDS2LAKNR
[2026-06-15 20:54:49] [ERROR]   Unexpected error: Lists must contain raw vectors or NULL
[2026-06-15 20:54:54] [INFO] [91/110] Tisk 161 → ALBSDSZGD2I7
[2026-06-15 20:54:54] [ERROR]   Unexpected error: Lists must contain raw vectors or NULL
[2026-06-15 20:54:59] [INFO] [92/110] Tisk 168 → KORNDT8EKD5A
[2026-06-15 20:55:00] [ERROR]   Unexpected error: Lists must contain raw vectors or NULL
[2026-06-15 20:55:05] [INFO] [93/110] Tisk 173 → ALBSDTLBDM98
[2026-06-15 20:55:05] [ERROR]   Unexpected error: Lists must contain raw vectors or NULL
[2026-06-15 20:55:10] [INFO] [94/110] Tisk 174 → ALBSDTLBJ4Q7
[2026-06-15 20:55:10] [ERROR]   Unexpected error: Lists must contain raw vectors or NULL
[2026-06-15 20:55:15] [INFO] [95/110] Tisk 198 → ALBSDRZHK5X1
[2026-06-15 20:55:15] [ERROR]   Unexpected error: Lists must contain raw vectors or NULL
[2026-06-15 20:55:20] [INFO] [96/110] Tisk 190 → ALBSDTZDW2VM
[2026-06-15 20:55:21] [ERROR]   Unexpected error: Lists must contain raw vectors or NULL
[2026-06-15 20:55:26] [INFO] [97/110] Tisk 187 → ALBSDTUDB51A
[2026-06-15 20:55:26] [ERROR]   Unexpected error: Lists must contain raw vectors or NULL
[2026-06-15 20:55:31] [INFO] [98/110] Tisk 69 → KORNDN5B8461
[2026-06-15 20:55:32] [ERROR]   Unexpected error: Lists must contain raw vectors or NULL
[2026-06-15 20:55:37] [INFO] [99/110] Tisk 196 → KORNDPMD76PZ
[2026-06-15 20:55:37] [ERROR]   Unexpected error: Lists must contain raw vectors or NULL
[2026-06-15 20:55:42] [INFO] [100/110] Tisk 199 → KORNDLS9CWIW
[2026-06-15 20:55:43] [ERROR]   Unexpected error: Lists must contain raw vectors or NULL
[2026-06-15 20:55:48] [INFO] [101/110] Tisk 207 → KORNDLMBS4FB
[2026-06-15 20:55:48] [ERROR]   Unexpected error: Lists must contain raw vectors or NULL
[2026-06-15 20:55:53] [INFO] [102/110] Tisk 210 → KORNDTST2VI7
[2026-06-15 20:55:53] [ERROR]   Unexpected error: Lists must contain raw vectors or NULL
[2026-06-15 20:55:58] [INFO] [103/110] Tisk 213 → KORNDU7AL36H
[2026-06-15 20:55:58] [ERROR]   Unexpected error: Lists must contain raw vectors or NULL
[2026-06-15 20:56:03] [INFO] [104/110] Tisk 218 → KORNDS2HT779
[2026-06-15 20:56:04] [ERROR]   Unexpected error: Lists must contain raw vectors or NULL
[2026-06-15 20:56:09] [INFO] [105/110] Tisk 219 → ALBSDCQH22PE
[2026-06-15 20:56:09] [ERROR]   Unexpected error: Lists must contain raw vectors or NULL
[2026-06-15 20:56:14] [INFO] [106/110] Tisk 222 → ALBSDMJFC24N
[2026-06-15 20:56:14] [ERROR]   Unexpected error: Lists must contain raw vectors or NULL
[2026-06-15 20:56:19] [INFO] [107/110] Tisk 171 → ALBSDTDAY5XA
[2026-06-15 20:56:19] [ERROR]   Unexpected error: Lists must contain raw vectors or NULL
[2026-06-15 20:56:24] [INFO] [108/110] Tisk 181 → ALBSDTTHNE5I
[2026-06-15 20:56:25] [ERROR]   Unexpected error: Lists must contain raw vectors or NULL
[2026-06-15 20:56:30] [INFO] [109/110] Tisk 186 → ALBSDTYB922F
[2026-06-15 20:56:30] [ERROR]   Unexpected error: Lists must contain raw vectors or NULL
[2026-06-15 20:56:35] [INFO] [110/110] Tisk 193 → ALBSDU4DJ2KS
[2026-06-15 20:56:35] [ERROR]   Unexpected error: Lists must contain raw vectors or NULL
[2026-06-15 20:56:40] [INFO] Results — Success: 0 | Skipped: 0 | No document: 0 | Errors: 110
Trying: https://ria.vlada.cz/komise/jednani-v-roce-2026/
Found 1 sessions for 2026
Scraping session: https://ria.vlada.cz/komise/jednani-v-roce-2026/jednani-c-148-dne-30-ledna-2026/
Saved verdict B for KORNDMUGLUEK
Trying: https://ria.vlada.cz/komise/jednani-v-roce-2025/
Trying: https://ria.vlada.cz/komise/jednani-komise-ria-v-roce-2025/
Found 4 sessions for 2025
Scraping session: https://ria.vlada.cz/komise/jednani-komise-ria-v-roce-2025/jednani-c-142-dne-24-ledna-2025/
Scraping session: https://ria.vlada.cz/komise/jednani-komise-ria-v-roce-2025/jednani-c-143-dne-24-unora-2025/
Scraping session: https://ria.vlada.cz/komise/jednani-komise-ria-v-roce-2025/jednani-c-144-dne-7-dubna-2025/
Scraping session: https://ria.vlada.cz/komise/jednani-komise-ria-v-roce-2025/jednani-c-145-dne-8-srpna-2025/
Saved verdict B for KORNDDVFVG8B
Total Komise RIA verdicts matched: 2
=== Checking alerts ===
No active alerts — skipping
There were 50 or more warnings (use warnings() to see the first 50)
NOTICE:  relation "heartbeat" already exists, skipping

[2026-06-15 20:56:58] [INFO] Heartbeat updated in Supabase
[2026-06-15 20:56:59] [INFO] Healthchecks.io pinged: success
[2026-06-15 20:56:59] [INFO] === Scheduled run complete ===

Attaching package: 'xml2'

The following object is masked from 'package:httr2':

    url_parse

Using poppler version 23.08.0

Attaching package: 'dplyr'

The following objects are masked from 'package:stats':

    filter, lag

The following objects are masked from 'package:base':

    intersect, setdiff, setequal, union

Warning message:
package 'jsonlite' was built under R version 4.3.3 

Attaching package: 'purrr'

The following object is masked from 'package:jsonlite':

    flatten

[2026-06-16 07:57:03] [INFO] === Pipeline started ===
Active sessions: 24, 6, 3, 15, 4
[2026-06-16 07:57:05] [INFO] Sessions to scan: 3, 4, 6, 14, 15, 16, 17, 18, 19, 20, 21, 22, 23, 24, 25, 26, 27, 28, 29
Fetching session 3 agenda: https://www.psp.cz/schuze/10/3
Found 2 bills in session 3
Fetching session 4 agenda: https://www.psp.cz/schuze/10/4
No tisk links found in session 4
Fetching session 6 agenda: https://www.psp.cz/schuze/10/6
Found 3 bills in session 6
Fetching session 14 agenda: https://www.psp.cz/schuze/10/14
Found 88 bills in session 14
Fetching session 15 agenda: https://www.psp.cz/schuze/10/15
No tisk links found in session 15
Fetching session 16 agenda: https://www.psp.cz/schuze/10/16
Found 98 bills in session 16
Fetching session 17 agenda: https://www.psp.cz/schuze/10/17
Found 4 bills in session 17
Fetching session 18 agenda: https://www.psp.cz/schuze/10/18
No tisk links found in session 18
Fetching session 19 agenda: https://www.psp.cz/schuze/10/19
Found 2 bills in session 19
Fetching session 20 agenda: https://www.psp.cz/schuze/10/20
Found 111 bills in session 20
Fetching session 21 agenda: https://www.psp.cz/schuze/10/21
Found 3 bills in session 21
Fetching session 22 agenda: https://www.psp.cz/schuze/10/22
No tisk links found in session 22
Fetching session 23 agenda: https://www.psp.cz/schuze/10/23
Found 1 bills in session 23
Fetching session 24 agenda: https://www.psp.cz/schuze/10/24
Found 124 bills in session 24
Fetching session 25 agenda: https://www.psp.cz/schuze/10/25
No tisk links found in session 25
Fetching session 26 agenda: https://www.psp.cz/schuze/10/26
No tisk links found in session 26
Fetching session 27 agenda: https://www.psp.cz/schuze/10/27
No tisk links found in session 27
Fetching session 28 agenda: https://www.psp.cz/schuze/10/28
No tisk links found in session 28
Fetching session 29 agenda: https://www.psp.cz/schuze/10/29
No tisk links found in session 29
[2026-06-16 07:57:13] [INFO] Bills found: 436 across 19 sessions
Fetching VeKLEP PIDs from PSP for 436 bills...
  Tisk 17 → KORNDLZJTJLGNávrh státního rozpočtu vrácen (usnesení č. 46).
  Tisk 25 → ALBSDN3J9K06Zákon vyhlášen 29. 12. 2025 ve  Sbírce zákonů v částce 583 pod číslem 583/2025 Sb.
  Tisk 76 → ALBSDPVEF33BNA
  Tisk 77 → ALBSDPVEP9GEDalší projednávání možné od 6. 5. 2026.
  Tisk 72 → ALBSDPHHG9IEDalší projednávání možné od 13. 6. 2026
  Tisk 163 → KORNDT4CKC7AZákon vyhlášen 13. 5. 2026 ve  Sbírce zákonů v částce 63 pod číslem 63/2026 Sb.
  Tisk 78 → ALBSDQG99B8PZákon vyhlášen 12. 5. 2026 ve  Sbírce zákonů v částce 59 pod číslem 59/2026 Sb.
  Tisk 13 → KORNDGFD743IPoslanecká sněmovna postoupila  dne 9. 6. 2026 návrh zákona Senátu jako tisk 252, dokument 252/0.OOrganizační výbor  dne 9. 6.
  Tisk 90 → KORNDQGFVQKIPoslanecká sněmovna postoupila  dne 26. 5. 2026 návrh zákona Senátu jako tisk 246, dokument 246/0.OOrganizační výbor  dne 27. 5.
  Tisk 48 → KORNDMGGSV4SDalší projednávání možné od 10. 4. 2026.
  Tisk 119 → ALBSDRUD7WINPoslanecká sněmovna postoupila  dne 9. 6. 2026 návrh zákona Senátu jako tisk 251, dokument 251/0.OOrganizační výbor  dne 9. 6.
  Tisk 76 → ALBSDPVEF33BNA
  Tisk 77 → ALBSDPVEP9GEDalší projednávání možné od 6. 5. 2026.
  Tisk 82 → ALBSDPLDDVNJPoslanecká sněmovna postoupila  dne 11. 6. 2026 návrh zákona Senátu jako tisk 253, dokument 253/0.
  Tisk 144 → KORNDQ6FEQB9Další projednávání možné od 15. 6. 2026.
  Tisk 115 → ALBSDRMDTWS7Další projednávání možné od 21. 6. 2026.
  Tisk 116 → ALBSDRMDPM3TDalší projednávání možné od 22. 6. 2026.
  Tisk 124 → KORNDS5JEWJOZákon vyhlášen 10. 6. 2026 ve  Sbírce zákonů v částce 93 pod číslem 93/2026 Sb.
  Tisk 125 → ALBSDS9BKZY8Zákon vyhlášen 10. 6. 2026 ve  Sbírce zákonů v částce 92 pod číslem 92/2026 Sb.
  Tisk 35 → ALBSDNR9BUS5Další projednávání možné od 27. 12. 2025.
  Tisk 10 → KORNDDSCZ27KDalší projednávání možné od 16. 11. 2025.
  Tisk 14 → KORNDERB9DSRDalší projednávání možné od 18. 11. 2025.
  Tisk 58 → KORNDNADQS6XDalší projednávání možné od 21. 12. 2025.
  Tisk 61 → ALBSDKJBFFMKDalší projednávání možné od 23. 12. 2025.
  Tisk 68 → KORNDJ6J9HOONA
  Tisk 98 → KORNDQAN5F2PDalší projednávání možné od 16. 2. 2026.
  Tisk 101 → ALBSDQWLF9TSDalší projednávání možné od 21. 2. 2026.
  Tisk 102 → ALBSDQWLF8E9Další projednávání možné od 21. 2. 2026.
  Tisk 111 → KORNDJZJHQ1EDalší projednávání možné od 27. 2. 2026.
  Tisk 114 → KORNDQBASCLTDalší projednávání možné od 1. 3. 2026.
  Tisk 143 → KORNDMUGLUEKDalší projednávání možné od 5. 4. 2026.
  Tisk 145 → KORNDDVFVG8BDalší projednávání možné od 24. 5. 2026.
  Tisk 153 → KORNDR9CY314Další projednávání možné od 13. 4. 2026.
  Tisk 154 → ALBSDHZA32NVDalší projednávání možné od 13. 4. 2026.
  Tisk 4 → ALBSDNCAQ38LDalší projednávání možné od 15. 12. 2025.
  Tisk 5 → ALBSDNCA86EGDalší projednávání možné od 14. 12. 2025.
  Tisk 6 → ALBSDNCA2EN4Další projednávání možné od 14. 12. 2025.
  Tisk 7 → ALBSDNC9VFOIDalší projednávání možné od 14. 12. 2025.
  Tisk 12 → ALBSDNCAZ9DMDalší projednávání možné od 15. 12. 2025.
  Tisk 15 → KORNDNEEWWBRDalší projednávání možné od 23. 12. 2025.
  Tisk 24 → ALBSDNKACN8ADalší projednávání možné od 22. 12. 2025.
  Tisk 28 → ALBSDNKKC8I6Další projednávání možné od 22. 12. 2025.
  Tisk 40 → ALBSDNUHZ9BUDalší projednávání možné od 2. 1. 2026.
  Tisk 42 → ALBSDNUHUHYUDalší projednávání možné od 2. 1. 2026.
  Tisk 49 → KORNDP6FALEBDalší projednávání možné od 2. 1. 2026.
  Tisk 50 → ALBSDQK9WKJDDalší projednávání možné od 27. 2. 2026.
  Tisk 59 → ALBSDPECPS4ODalší projednávání možné od 23. 1. 2026.
  Tisk 71 → ALBSDPHMFNE2Další projednávání možné od 23. 1. 2026.
  Tisk 73 → ALBSDPUA7225Další projednávání možné od 30. 1. 2026.
  Tisk 74 → ALBSDQDACPI1Další projednávání možné od 20. 2. 2026.
  Tisk 75 → ALBSDQKA3C4NDalší projednávání možné od 27. 2. 2026.
  Tisk 86 → ALBSDQRAN8WQDalší projednávání možné od 7. 3. 2026.
  Tisk 89 → ALBSDQTF86PLDalší projednávání možné od 7. 3. 2026.
  Tisk 99 → ALBSDR79R7BRDalší projednávání možné od 14. 3. 2026.
  Tisk 100 → ALBSDR79V57IDalší projednávání možné od 13. 3. 2026.
  Tisk 103 → ALBSDR99RFB1Další projednávání možné od 20. 3. 2026.
  Tisk 104 → ALBSDR99UHLJDalší projednávání možné od 20. 3. 2026.
  Tisk 106 → ALBSDRDBL9NPDalší projednávání možné od 20. 3. 2026.
  Tisk 107 → ALBSDRV99BCDDalší projednávání možné od 10. 4. 2026.
  Tisk 109 → ALBSDRDGW9D3Další projednávání možné od 29. 3. 2026.
  Tisk 110 → ALBSDRDGYVNRDalší projednávání možné od 29. 3. 2026.
  Tisk 112 → ALBSDRFJN7UGDalší projednávání možné od 29. 3. 2026.
  Tisk 120 → ALBSDRVHV79QDalší projednávání možné od 11. 4. 2026.
  Tisk 121 → ALBSDRV9DCVCDalší projednávání možné od 10. 4. 2026.
  Tisk 129 → KORNDS5AS75TDalší projednávání možné od 10. 4. 2026.
  Tisk 130 → KORNDS5FFX14Další projednávání možné od 12. 4. 2026.
  Tisk 131 → KORNDS5FLZJKZákon vyhlášen 26. 5. 2026 ve  Sbírce zákonů v částce 70 pod číslem 70/2026 Sb.
  Tisk 132 → KORNDS5AUEX1Další projednávání možné od 11. 4. 2026.
  Tisk 16 → KORNDFBH6CTHDalší projednávání možné od 24. 4. 2026.
  Tisk 83 → KORNDK9DFTG2Další projednávání možné od 12. 4. 2026.
  Tisk 113 → ALBSDDEJ5C5NDalší projednávání možné od 25. 4. 2026.
  Tisk 47 → KORNDP6EMCP8Další projednávání možné od 13. 6. 2026
  Tisk 72 → ALBSDPHHG9IEDalší projednávání možné od 13. 6. 2026
  Tisk 124 → KORNDS5JEWJOZákon vyhlášen 10. 6. 2026 ve  Sbírce zákonů v částce 93 pod číslem 93/2026 Sb.
  Tisk 125 → ALBSDS9BKZY8Zákon vyhlášen 10. 6. 2026 ve  Sbírce zákonů v částce 92 pod číslem 92/2026 Sb.
  Tisk 10 → KORNDDSCZ27KDalší projednávání možné od 16. 11. 2025.
  Tisk 14 → KORNDERB9DSRDalší projednávání možné od 18. 11. 2025.
  Tisk 58 → KORNDNADQS6XDalší projednávání možné od 21. 12. 2025.
  Tisk 61 → ALBSDKJBFFMKDalší projednávání možné od 23. 12. 2025.
  Tisk 98 → KORNDQAN5F2PDalší projednávání možné od 16. 2. 2026.
  Tisk 101 → ALBSDQWLF9TSDalší projednávání možné od 21. 2. 2026.
  Tisk 102 → ALBSDQWLF8E9Další projednávání možné od 21. 2. 2026.
  Tisk 111 → KORNDJZJHQ1EDalší projednávání možné od 27. 2. 2026.
  Tisk 114 → KORNDQBASCLTDalší projednávání možné od 1. 3. 2026.
  Tisk 143 → KORNDMUGLUEKDalší projednávání možné od 5. 4. 2026.
  Tisk 153 → KORNDR9CY314Další projednávání možné od 13. 4. 2026.
  Tisk 154 → ALBSDHZA32NVDalší projednávání možné od 13. 4. 2026.
  Tisk 162 → ALBSDLNEPCL2Další projednávání možné od 24. 4. 2026.
  Tisk 172 → KORNDRVB6L2LDalší projednávání možné od 2. 5. 2026.
  Tisk 4 → ALBSDNCAQ38LDalší projednávání možné od 15. 12. 2025.
  Tisk 5 → ALBSDNCA86EGDalší projednávání možné od 14. 12. 2025.
  Tisk 6 → ALBSDNCA2EN4Další projednávání možné od 14. 12. 2025.
  Tisk 7 → ALBSDNC9VFOIDalší projednávání možné od 14. 12. 2025.
  Tisk 12 → ALBSDNCAZ9DMDalší projednávání možné od 15. 12. 2025.
  Tisk 15 → KORNDNEEWWBRDalší projednávání možné od 23. 12. 2025.
  Tisk 24 → ALBSDNKACN8ADalší projednávání možné od 22. 12. 2025.
  Tisk 28 → ALBSDNKKC8I6Další projednávání možné od 22. 12. 2025.
  Tisk 35 → ALBSDNR9BUS5Další projednávání možné od 27. 12. 2025.
  Tisk 40 → ALBSDNUHZ9BUDalší projednávání možné od 2. 1. 2026.
  Tisk 42 → ALBSDNUHUHYUDalší projednávání možné od 2. 1. 2026.
  Tisk 49 → KORNDP6FALEBDalší projednávání možné od 2. 1. 2026.
  Tisk 50 → ALBSDQK9WKJDDalší projednávání možné od 27. 2. 2026.
  Tisk 59 → ALBSDPECPS4ODalší projednávání možné od 23. 1. 2026.
  Tisk 71 → ALBSDPHMFNE2Další projednávání možné od 23. 1. 2026.
  Tisk 73 → ALBSDPUA7225Další projednávání možné od 30. 1. 2026.
  Tisk 74 → ALBSDQDACPI1Další projednávání možné od 20. 2. 2026.
  Tisk 75 → ALBSDQKA3C4NDalší projednávání možné od 27. 2. 2026.
  Tisk 86 → ALBSDQRAN8WQDalší projednávání možné od 7. 3. 2026.
  Tisk 89 → ALBSDQTF86PLDalší projednávání možné od 7. 3. 2026.
  Tisk 99 → ALBSDR79R7BRDalší projednávání možné od 14. 3. 2026.
  Tisk 100 → ALBSDR79V57IDalší projednávání možné od 13. 3. 2026.
  Tisk 103 → ALBSDR99RFB1Další projednávání možné od 20. 3. 2026.
  Tisk 104 → ALBSDR99UHLJDalší projednávání možné od 20. 3. 2026.
  Tisk 106 → ALBSDRDBL9NPDalší projednávání možné od 20. 3. 2026.
  Tisk 107 → ALBSDRV99BCDDalší projednávání možné od 10. 4. 2026.
  Tisk 109 → ALBSDRDGW9D3Další projednávání možné od 29. 3. 2026.
  Tisk 110 → ALBSDRDGYVNRDalší projednávání možné od 29. 3. 2026.
  Tisk 112 → ALBSDRFJN7UGDalší projednávání možné od 29. 3. 2026.
  Tisk 120 → ALBSDRVHV79QDalší projednávání možné od 11. 4. 2026.
  Tisk 121 → ALBSDRV9DCVCDalší projednávání možné od 10. 4. 2026.
  Tisk 129 → KORNDS5AS75TDalší projednávání možné od 10. 4. 2026.
  Tisk 130 → KORNDS5FFX14Další projednávání možné od 12. 4. 2026.
  Tisk 132 → KORNDS5AUEX1Další projednávání možné od 11. 4. 2026.
  Tisk 133 → ALBSDSB9VZPHDalší projednávání možné od 25. 4. 2026.
  Tisk 135 → ALBSDS8KFDG1Další projednávání možné od 24. 4. 2026.
  Tisk 138 → KORNDSCCGDN9Další projednávání možné od 24. 4. 2026.
  Tisk 140 → ALBSDSJ9YVTHDalší projednávání možné od 1. 5. 2026.
  Tisk 141 → ALBSDSJA7PG4Další projednávání možné od 1. 5. 2026.
  Tisk 146 → ALBSDSKBRR8BDalší projednávání možné od 2. 5. 2026.
  Tisk 167 → ALBSDT7A6K64Zákon vyhlášen 10. 6. 2026 ve  Sbírce zákonů v částce 91 pod číslem 91/2026 Sb.
  Tisk 13 → KORNDGFD743IPoslanecká sněmovna postoupila  dne 9. 6. 2026 návrh zákona Senátu jako tisk 252, dokument 252/0.OOrganizační výbor  dne 9. 6.
  Tisk 48 → KORNDMGGSV4SDalší projednávání možné od 10. 4. 2026.
  Tisk 82 → ALBSDPLDDVNJPoslanecká sněmovna postoupila  dne 11. 6. 2026 návrh zákona Senátu jako tisk 253, dokument 253/0.
  Tisk 90 → KORNDQGFVQKIPoslanecká sněmovna postoupila  dne 26. 5. 2026 návrh zákona Senátu jako tisk 246, dokument 246/0.OOrganizační výbor  dne 27. 5.
  Tisk 76 → ALBSDPVEF33BNA
  Tisk 77 → ALBSDPVEP9GEDalší projednávání možné od 6. 5. 2026.
  Tisk 119 → ALBSDRUD7WINPoslanecká sněmovna postoupila  dne 9. 6. 2026 návrh zákona Senátu jako tisk 251, dokument 251/0.OOrganizační výbor  dne 9. 6.
  Tisk 90 → KORNDQGFVQKIPoslanecká sněmovna postoupila  dne 26. 5. 2026 návrh zákona Senátu jako tisk 246, dokument 246/0.OOrganizační výbor  dne 27. 5.
  Tisk 82 → ALBSDPLDDVNJPoslanecká sněmovna postoupila  dne 11. 6. 2026 návrh zákona Senátu jako tisk 253, dokument 253/0.
  Tisk 47 → KORNDP6EMCP8Další projednávání možné od 13. 6. 2026
  Tisk 72 → ALBSDPHHG9IEDalší projednávání možné od 13. 6. 2026
  Tisk 124 → KORNDS5JEWJOZákon vyhlášen 10. 6. 2026 ve  Sbírce zákonů v částce 93 pod číslem 93/2026 Sb.
  Tisk 125 → ALBSDS9BKZY8Zákon vyhlášen 10. 6. 2026 ve  Sbírce zákonů v částce 92 pod číslem 92/2026 Sb.
  Tisk 57 → ALBSDNKBH74JSenát návrh vrátil sněmovně s pozměňovacími návrhy (usnesení č. 417).
  Tisk 11 → ALBSDNCATZU8Zákon vyhlášen 10. 6. 2026 ve  Sbírce zákonů v částce 90 pod číslem 90/2026 Sb.
  Tisk 67 → KORNDPDDEYDLNA
  Tisk 16 → KORNDFBH6CTHDalší projednávání možné od 24. 4. 2026.
  Tisk 46 → KORNDN6DDENDDalší projednávání možné od 24. 5. 2026.
  Tisk 52 → ALBSDMXGX7YNDalší projednávání možné od 25. 5. 2026.
  Tisk 53 → KORNDMXE7T3YDalší projednávání možné od 25. 5. 2026.
  Tisk 55 → KORNDNJJF6N2Další projednávání možné od 25. 5. 2026.
  Tisk 56 → KORNDNJJF7R7Další projednávání možné od 25. 5. 2026.
  Tisk 62 → KORNDKHF3VQGDalší projednávání možné od 25. 5. 2026.
  Tisk 83 → KORNDK9DFTG2Další projednávání možné od 12. 4. 2026.
  Tisk 113 → ALBSDDEJ5C5NDalší projednávání možné od 25. 4. 2026.
  Tisk 145 → KORNDDVFVG8BDalší projednávání možné od 24. 5. 2026.
  Tisk 72 → ALBSDPHHG9IEDalší projednávání možné od 13. 6. 2026
  Tisk 14 → KORNDERB9DSRDalší projednávání možné od 18. 11. 2025.
  Tisk 58 → KORNDNADQS6XDalší projednávání možné od 21. 12. 2025.
  Tisk 10 → KORNDDSCZ27KDalší projednávání možné od 16. 11. 2025.
  Tisk 61 → ALBSDKJBFFMKDalší projednávání možné od 23. 12. 2025.
  Tisk 98 → KORNDQAN5F2PDalší projednávání možné od 16. 2. 2026.
  Tisk 101 → ALBSDQWLF9TSDalší projednávání možné od 21. 2. 2026.
  Tisk 102 → ALBSDQWLF8E9Další projednávání možné od 21. 2. 2026.
  Tisk 111 → KORNDJZJHQ1EDalší projednávání možné od 27. 2. 2026.
  Tisk 114 → KORNDQBASCLTDalší projednávání možné od 1. 3. 2026.
  Tisk 143 → KORNDMUGLUEKDalší projednávání možné od 5. 4. 2026.
  Tisk 153 → KORNDR9CY314Další projednávání možné od 13. 4. 2026.
  Tisk 154 → ALBSDHZA32NVDalší projednávání možné od 13. 4. 2026.
  Tisk 162 → ALBSDLNEPCL2Další projednávání možné od 24. 4. 2026.
  Tisk 172 → KORNDRVB6L2LDalší projednávání možné od 2. 5. 2026.
  Tisk 189 → KORNDRFM95MGDalší projednávání možné od 4. 7. 2026.
  Tisk 192 → KORNDS2LAKNRDalší projednávání možné od 24. 5. 2026.
  Tisk 4 → ALBSDNCAQ38LDalší projednávání možné od 15. 12. 2025.
  Tisk 5 → ALBSDNCA86EGDalší projednávání možné od 14. 12. 2025.
  Tisk 6 → ALBSDNCA2EN4Další projednávání možné od 14. 12. 2025.
  Tisk 7 → ALBSDNC9VFOIDalší projednávání možné od 14. 12. 2025.
  Tisk 12 → ALBSDNCAZ9DMDalší projednávání možné od 15. 12. 2025.
  Tisk 15 → KORNDNEEWWBRDalší projednávání možné od 23. 12. 2025.
  Tisk 24 → ALBSDNKACN8ADalší projednávání možné od 22. 12. 2025.
  Tisk 28 → ALBSDNKKC8I6Další projednávání možné od 22. 12. 2025.
  Tisk 35 → ALBSDNR9BUS5Další projednávání možné od 27. 12. 2025.
  Tisk 40 → ALBSDNUHZ9BUDalší projednávání možné od 2. 1. 2026.
  Tisk 42 → ALBSDNUHUHYUDalší projednávání možné od 2. 1. 2026.
  Tisk 49 → KORNDP6FALEBDalší projednávání možné od 2. 1. 2026.
  Tisk 50 → ALBSDQK9WKJDDalší projednávání možné od 27. 2. 2026.
  Tisk 59 → ALBSDPECPS4ODalší projednávání možné od 23. 1. 2026.
  Tisk 71 → ALBSDPHMFNE2Další projednávání možné od 23. 1. 2026.
  Tisk 73 → ALBSDPUA7225Další projednávání možné od 30. 1. 2026.
  Tisk 74 → ALBSDQDACPI1Další projednávání možné od 20. 2. 2026.
  Tisk 75 → ALBSDQKA3C4NDalší projednávání možné od 27. 2. 2026.
  Tisk 86 → ALBSDQRAN8WQDalší projednávání možné od 7. 3. 2026.
  Tisk 89 → ALBSDQTF86PLDalší projednávání možné od 7. 3. 2026.
  Tisk 99 → ALBSDR79R7BRDalší projednávání možné od 14. 3. 2026.
  Tisk 100 → ALBSDR79V57IDalší projednávání možné od 13. 3. 2026.
  Tisk 103 → ALBSDR99RFB1Další projednávání možné od 20. 3. 2026.
  Tisk 104 → ALBSDR99UHLJDalší projednávání možné od 20. 3. 2026.
  Tisk 106 → ALBSDRDBL9NPDalší projednávání možné od 20. 3. 2026.
  Tisk 107 → ALBSDRV99BCDDalší projednávání možné od 10. 4. 2026.
  Tisk 109 → ALBSDRDGW9D3Další projednávání možné od 29. 3. 2026.
  Tisk 110 → ALBSDRDGYVNRDalší projednávání možné od 29. 3. 2026.
  Tisk 112 → ALBSDRFJN7UGDalší projednávání možné od 29. 3. 2026.
  Tisk 120 → ALBSDRVHV79QDalší projednávání možné od 11. 4. 2026.
  Tisk 121 → ALBSDRV9DCVCDalší projednávání možné od 10. 4. 2026.
  Tisk 129 → KORNDS5AS75TDalší projednávání možné od 10. 4. 2026.
  Tisk 130 → KORNDS5FFX14Další projednávání možné od 12. 4. 2026.
  Tisk 132 → KORNDS5AUEX1Další projednávání možné od 11. 4. 2026.
  Tisk 133 → ALBSDSB9VZPHDalší projednávání možné od 25. 4. 2026.
  Tisk 135 → ALBSDS8KFDG1Další projednávání možné od 24. 4. 2026.
  Tisk 138 → KORNDSCCGDN9Další projednávání možné od 24. 4. 2026.
  Tisk 140 → ALBSDSJ9YVTHDalší projednávání možné od 1. 5. 2026.
  Tisk 141 → ALBSDSJA7PG4Další projednávání možné od 1. 5. 2026.
  Tisk 146 → ALBSDSKBRR8BDalší projednávání možné od 2. 5. 2026.
  Tisk 161 → ALBSDSZGD2I7Další projednávání možné od 15. 5. 2026.
  Tisk 168 → KORNDT8EKD5ADalší projednávání možné od 23. 5. 2026.
  Tisk 173 → ALBSDTLBDM98Další projednávání možné od 16. 5. 2026.
  Tisk 174 → ALBSDTLBJ4Q7Další projednávání možné od 16. 5. 2026.
  Tisk 119 → ALBSDRUD7WINPoslanecká sněmovna postoupila  dne 9. 6. 2026 návrh zákona Senátu jako tisk 251, dokument 251/0.OOrganizační výbor  dne 9. 6.
  Tisk 13 → KORNDGFD743IPoslanecká sněmovna postoupila  dne 9. 6. 2026 návrh zákona Senátu jako tisk 252, dokument 252/0.OOrganizační výbor  dne 9. 6.
  Tisk 48 → KORNDMGGSV4SDalší projednávání možné od 10. 4. 2026.
  Tisk 76 → ALBSDPVEF33BNA
  Tisk 77 → ALBSDPVEP9GEDalší projednávání možné od 6. 5. 2026.
  Tisk 82 → ALBSDPLDDVNJPoslanecká sněmovna postoupila  dne 11. 6. 2026 návrh zákona Senátu jako tisk 253, dokument 253/0.
  Tisk 198 → ALBSDRZHK5X1Další projednávání možné od 28. 6. 2026.
  Tisk 190 → ALBSDTZDW2VMPoslanecká sněmovna postoupila  dne 9. 6. 2026 návrh zákona Senátu jako tisk 250, dokument 250/0.OOrganizační výbor  dne 9. 6.
  Tisk 187 → ALBSDTUDB51ADalší projednávání možné od 3. 7. 2026.
  Tisk 67 → KORNDPDDEYDLNA
  Tisk 16 → KORNDFBH6CTHDalší projednávání možné od 24. 4. 2026.
  Tisk 46 → KORNDN6DDENDDalší projednávání možné od 24. 5. 2026.
  Tisk 48 → KORNDMGGSV4SDalší projednávání možné od 10. 4. 2026.
  Tisk 52 → ALBSDMXGX7YNDalší projednávání možné od 25. 5. 2026.
  Tisk 53 → KORNDMXE7T3YDalší projednávání možné od 25. 5. 2026.
  Tisk 55 → KORNDNJJF6N2Další projednávání možné od 25. 5. 2026.
  Tisk 56 → KORNDNJJF7R7Další projednávání možné od 25. 5. 2026.
  Tisk 62 → KORNDKHF3VQGDalší projednávání možné od 25. 5. 2026.
  Tisk 69 → KORNDN5B8461Další projednávání možné od 10. 5. 2026.
  Tisk 83 → KORNDK9DFTG2Další projednávání možné od 12. 4. 2026.
  Tisk 113 → ALBSDDEJ5C5NDalší projednávání možné od 25. 4. 2026.
  Tisk 144 → KORNDQ6FEQB9Další projednávání možné od 15. 6. 2026.
  Tisk 145 → KORNDDVFVG8BDalší projednávání možné od 24. 5. 2026.
  Tisk 67 → KORNDPDDEYDLNA
  Tisk 115 → ALBSDRMDTWS7Další projednávání možné od 21. 6. 2026.
  Tisk 116 → ALBSDRMDPM3TDalší projednávání možné od 22. 6. 2026.
  Tisk 10 → KORNDDSCZ27KDalší projednávání možné od 16. 11. 2025.
  Tisk 14 → KORNDERB9DSRDalší projednávání možné od 18. 11. 2025.
  Tisk 58 → KORNDNADQS6XDalší projednávání možné od 21. 12. 2025.
  Tisk 61 → ALBSDKJBFFMKDalší projednávání možné od 23. 12. 2025.
  Tisk 98 → KORNDQAN5F2PDalší projednávání možné od 16. 2. 2026.
  Tisk 101 → ALBSDQWLF9TSDalší projednávání možné od 21. 2. 2026.
  Tisk 102 → ALBSDQWLF8E9Další projednávání možné od 21. 2. 2026.
  Tisk 111 → KORNDJZJHQ1EDalší projednávání možné od 27. 2. 2026.
  Tisk 114 → KORNDQBASCLTDalší projednávání možné od 1. 3. 2026.
  Tisk 143 → KORNDMUGLUEKDalší projednávání možné od 5. 4. 2026.
  Tisk 153 → KORNDR9CY314Další projednávání možné od 13. 4. 2026.
  Tisk 154 → ALBSDHZA32NVDalší projednávání možné od 13. 4. 2026.
  Tisk 162 → ALBSDLNEPCL2Další projednávání možné od 24. 4. 2026.
  Tisk 172 → KORNDRVB6L2LDalší projednávání možné od 2. 5. 2026.
  Tisk 192 → KORNDS2LAKNRDalší projednávání možné od 24. 5. 2026.
  Tisk 196 → KORNDPMD76PZDalší projednávání možné od 26. 5. 2026.
  Tisk 199 → KORNDLS9CWIWDalší projednávání možné od 2. 6. 2026.
  Tisk 207 → KORNDLMBS4FBDalší projednávání možné od 8. 6. 2026.
  Tisk 210 → KORNDTST2VI7Další projednávání možné od 12. 6. 2026.
  Tisk 213 → KORNDU7AL36HDalší projednávání možné od 14. 6. 2026.
  Tisk 218 → KORNDS2HT779Další projednávání možné od 16. 6. 2026.
  Tisk 219 → ALBSDCQH22PEDalší projednávání možné od 16. 6. 2026.
  Tisk 222 → ALBSDMJFC24NDalší projednávání možné od 22. 6. 2026.
  Tisk 4 → ALBSDNCAQ38LDalší projednávání možné od 15. 12. 2025.
  Tisk 5 → ALBSDNCA86EGDalší projednávání možné od 14. 12. 2025.
  Tisk 6 → ALBSDNCA2EN4Další projednávání možné od 14. 12. 2025.
  Tisk 7 → ALBSDNC9VFOIDalší projednávání možné od 14. 12. 2025.
  Tisk 12 → ALBSDNCAZ9DMDalší projednávání možné od 15. 12. 2025.
  Tisk 15 → KORNDNEEWWBRDalší projednávání možné od 23. 12. 2025.
  Tisk 24 → ALBSDNKACN8ADalší projednávání možné od 22. 12. 2025.
  Tisk 28 → ALBSDNKKC8I6Další projednávání možné od 22. 12. 2025.
  Tisk 35 → ALBSDNR9BUS5Další projednávání možné od 27. 12. 2025.
  Tisk 40 → ALBSDNUHZ9BUDalší projednávání možné od 2. 1. 2026.
  Tisk 42 → ALBSDNUHUHYUDalší projednávání možné od 2. 1. 2026.
  Tisk 49 → KORNDP6FALEBDalší projednávání možné od 2. 1. 2026.
  Tisk 50 → ALBSDQK9WKJDDalší projednávání možné od 27. 2. 2026.
  Tisk 59 → ALBSDPECPS4ODalší projednávání možné od 23. 1. 2026.
  Tisk 71 → ALBSDPHMFNE2Další projednávání možné od 23. 1. 2026.
  Tisk 73 → ALBSDPUA7225Další projednávání možné od 30. 1. 2026.
  Tisk 74 → ALBSDQDACPI1Další projednávání možné od 20. 2. 2026.
  Tisk 75 → ALBSDQKA3C4NDalší projednávání možné od 27. 2. 2026.
  Tisk 86 → ALBSDQRAN8WQDalší projednávání možné od 7. 3. 2026.
  Tisk 89 → ALBSDQTF86PLDalší projednávání možné od 7. 3. 2026.
  Tisk 99 → ALBSDR79R7BRDalší projednávání možné od 14. 3. 2026.
  Tisk 100 → ALBSDR79V57IDalší projednávání možné od 13. 3. 2026.
  Tisk 103 → ALBSDR99RFB1Další projednávání možné od 20. 3. 2026.
  Tisk 104 → ALBSDR99UHLJDalší projednávání možné od 20. 3. 2026.
  Tisk 106 → ALBSDRDBL9NPDalší projednávání možné od 20. 3. 2026.
  Tisk 107 → ALBSDRV99BCDDalší projednávání možné od 10. 4. 2026.
  Tisk 109 → ALBSDRDGW9D3Další projednávání možné od 29. 3. 2026.
  Tisk 110 → ALBSDRDGYVNRDalší projednávání možné od 29. 3. 2026.
  Tisk 112 → ALBSDRFJN7UGDalší projednávání možné od 29. 3. 2026.
  Tisk 120 → ALBSDRVHV79QDalší projednávání možné od 11. 4. 2026.
  Tisk 121 → ALBSDRV9DCVCDalší projednávání možné od 10. 4. 2026.
  Tisk 129 → KORNDS5AS75TDalší projednávání možné od 10. 4. 2026.
  Tisk 130 → KORNDS5FFX14Další projednávání možné od 12. 4. 2026.
  Tisk 132 → KORNDS5AUEX1Další projednávání možné od 11. 4. 2026.
  Tisk 133 → ALBSDSB9VZPHDalší projednávání možné od 25. 4. 2026.
  Tisk 135 → ALBSDS8KFDG1Další projednávání možné od 24. 4. 2026.
  Tisk 138 → KORNDSCCGDN9Další projednávání možné od 24. 4. 2026.
  Tisk 140 → ALBSDSJ9YVTHDalší projednávání možné od 1. 5. 2026.
  Tisk 141 → ALBSDSJA7PG4Další projednávání možné od 1. 5. 2026.
  Tisk 146 → ALBSDSKBRR8BDalší projednávání možné od 2. 5. 2026.
  Tisk 161 → ALBSDSZGD2I7Další projednávání možné od 15. 5. 2026.
  Tisk 168 → KORNDT8EKD5ADalší projednávání možné od 23. 5. 2026.
  Tisk 171 → ALBSDTDAY5XADalší projednávání možné od 30. 5. 2026.
  Tisk 173 → ALBSDTLBDM98Další projednávání možné od 16. 5. 2026.
  Tisk 174 → ALBSDTLBJ4Q7Další projednávání možné od 16. 5. 2026.
  Tisk 181 → ALBSDTTHNE5IDalší projednávání možné od 13. 6. 2026.
  Tisk 186 → ALBSDTYB922FDalší projednávání možné od 13. 6. 2026.
  Tisk 193 → ALBSDU4DJ2KSDalší projednávání možné od 20. 6. 2026.
  Tisk 47 → KORNDP6EMCP8Další projednávání možné od 13. 6. 2026
  Tisk 72 → ALBSDPHHG9IEDalší projednávání možné od 13. 6. 2026
  Tisk 76 → ALBSDPVEF33BNA
  Tisk 77 → ALBSDPVEP9GEDalší projednávání možné od 6. 5. 2026.
Matched 110 of 436 bills
[2026-06-16 08:00:30] [INFO] Matched 110 unique bills to VeKLEP
NOTICE:  relation "bills" already exists, skipping

NOTICE:  relation "impacts" already exists, skipping

NOTICE:  relation "costs" already exists, skipping

NOTICE:  relation "benefits" already exists, skipping

NOTICE:  relation "idx_alerts_token" already exists, skipping

NOTICE:  relation "idx_alerts_active" already exists, skipping

NOTICE:  relation "alerts" already exists, skipping

NOTICE:  relation "idx_alerts_token" already exists, skipping

NOTICE:  relation "idx_alerts_active" already exists, skipping

NOTICE:  column "psp_status" of relation "bills" already exists, skipping

Database initialized
[2026-06-16 08:00:32] [INFO] [1/110] Tisk 17 → KORNDLZJTJLG
[2026-06-16 08:00:32] [ERROR]   Unexpected error: Lists must contain raw vectors or NULL
[2026-06-16 08:00:37] [INFO] [2/110] Tisk 25 → ALBSDN3J9K06
[2026-06-16 08:00:37] [ERROR]   Unexpected error: Lists must contain raw vectors or NULL
[2026-06-16 08:00:43] [INFO] [3/110] Tisk 76 → ALBSDPVEF33B
[2026-06-16 08:00:43] [ERROR]   Unexpected error: Lists must contain raw vectors or NULL
[2026-06-16 08:00:48] [INFO] [4/110] Tisk 77 → ALBSDPVEP9GE
[2026-06-16 08:00:48] [ERROR]   Unexpected error: Lists must contain raw vectors or NULL
[2026-06-16 08:00:53] [INFO] [5/110] Tisk 72 → ALBSDPHHG9IE
[2026-06-16 08:00:53] [ERROR]   Unexpected error: Lists must contain raw vectors or NULL
[2026-06-16 08:00:58] [INFO] [6/110] Tisk 163 → KORNDT4CKC7A
[2026-06-16 08:00:58] [ERROR]   Unexpected error: Lists must contain raw vectors or NULL
[2026-06-16 08:01:03] [INFO] [7/110] Tisk 78 → ALBSDQG99B8P
[2026-06-16 08:01:04] [ERROR]   Unexpected error: Lists must contain raw vectors or NULL
[2026-06-16 08:01:09] [INFO] [8/110] Tisk 13 → KORNDGFD743I
[2026-06-16 08:01:09] [ERROR]   Unexpected error: Lists must contain raw vectors or NULL
[2026-06-16 08:01:14] [INFO] [9/110] Tisk 90 → KORNDQGFVQKI
[2026-06-16 08:01:14] [ERROR]   Unexpected error: Lists must contain raw vectors or NULL
[2026-06-16 08:01:19] [INFO] [10/110] Tisk 48 → KORNDMGGSV4S
[2026-06-16 08:01:19] [ERROR]   Unexpected error: Lists must contain raw vectors or NULL
[2026-06-16 08:01:24] [INFO] [11/110] Tisk 119 → ALBSDRUD7WIN
[2026-06-16 08:01:25] [ERROR]   Unexpected error: Lists must contain raw vectors or NULL
[2026-06-16 08:01:30] [INFO] [12/110] Tisk 82 → ALBSDPLDDVNJ
[2026-06-16 08:01:30] [ERROR]   Unexpected error: Lists must contain raw vectors or NULL
[2026-06-16 08:01:35] [INFO] [13/110] Tisk 144 → KORNDQ6FEQB9
[2026-06-16 08:01:35] [ERROR]   Unexpected error: Lists must contain raw vectors or NULL
[2026-06-16 08:01:40] [INFO] [14/110] Tisk 115 → ALBSDRMDTWS7
[2026-06-16 08:01:40] [ERROR]   Unexpected error: Lists must contain raw vectors or NULL
[2026-06-16 08:01:45] [INFO] [15/110] Tisk 116 → ALBSDRMDPM3T
[2026-06-16 08:01:46] [ERROR]   Unexpected error: Lists must contain raw vectors or NULL
[2026-06-16 08:01:51] [INFO] [16/110] Tisk 124 → KORNDS5JEWJO
[2026-06-16 08:01:51] [ERROR]   Unexpected error: Lists must contain raw vectors or NULL
[2026-06-16 08:01:56] [INFO] [17/110] Tisk 125 → ALBSDS9BKZY8
[2026-06-16 08:01:56] [ERROR]   Unexpected error: Lists must contain raw vectors or NULL
[2026-06-16 08:02:01] [INFO] [18/110] Tisk 35 → ALBSDNR9BUS5
[2026-06-16 08:02:01] [ERROR]   Unexpected error: Lists must contain raw vectors or NULL
[2026-06-16 08:02:06] [INFO] [19/110] Tisk 10 → KORNDDSCZ27K
[2026-06-16 08:02:07] [ERROR]   Unexpected error: Lists must contain raw vectors or NULL
[2026-06-16 08:02:12] [INFO] [20/110] Tisk 14 → KORNDERB9DSR
[2026-06-16 08:02:12] [ERROR]   Unexpected error: Lists must contain raw vectors or NULL
[2026-06-16 08:02:17] [INFO] [21/110] Tisk 58 → KORNDNADQS6X
[2026-06-16 08:02:17] [ERROR]   Unexpected error: Lists must contain raw vectors or NULL
[2026-06-16 08:02:22] [INFO] [22/110] Tisk 61 → ALBSDKJBFFMK
[2026-06-16 08:02:22] [ERROR]   Unexpected error: Lists must contain raw vectors or NULL
[2026-06-16 08:02:27] [INFO] [23/110] Tisk 68 → KORNDJ6J9HOO
[2026-06-16 08:02:28] [ERROR]   Unexpected error: Lists must contain raw vectors or NULL
[2026-06-16 08:02:33] [INFO] [24/110] Tisk 98 → KORNDQAN5F2P
[2026-06-16 08:02:33] [ERROR]   Unexpected error: Lists must contain raw vectors or NULL
[2026-06-16 08:02:38] [INFO] [25/110] Tisk 101 → ALBSDQWLF9TS
[2026-06-16 08:02:38] [ERROR]   Unexpected error: Lists must contain raw vectors or NULL
[2026-06-16 08:02:43] [INFO] [26/110] Tisk 102 → ALBSDQWLF8E9
[2026-06-16 08:02:44] [ERROR]   Unexpected error: Lists must contain raw vectors or NULL
[2026-06-16 08:02:49] [INFO] [27/110] Tisk 111 → KORNDJZJHQ1E
[2026-06-16 08:02:49] [ERROR]   Unexpected error: Lists must contain raw vectors or NULL
[2026-06-16 08:02:54] [INFO] [28/110] Tisk 114 → KORNDQBASCLT
[2026-06-16 08:02:54] [ERROR]   Unexpected error: Lists must contain raw vectors or NULL
[2026-06-16 08:02:59] [INFO] [29/110] Tisk 143 → KORNDMUGLUEK
[2026-06-16 08:02:59] [ERROR]   Unexpected error: Lists must contain raw vectors or NULL
[2026-06-16 08:03:04] [INFO] [30/110] Tisk 145 → KORNDDVFVG8B
[2026-06-16 08:03:04] [ERROR]   Unexpected error: Lists must contain raw vectors or NULL
[2026-06-16 08:03:10] [INFO] [31/110] Tisk 153 → KORNDR9CY314
[2026-06-16 08:03:10] [ERROR]   Unexpected error: Lists must contain raw vectors or NULL
[2026-06-16 08:03:15] [INFO] [32/110] Tisk 154 → ALBSDHZA32NV
[2026-06-16 08:03:15] [ERROR]   Unexpected error: Lists must contain raw vectors or NULL
[2026-06-16 08:03:20] [INFO] [33/110] Tisk 4 → ALBSDNCAQ38L
[2026-06-16 08:03:20] [ERROR]   Unexpected error: Lists must contain raw vectors or NULL
[2026-06-16 08:03:25] [INFO] [34/110] Tisk 5 → ALBSDNCA86EG
[2026-06-16 08:03:25] [ERROR]   Unexpected error: Lists must contain raw vectors or NULL
[2026-06-16 08:03:30] [INFO] [35/110] Tisk 6 → ALBSDNCA2EN4
[2026-06-16 08:03:31] [ERROR]   Unexpected error: Lists must contain raw vectors or NULL
[2026-06-16 08:03:36] [INFO] [36/110] Tisk 7 → ALBSDNC9VFOI
[2026-06-16 08:03:36] [ERROR]   Unexpected error: Lists must contain raw vectors or NULL
[2026-06-16 08:03:41] [INFO] [37/110] Tisk 12 → ALBSDNCAZ9DM
[2026-06-16 08:03:41] [ERROR]   Unexpected error: Lists must contain raw vectors or NULL
[2026-06-16 08:03:46] [INFO] [38/110] Tisk 15 → KORNDNEEWWBR
[2026-06-16 08:03:46] [ERROR]   Unexpected error: Lists must contain raw vectors or NULL
[2026-06-16 08:03:52] [INFO] [39/110] Tisk 24 → ALBSDNKACN8A
[2026-06-16 08:03:52] [ERROR]   Unexpected error: Lists must contain raw vectors or NULL
[2026-06-16 08:03:57] [INFO] [40/110] Tisk 28 → ALBSDNKKC8I6
[2026-06-16 08:03:57] [ERROR]   Unexpected error: Lists must contain raw vectors or NULL
[2026-06-16 08:04:02] [INFO] [41/110] Tisk 40 → ALBSDNUHZ9BU
[2026-06-16 08:04:02] [ERROR]   Unexpected error: Lists must contain raw vectors or NULL
[2026-06-16 08:04:07] [INFO] [42/110] Tisk 42 → ALBSDNUHUHYU
[2026-06-16 08:04:07] [ERROR]   Unexpected error: Lists must contain raw vectors or NULL
[2026-06-16 08:04:12] [INFO] [43/110] Tisk 49 → KORNDP6FALEB
[2026-06-16 08:04:13] [ERROR]   Unexpected error: Lists must contain raw vectors or NULL
[2026-06-16 08:04:18] [INFO] [44/110] Tisk 50 → ALBSDQK9WKJD
[2026-06-16 08:04:18] [ERROR]   Unexpected error: Lists must contain raw vectors or NULL
[2026-06-16 08:04:23] [INFO] [45/110] Tisk 59 → ALBSDPECPS4O
[2026-06-16 08:04:23] [ERROR]   Unexpected error: Lists must contain raw vectors or NULL
[2026-06-16 08:04:28] [INFO] [46/110] Tisk 71 → ALBSDPHMFNE2
[2026-06-16 08:04:29] [ERROR]   Unexpected error: Lists must contain raw vectors or NULL
[2026-06-16 08:04:34] [INFO] [47/110] Tisk 73 → ALBSDPUA7225
[2026-06-16 08:04:34] [ERROR]   Unexpected error: Lists must contain raw vectors or NULL
[2026-06-16 08:04:39] [INFO] [48/110] Tisk 74 → ALBSDQDACPI1
[2026-06-16 08:04:39] [ERROR]   Unexpected error: Lists must contain raw vectors or NULL
[2026-06-16 08:04:44] [INFO] [49/110] Tisk 75 → ALBSDQKA3C4N
[2026-06-16 08:04:44] [ERROR]   Unexpected error: Lists must contain raw vectors or NULL
[2026-06-16 08:04:49] [INFO] [50/110] Tisk 86 → ALBSDQRAN8WQ
[2026-06-16 08:04:50] [ERROR]   Unexpected error: Lists must contain raw vectors or NULL
[2026-06-16 08:04:55] [INFO] [51/110] Tisk 89 → ALBSDQTF86PL
[2026-06-16 08:04:55] [ERROR]   Unexpected error: Lists must contain raw vectors or NULL
[2026-06-16 08:05:00] [INFO] [52/110] Tisk 99 → ALBSDR79R7BR
[2026-06-16 08:05:00] [ERROR]   Unexpected error: Lists must contain raw vectors or NULL
[2026-06-16 08:05:05] [INFO] [53/110] Tisk 100 → ALBSDR79V57I
[2026-06-16 08:05:05] [ERROR]   Unexpected error: Lists must contain raw vectors or NULL
[2026-06-16 08:05:10] [INFO] [54/110] Tisk 103 → ALBSDR99RFB1
[2026-06-16 08:05:11] [ERROR]   Unexpected error: Lists must contain raw vectors or NULL
[2026-06-16 08:05:16] [INFO] [55/110] Tisk 104 → ALBSDR99UHLJ
[2026-06-16 08:05:16] [ERROR]   Unexpected error: Lists must contain raw vectors or NULL
[2026-06-16 08:05:21] [INFO] [56/110] Tisk 106 → ALBSDRDBL9NP
[2026-06-16 08:05:21] [ERROR]   Unexpected error: Lists must contain raw vectors or NULL
[2026-06-16 08:05:26] [INFO] [57/110] Tisk 107 → ALBSDRV99BCD
[2026-06-16 08:05:26] [ERROR]   Unexpected error: Lists must contain raw vectors or NULL
[2026-06-16 08:05:31] [INFO] [58/110] Tisk 109 → ALBSDRDGW9D3
[2026-06-16 08:05:32] [ERROR]   Unexpected error: Lists must contain raw vectors or NULL
[2026-06-16 08:05:37] [INFO] [59/110] Tisk 110 → ALBSDRDGYVNR
[2026-06-16 08:05:37] [ERROR]   Unexpected error: Lists must contain raw vectors or NULL
[2026-06-16 08:05:42] [INFO] [60/110] Tisk 112 → ALBSDRFJN7UG
[2026-06-16 08:05:42] [ERROR]   Unexpected error: Lists must contain raw vectors or NULL
[2026-06-16 08:05:47] [INFO] [61/110] Tisk 120 → ALBSDRVHV79Q
[2026-06-16 08:05:47] [ERROR]   Unexpected error: Lists must contain raw vectors or NULL
[2026-06-16 08:05:52] [INFO] [62/110] Tisk 121 → ALBSDRV9DCVC
[2026-06-16 08:05:53] [ERROR]   Unexpected error: Lists must contain raw vectors or NULL
[2026-06-16 08:05:58] [INFO] [63/110] Tisk 129 → KORNDS5AS75T
[2026-06-16 08:05:58] [ERROR]   Unexpected error: Lists must contain raw vectors or NULL
[2026-06-16 08:06:03] [INFO] [64/110] Tisk 130 → KORNDS5FFX14
[2026-06-16 08:06:03] [ERROR]   Unexpected error: Lists must contain raw vectors or NULL
[2026-06-16 08:06:08] [INFO] [65/110] Tisk 131 → KORNDS5FLZJK
[2026-06-16 08:06:08] [ERROR]   Unexpected error: Lists must contain raw vectors or NULL
[2026-06-16 08:06:13] [INFO] [66/110] Tisk 132 → KORNDS5AUEX1
[2026-06-16 08:06:14] [ERROR]   Unexpected error: Lists must contain raw vectors or NULL
[2026-06-16 08:06:19] [INFO] [67/110] Tisk 16 → KORNDFBH6CTH
[2026-06-16 08:06:19] [ERROR]   Unexpected error: Lists must contain raw vectors or NULL
[2026-06-16 08:06:24] [INFO] [68/110] Tisk 83 → KORNDK9DFTG2
[2026-06-16 08:06:24] [ERROR]   Unexpected error: Lists must contain raw vectors or NULL
[2026-06-16 08:06:29] [INFO] [69/110] Tisk 113 → ALBSDDEJ5C5N
[2026-06-16 08:06:29] [ERROR]   Unexpected error: Lists must contain raw vectors or NULL
[2026-06-16 08:06:34] [INFO] [70/110] Tisk 47 → KORNDP6EMCP8
[2026-06-16 08:06:35] [ERROR]   Unexpected error: Lists must contain raw vectors or NULL
[2026-06-16 08:06:40] [INFO] [71/110] Tisk 162 → ALBSDLNEPCL2
[2026-06-16 08:06:40] [ERROR]   Unexpected error: Lists must contain raw vectors or NULL
[2026-06-16 08:06:45] [INFO] [72/110] Tisk 172 → KORNDRVB6L2L
[2026-06-16 08:06:45] [ERROR]   Unexpected error: Lists must contain raw vectors or NULL
[2026-06-16 08:06:50] [INFO] [73/110] Tisk 133 → ALBSDSB9VZPH
[2026-06-16 08:06:50] [ERROR]   Unexpected error: Lists must contain raw vectors or NULL
[2026-06-16 08:06:55] [INFO] [74/110] Tisk 135 → ALBSDS8KFDG1
[2026-06-16 08:06:56] [ERROR]   Unexpected error: Lists must contain raw vectors or NULL
[2026-06-16 08:07:01] [INFO] [75/110] Tisk 138 → KORNDSCCGDN9
[2026-06-16 08:07:01] [ERROR]   Unexpected error: Lists must contain raw vectors or NULL
[2026-06-16 08:07:06] [INFO] [76/110] Tisk 140 → ALBSDSJ9YVTH
[2026-06-16 08:07:06] [ERROR]   Unexpected error: Lists must contain raw vectors or NULL
[2026-06-16 08:07:11] [INFO] [77/110] Tisk 141 → ALBSDSJA7PG4
[2026-06-16 08:07:11] [ERROR]   Unexpected error: Lists must contain raw vectors or NULL
[2026-06-16 08:07:16] [INFO] [78/110] Tisk 146 → ALBSDSKBRR8B
[2026-06-16 08:07:17] [ERROR]   Unexpected error: Lists must contain raw vectors or NULL
[2026-06-16 08:07:22] [INFO] [79/110] Tisk 167 → ALBSDT7A6K64
[2026-06-16 08:07:22] [ERROR]   Unexpected error: Lists must contain raw vectors or NULL
[2026-06-16 08:07:27] [INFO] [80/110] Tisk 57 → ALBSDNKBH74J
[2026-06-16 08:07:27] [ERROR]   Unexpected error: Lists must contain raw vectors or NULL
[2026-06-16 08:07:32] [INFO] [81/110] Tisk 11 → ALBSDNCATZU8
[2026-06-16 08:07:32] [ERROR]   Unexpected error: Lists must contain raw vectors or NULL
[2026-06-16 08:07:37] [INFO] [82/110] Tisk 67 → KORNDPDDEYDL
[2026-06-16 08:07:38] [ERROR]   Unexpected error: Lists must contain raw vectors or NULL
[2026-06-16 08:07:43] [INFO] [83/110] Tisk 46 → KORNDN6DDEND
[2026-06-16 08:07:43] [ERROR]   Unexpected error: Lists must contain raw vectors or NULL
[2026-06-16 08:07:48] [INFO] [84/110] Tisk 52 → ALBSDMXGX7YN
[2026-06-16 08:07:48] [ERROR]   Unexpected error: Lists must contain raw vectors or NULL
[2026-06-16 08:07:53] [INFO] [85/110] Tisk 53 → KORNDMXE7T3Y
[2026-06-16 08:07:54] [ERROR]   Unexpected error: Lists must contain raw vectors or NULL
[2026-06-16 08:07:59] [INFO] [86/110] Tisk 55 → KORNDNJJF6N2
[2026-06-16 08:07:59] [ERROR]   Unexpected error: Lists must contain raw vectors or NULL
[2026-06-16 08:08:04] [INFO] [87/110] Tisk 56 → KORNDNJJF7R7
[2026-06-16 08:08:04] [ERROR]   Unexpected error: Lists must contain raw vectors or NULL
[2026-06-16 08:08:09] [INFO] [88/110] Tisk 62 → KORNDKHF3VQG
[2026-06-16 08:08:09] [ERROR]   Unexpected error: Lists must contain raw vectors or NULL
[2026-06-16 08:08:14] [INFO] [89/110] Tisk 189 → KORNDRFM95MG
[2026-06-16 08:08:14] [ERROR]   Unexpected error: Lists must contain raw vectors or NULL
[2026-06-16 08:08:19] [INFO] [90/110] Tisk 192 → KORNDS2LAKNR
[2026-06-16 08:08:20] [ERROR]   Unexpected error: Lists must contain raw vectors or NULL
[2026-06-16 08:08:25] [INFO] [91/110] Tisk 161 → ALBSDSZGD2I7
[2026-06-16 08:08:25] [ERROR]   Unexpected error: Lists must contain raw vectors or NULL
[2026-06-16 08:08:30] [INFO] [92/110] Tisk 168 → KORNDT8EKD5A
[2026-06-16 08:08:30] [ERROR]   Unexpected error: Lists must contain raw vectors or NULL
[2026-06-16 08:08:35] [INFO] [93/110] Tisk 173 → ALBSDTLBDM98
[2026-06-16 08:08:35] [ERROR]   Unexpected error: Lists must contain raw vectors or NULL
[2026-06-16 08:08:41] [INFO] [94/110] Tisk 174 → ALBSDTLBJ4Q7
[2026-06-16 08:08:41] [ERROR]   Unexpected error: Lists must contain raw vectors or NULL
[2026-06-16 08:08:46] [INFO] [95/110] Tisk 198 → ALBSDRZHK5X1
[2026-06-16 08:08:46] [ERROR]   Unexpected error: Lists must contain raw vectors or NULL
[2026-06-16 08:08:51] [INFO] [96/110] Tisk 190 → ALBSDTZDW2VM
[2026-06-16 08:08:51] [ERROR]   Unexpected error: Lists must contain raw vectors or NULL
[2026-06-16 08:08:56] [INFO] [97/110] Tisk 187 → ALBSDTUDB51A
[2026-06-16 08:08:57] [ERROR]   Unexpected error: Lists must contain raw vectors or NULL
[2026-06-16 08:09:02] [INFO] [98/110] Tisk 69 → KORNDN5B8461
[2026-06-16 08:09:02] [ERROR]   Unexpected error: Lists must contain raw vectors or NULL
[2026-06-16 08:09:07] [INFO] [99/110] Tisk 196 → KORNDPMD76PZ
[2026-06-16 08:09:07] [ERROR]   Unexpected error: Lists must contain raw vectors or NULL
[2026-06-16 08:09:12] [INFO] [100/110] Tisk 199 → KORNDLS9CWIW
[2026-06-16 08:09:12] [ERROR]   Unexpected error: Lists must contain raw vectors or NULL
[2026-06-16 08:09:17] [INFO] [101/110] Tisk 207 → KORNDLMBS4FB
[2026-06-16 08:09:18] [ERROR]   Unexpected error: Lists must contain raw vectors or NULL
[2026-06-16 08:09:23] [INFO] [102/110] Tisk 210 → KORNDTST2VI7
[2026-06-16 08:09:23] [ERROR]   Unexpected error: Lists must contain raw vectors or NULL
[2026-06-16 08:09:28] [INFO] [103/110] Tisk 213 → KORNDU7AL36H
[2026-06-16 08:09:28] [ERROR]   Unexpected error: Lists must contain raw vectors or NULL
[2026-06-16 08:09:33] [INFO] [104/110] Tisk 218 → KORNDS2HT779
[2026-06-16 08:09:33] [ERROR]   Unexpected error: Lists must contain raw vectors or NULL
[2026-06-16 08:09:38] [INFO] [105/110] Tisk 219 → ALBSDCQH22PE
[2026-06-16 08:09:38] [ERROR]   Unexpected error: Lists must contain raw vectors or NULL
[2026-06-16 08:09:44] [INFO] [106/110] Tisk 222 → ALBSDMJFC24N
[2026-06-16 08:09:44] [ERROR]   Unexpected error: Lists must contain raw vectors or NULL
[2026-06-16 08:09:49] [INFO] [107/110] Tisk 171 → ALBSDTDAY5XA
[2026-06-16 08:09:49] [ERROR]   Unexpected error: Lists must contain raw vectors or NULL
[2026-06-16 08:09:54] [INFO] [108/110] Tisk 181 → ALBSDTTHNE5I
[2026-06-16 08:09:54] [ERROR]   Unexpected error: Lists must contain raw vectors or NULL
[2026-06-16 08:09:59] [INFO] [109/110] Tisk 186 → ALBSDTYB922F
[2026-06-16 08:09:59] [ERROR]   Unexpected error: Lists must contain raw vectors or NULL
[2026-06-16 08:10:04] [INFO] [110/110] Tisk 193 → ALBSDU4DJ2KS
[2026-06-16 08:10:05] [ERROR]   Unexpected error: Lists must contain raw vectors or NULL
[2026-06-16 08:10:10] [INFO] Results — Success: 0 | Skipped: 0 | No document: 0 | Errors: 110
Trying: https://ria.vlada.cz/komise/jednani-v-roce-2026/
Found 1 sessions for 2026
Scraping session: https://ria.vlada.cz/komise/jednani-v-roce-2026/jednani-c-148-dne-30-ledna-2026/
Saved verdict B for KORNDMUGLUEK
Trying: https://ria.vlada.cz/komise/jednani-v-roce-2025/
Trying: https://ria.vlada.cz/komise/jednani-komise-ria-v-roce-2025/
Found 4 sessions for 2025
Scraping session: https://ria.vlada.cz/komise/jednani-komise-ria-v-roce-2025/jednani-c-142-dne-24-ledna-2025/
Scraping session: https://ria.vlada.cz/komise/jednani-komise-ria-v-roce-2025/jednani-c-143-dne-24-unora-2025/
Scraping session: https://ria.vlada.cz/komise/jednani-komise-ria-v-roce-2025/jednani-c-144-dne-7-dubna-2025/
Scraping session: https://ria.vlada.cz/komise/jednani-komise-ria-v-roce-2025/jednani-c-145-dne-8-srpna-2025/
Saved verdict B for KORNDDVFVG8B
Total Komise RIA verdicts matched: 2
=== Checking alerts ===
No active alerts — skipping
There were 50 or more warnings (use warnings() to see the first 50)
NOTICE:  relation "heartbeat" already exists, skipping

[2026-06-16 08:10:28] [INFO] Heartbeat updated in Supabase
[2026-06-16 08:10:28] [INFO] Healthchecks.io pinged: success
[2026-06-16 08:10:28] [INFO] === Scheduled run complete ===

Attaching package: 'xml2'

The following object is masked from 'package:httr2':

    url_parse

Using poppler version 23.08.0

Attaching package: 'dplyr'

The following objects are masked from 'package:stats':

    filter, lag

The following objects are masked from 'package:base':

    intersect, setdiff, setequal, union

Warning message:
package 'jsonlite' was built under R version 4.3.3 

Attaching package: 'purrr'

The following object is masked from 'package:jsonlite':

    flatten

[2026-06-18 20:37:55] [INFO] === Pipeline started ===
Active sessions: 24, 6, 3, 15, 4
[2026-06-18 20:37:56] [INFO] Sessions to scan: 3, 4, 6, 14, 15, 16, 17, 18, 19, 20, 21, 22, 23, 24, 25, 26, 27, 28, 29
Fetching session 3 agenda: https://www.psp.cz/schuze/10/3
Found 2 bills in session 3
Fetching session 4 agenda: https://www.psp.cz/schuze/10/4
No tisk links found in session 4
Fetching session 6 agenda: https://www.psp.cz/schuze/10/6
Found 3 bills in session 6
Fetching session 14 agenda: https://www.psp.cz/schuze/10/14
Found 88 bills in session 14
Fetching session 15 agenda: https://www.psp.cz/schuze/10/15
No tisk links found in session 15
Fetching session 16 agenda: https://www.psp.cz/schuze/10/16
Found 98 bills in session 16
Fetching session 17 agenda: https://www.psp.cz/schuze/10/17
Found 4 bills in session 17
Fetching session 18 agenda: https://www.psp.cz/schuze/10/18
No tisk links found in session 18
Fetching session 19 agenda: https://www.psp.cz/schuze/10/19
Found 2 bills in session 19
Fetching session 20 agenda: https://www.psp.cz/schuze/10/20
Found 111 bills in session 20
Fetching session 21 agenda: https://www.psp.cz/schuze/10/21
Found 3 bills in session 21
Fetching session 22 agenda: https://www.psp.cz/schuze/10/22
No tisk links found in session 22
Fetching session 23 agenda: https://www.psp.cz/schuze/10/23
Found 1 bills in session 23
Fetching session 24 agenda: https://www.psp.cz/schuze/10/24
Found 124 bills in session 24
Fetching session 25 agenda: https://www.psp.cz/schuze/10/25
No tisk links found in session 25
Fetching session 26 agenda: https://www.psp.cz/schuze/10/26
No tisk links found in session 26
Fetching session 27 agenda: https://www.psp.cz/schuze/10/27
No tisk links found in session 27
Fetching session 28 agenda: https://www.psp.cz/schuze/10/28
No tisk links found in session 28
Fetching session 29 agenda: https://www.psp.cz/schuze/10/29
No tisk links found in session 29
[2026-06-18 20:38:06] [INFO] Bills found: 436 across 19 sessions
Fetching VeKLEP PIDs from PSP for 436 bills...
  Tisk 17 → KORNDLZJTJLGNávrh státního rozpočtu vrácen (usnesení č. 46).
  Tisk 25 → ALBSDN3J9K06Zákon vyhlášen 29. 12. 2025 ve  Sbírce zákonů v částce 583 pod číslem 583/2025 Sb.
  Tisk 76 → ALBSDPVEF33BNA
  Tisk 77 → ALBSDPVEP9GEDalší projednávání možné od 6. 5. 2026.
  Tisk 72 → ALBSDPHHG9IEDalší projednávání možné od 13. 6. 2026
  Tisk 163 → KORNDT4CKC7AZákon vyhlášen 13. 5. 2026 ve  Sbírce zákonů v částce 63 pod číslem 63/2026 Sb.
  Tisk 78 → ALBSDQG99B8PZákon vyhlášen 12. 5. 2026 ve  Sbírce zákonů v částce 59 pod číslem 59/2026 Sb.
  Tisk 13 → KORNDGFD743IPoslanecká sněmovna postoupila  dne 9. 6. 2026 návrh zákona Senátu jako tisk 252, dokument 252/0.OOrganizační výbor  dne 9. 6.
  Tisk 90 → KORNDQGFVQKISenát návrh vrátil sněmovně s pozměňovacími návrhy (usnesení č. 472).
  Tisk 48 → KORNDMGGSV4SDalší projednávání možné od 10. 4. 2026.
  Tisk 119 → ALBSDRUD7WINPoslanecká sněmovna postoupila  dne 9. 6. 2026 návrh zákona Senátu jako tisk 251, dokument 251/0.OOrganizační výbor  dne 9. 6.
  Tisk 76 → ALBSDPVEF33BNA
  Tisk 77 → ALBSDPVEP9GEDalší projednávání možné od 6. 5. 2026.
  Tisk 82 → ALBSDPLDDVNJPoslanecká sněmovna postoupila  dne 11. 6. 2026 návrh zákona Senátu jako tisk 253, dokument 253/0.OOrganizační výbor  dne 16. 6.
  Tisk 144 → KORNDQ6FEQB9Další projednávání možné od 15. 6. 2026.
  Tisk 115 → ALBSDRMDTWS7Další projednávání možné od 21. 6. 2026.
  Tisk 116 → ALBSDRMDPM3TDalší projednávání možné od 22. 6. 2026.
  Tisk 124 → KORNDS5JEWJOZákon vyhlášen 10. 6. 2026 ve  Sbírce zákonů v částce 93 pod číslem 93/2026 Sb.
  Tisk 125 → ALBSDS9BKZY8Zákon vyhlášen 10. 6. 2026 ve  Sbírce zákonů v částce 92 pod číslem 92/2026 Sb.
  Tisk 35 → ALBSDNR9BUS5Další projednávání možné od 27. 12. 2025.
  Tisk 10 → KORNDDSCZ27KDalší projednávání možné od 16. 11. 2025.
  Tisk 14 → KORNDERB9DSRDalší projednávání možné od 18. 11. 2025.
  Tisk 58 → KORNDNADQS6XDalší projednávání možné od 21. 12. 2025.
  Tisk 61 → ALBSDKJBFFMKDalší projednávání možné od 23. 12. 2025.
  Tisk 68 → KORNDJ6J9HOONA
  Tisk 98 → KORNDQAN5F2PDalší projednávání možné od 16. 2. 2026.
  Tisk 101 → ALBSDQWLF9TSDalší projednávání možné od 21. 2. 2026.
  Tisk 102 → ALBSDQWLF8E9Další projednávání možné od 21. 2. 2026.
  Tisk 111 → KORNDJZJHQ1EDalší projednávání možné od 27. 2. 2026.
  Tisk 114 → KORNDQBASCLTDalší projednávání možné od 1. 3. 2026.
  Tisk 143 → KORNDMUGLUEKDalší projednávání možné od 5. 4. 2026.
  Tisk 145 → KORNDDVFVG8BDalší projednávání možné od 24. 5. 2026.
  Tisk 153 → KORNDR9CY314Další projednávání možné od 13. 4. 2026.
  Tisk 154 → ALBSDHZA32NVDalší projednávání možné od 13. 4. 2026.
  Tisk 4 → ALBSDNCAQ38LDalší projednávání možné od 15. 12. 2025.
  Tisk 5 → ALBSDNCA86EGDalší projednávání možné od 14. 12. 2025.
  Tisk 6 → ALBSDNCA2EN4Další projednávání možné od 14. 12. 2025.
  Tisk 7 → ALBSDNC9VFOIDalší projednávání možné od 14. 12. 2025.
  Tisk 12 → ALBSDNCAZ9DMDalší projednávání možné od 15. 12. 2025.
  Tisk 15 → KORNDNEEWWBRDalší projednávání možné od 23. 12. 2025.
  Tisk 24 → ALBSDNKACN8ADalší projednávání možné od 22. 12. 2025.
  Tisk 28 → ALBSDNKKC8I6Další projednávání možné od 22. 12. 2025.
  Tisk 40 → ALBSDNUHZ9BUDalší projednávání možné od 2. 1. 2026.
  Tisk 42 → ALBSDNUHUHYUDalší projednávání možné od 2. 1. 2026.
  Tisk 49 → KORNDP6FALEBDalší projednávání možné od 2. 1. 2026.
  Tisk 50 → ALBSDQK9WKJDDalší projednávání možné od 27. 2. 2026.
  Tisk 59 → ALBSDPECPS4ODalší projednávání možné od 23. 1. 2026.
  Tisk 71 → ALBSDPHMFNE2Další projednávání možné od 23. 1. 2026.
  Tisk 73 → ALBSDPUA7225Další projednávání možné od 30. 1. 2026.
  Tisk 74 → ALBSDQDACPI1Další projednávání možné od 20. 2. 2026.
  Tisk 75 → ALBSDQKA3C4NDalší projednávání možné od 27. 2. 2026.
  Tisk 86 → ALBSDQRAN8WQDalší projednávání možné od 7. 3. 2026.
  Tisk 89 → ALBSDQTF86PLDalší projednávání možné od 7. 3. 2026.
  Tisk 99 → ALBSDR79R7BRDalší projednávání možné od 14. 3. 2026.
  Tisk 100 → ALBSDR79V57IDalší projednávání možné od 13. 3. 2026.
  Tisk 103 → ALBSDR99RFB1Další projednávání možné od 20. 3. 2026.
  Tisk 104 → ALBSDR99UHLJDalší projednávání možné od 20. 3. 2026.
  Tisk 106 → ALBSDRDBL9NPDalší projednávání možné od 20. 3. 2026.
  Tisk 107 → ALBSDRV99BCDDalší projednávání možné od 10. 4. 2026.
  Tisk 109 → ALBSDRDGW9D3Další projednávání možné od 29. 3. 2026.
  Tisk 110 → ALBSDRDGYVNRDalší projednávání možné od 29. 3. 2026.
  Tisk 112 → ALBSDRFJN7UGDalší projednávání možné od 29. 3. 2026.
  Tisk 120 → ALBSDRVHV79QDalší projednávání možné od 11. 4. 2026.
  Tisk 121 → ALBSDRV9DCVCDalší projednávání možné od 10. 4. 2026.
  Tisk 129 → KORNDS5AS75TDalší projednávání možné od 10. 4. 2026.
  Tisk 130 → KORNDS5FFX14Další projednávání možné od 12. 4. 2026.
  Tisk 131 → KORNDS5FLZJKZákon vyhlášen 26. 5. 2026 ve  Sbírce zákonů v částce 70 pod číslem 70/2026 Sb.
  Tisk 132 → KORNDS5AUEX1Další projednávání možné od 11. 4. 2026.
  Tisk 16 → KORNDFBH6CTHDalší projednávání možné od 24. 4. 2026.
  Tisk 83 → KORNDK9DFTG2Další projednávání možné od 12. 4. 2026.
  Tisk 113 → ALBSDDEJ5C5NDalší projednávání možné od 25. 4. 2026.
  Tisk 47 → KORNDP6EMCP8Další projednávání možné od 13. 6. 2026
  Tisk 72 → ALBSDPHHG9IEDalší projednávání možné od 13. 6. 2026
  Tisk 124 → KORNDS5JEWJOZákon vyhlášen 10. 6. 2026 ve  Sbírce zákonů v částce 93 pod číslem 93/2026 Sb.
  Tisk 125 → ALBSDS9BKZY8Zákon vyhlášen 10. 6. 2026 ve  Sbírce zákonů v částce 92 pod číslem 92/2026 Sb.
  Tisk 10 → KORNDDSCZ27KDalší projednávání možné od 16. 11. 2025.
  Tisk 14 → KORNDERB9DSRDalší projednávání možné od 18. 11. 2025.
  Tisk 58 → KORNDNADQS6XDalší projednávání možné od 21. 12. 2025.
  Tisk 61 → ALBSDKJBFFMKDalší projednávání možné od 23. 12. 2025.
  Tisk 98 → KORNDQAN5F2PDalší projednávání možné od 16. 2. 2026.
  Tisk 101 → ALBSDQWLF9TSDalší projednávání možné od 21. 2. 2026.
  Tisk 102 → ALBSDQWLF8E9Další projednávání možné od 21. 2. 2026.
  Tisk 111 → KORNDJZJHQ1EDalší projednávání možné od 27. 2. 2026.
  Tisk 114 → KORNDQBASCLTDalší projednávání možné od 1. 3. 2026.
  Tisk 143 → KORNDMUGLUEKDalší projednávání možné od 5. 4. 2026.
  Tisk 153 → KORNDR9CY314Další projednávání možné od 13. 4. 2026.
  Tisk 154 → ALBSDHZA32NVDalší projednávání možné od 13. 4. 2026.
  Tisk 162 → ALBSDLNEPCL2Další projednávání možné od 24. 4. 2026.
  Tisk 172 → KORNDRVB6L2LDalší projednávání možné od 2. 5. 2026.
  Tisk 4 → ALBSDNCAQ38LDalší projednávání možné od 15. 12. 2025.
  Tisk 5 → ALBSDNCA86EGDalší projednávání možné od 14. 12. 2025.
  Tisk 6 → ALBSDNCA2EN4Další projednávání možné od 14. 12. 2025.
  Tisk 7 → ALBSDNC9VFOIDalší projednávání možné od 14. 12. 2025.
  Tisk 12 → ALBSDNCAZ9DMDalší projednávání možné od 15. 12. 2025.
  Tisk 15 → KORNDNEEWWBRDalší projednávání možné od 23. 12. 2025.
  Tisk 24 → ALBSDNKACN8ADalší projednávání možné od 22. 12. 2025.
  Tisk 28 → ALBSDNKKC8I6Další projednávání možné od 22. 12. 2025.
  Tisk 35 → ALBSDNR9BUS5Další projednávání možné od 27. 12. 2025.
  Tisk 40 → ALBSDNUHZ9BUDalší projednávání možné od 2. 1. 2026.
  Tisk 42 → ALBSDNUHUHYUDalší projednávání možné od 2. 1. 2026.
  Tisk 49 → KORNDP6FALEBDalší projednávání možné od 2. 1. 2026.
  Tisk 50 → ALBSDQK9WKJDDalší projednávání možné od 27. 2. 2026.
  Tisk 59 → ALBSDPECPS4ODalší projednávání možné od 23. 1. 2026.
  Tisk 71 → ALBSDPHMFNE2Další projednávání možné od 23. 1. 2026.
  Tisk 73 → ALBSDPUA7225Další projednávání možné od 30. 1. 2026.
  Tisk 74 → ALBSDQDACPI1Další projednávání možné od 20. 2. 2026.
  Tisk 75 → ALBSDQKA3C4NDalší projednávání možné od 27. 2. 2026.
  Tisk 86 → ALBSDQRAN8WQDalší projednávání možné od 7. 3. 2026.
  Tisk 89 → ALBSDQTF86PLDalší projednávání možné od 7. 3. 2026.
  Tisk 99 → ALBSDR79R7BRDalší projednávání možné od 14. 3. 2026.
  Tisk 100 → ALBSDR79V57IDalší projednávání možné od 13. 3. 2026.
  Tisk 103 → ALBSDR99RFB1Další projednávání možné od 20. 3. 2026.
  Tisk 104 → ALBSDR99UHLJDalší projednávání možné od 20. 3. 2026.
  Tisk 106 → ALBSDRDBL9NPDalší projednávání možné od 20. 3. 2026.
  Tisk 107 → ALBSDRV99BCDDalší projednávání možné od 10. 4. 2026.
  Tisk 109 → ALBSDRDGW9D3Další projednávání možné od 29. 3. 2026.
  Tisk 110 → ALBSDRDGYVNRDalší projednávání možné od 29. 3. 2026.
  Tisk 112 → ALBSDRFJN7UGDalší projednávání možné od 29. 3. 2026.
  Tisk 120 → ALBSDRVHV79QDalší projednávání možné od 11. 4. 2026.
  Tisk 121 → ALBSDRV9DCVCDalší projednávání možné od 10. 4. 2026.
  Tisk 129 → KORNDS5AS75TDalší projednávání možné od 10. 4. 2026.
  Tisk 130 → KORNDS5FFX14Další projednávání možné od 12. 4. 2026.
  Tisk 132 → KORNDS5AUEX1Další projednávání možné od 11. 4. 2026.
  Tisk 133 → ALBSDSB9VZPHDalší projednávání možné od 25. 4. 2026.
  Tisk 135 → ALBSDS8KFDG1Další projednávání možné od 24. 4. 2026.
  Tisk 138 → KORNDSCCGDN9Další projednávání možné od 24. 4. 2026.
  Tisk 140 → ALBSDSJ9YVTHDalší projednávání možné od 1. 5. 2026.
  Tisk 141 → ALBSDSJA7PG4Další projednávání možné od 1. 5. 2026.
  Tisk 146 → ALBSDSKBRR8BDalší projednávání možné od 2. 5. 2026.
  Tisk 167 → ALBSDT7A6K64Zákon vyhlášen 10. 6. 2026 ve  Sbírce zákonů v částce 91 pod číslem 91/2026 Sb.
  Tisk 13 → KORNDGFD743IPoslanecká sněmovna postoupila  dne 9. 6. 2026 návrh zákona Senátu jako tisk 252, dokument 252/0.OOrganizační výbor  dne 9. 6.
  Tisk 48 → KORNDMGGSV4SDalší projednávání možné od 10. 4. 2026.
  Tisk 82 → ALBSDPLDDVNJPoslanecká sněmovna postoupila  dne 11. 6. 2026 návrh zákona Senátu jako tisk 253, dokument 253/0.OOrganizační výbor  dne 16. 6.
  Tisk 90 → KORNDQGFVQKISenát návrh vrátil sněmovně s pozměňovacími návrhy (usnesení č. 472).
  Tisk 76 → ALBSDPVEF33BNA
  Tisk 77 → ALBSDPVEP9GEDalší projednávání možné od 6. 5. 2026.
  Tisk 119 → ALBSDRUD7WINPoslanecká sněmovna postoupila  dne 9. 6. 2026 návrh zákona Senátu jako tisk 251, dokument 251/0.OOrganizační výbor  dne 9. 6.
  Tisk 90 → KORNDQGFVQKISenát návrh vrátil sněmovně s pozměňovacími návrhy (usnesení č. 472).
  Tisk 82 → ALBSDPLDDVNJPoslanecká sněmovna postoupila  dne 11. 6. 2026 návrh zákona Senátu jako tisk 253, dokument 253/0.OOrganizační výbor  dne 16. 6.
  Tisk 47 → KORNDP6EMCP8Další projednávání možné od 13. 6. 2026
  Tisk 72 → ALBSDPHHG9IEDalší projednávání možné od 13. 6. 2026
  Tisk 124 → KORNDS5JEWJOZákon vyhlášen 10. 6. 2026 ve  Sbírce zákonů v částce 93 pod číslem 93/2026 Sb.
  Tisk 125 → ALBSDS9BKZY8Zákon vyhlášen 10. 6. 2026 ve  Sbírce zákonů v částce 92 pod číslem 92/2026 Sb.
  Tisk 57 → ALBSDNKBH74JSenát návrh vrátil sněmovně s pozměňovacími návrhy (usnesení č. 417).
  Tisk 11 → ALBSDNCATZU8Zákon vyhlášen 10. 6. 2026 ve  Sbírce zákonů v částce 90 pod číslem 90/2026 Sb.
  Tisk 67 → KORNDPDDEYDLDalší projednávání možné od 3. 7. 2026
  Tisk 16 → KORNDFBH6CTHDalší projednávání možné od 24. 4. 2026.
  Tisk 46 → KORNDN6DDENDDalší projednávání možné od 24. 5. 2026.
  Tisk 52 → ALBSDMXGX7YNDalší projednávání možné od 25. 5. 2026.
  Tisk 53 → KORNDMXE7T3YDalší projednávání možné od 25. 5. 2026.
  Tisk 55 → KORNDNJJF6N2Další projednávání možné od 25. 5. 2026.
  Tisk 56 → KORNDNJJF7R7Další projednávání možné od 25. 5. 2026.
  Tisk 62 → KORNDKHF3VQGDalší projednávání možné od 25. 5. 2026.
  Tisk 83 → KORNDK9DFTG2Další projednávání možné od 12. 4. 2026.
  Tisk 113 → ALBSDDEJ5C5NDalší projednávání možné od 25. 4. 2026.
  Tisk 145 → KORNDDVFVG8BDalší projednávání možné od 24. 5. 2026.
  Tisk 72 → ALBSDPHHG9IEDalší projednávání možné od 13. 6. 2026
  Tisk 14 → KORNDERB9DSRDalší projednávání možné od 18. 11. 2025.
  Tisk 58 → KORNDNADQS6XDalší projednávání možné od 21. 12. 2025.
  Tisk 10 → KORNDDSCZ27KDalší projednávání možné od 16. 11. 2025.
  Tisk 61 → ALBSDKJBFFMKDalší projednávání možné od 23. 12. 2025.
  Tisk 98 → KORNDQAN5F2PDalší projednávání možné od 16. 2. 2026.
  Tisk 101 → ALBSDQWLF9TSDalší projednávání možné od 21. 2. 2026.
  Tisk 102 → ALBSDQWLF8E9Další projednávání možné od 21. 2. 2026.
  Tisk 111 → KORNDJZJHQ1EDalší projednávání možné od 27. 2. 2026.
  Tisk 114 → KORNDQBASCLTDalší projednávání možné od 1. 3. 2026.
  Tisk 143 → KORNDMUGLUEKDalší projednávání možné od 5. 4. 2026.
  Tisk 153 → KORNDR9CY314Další projednávání možné od 13. 4. 2026.
  Tisk 154 → ALBSDHZA32NVDalší projednávání možné od 13. 4. 2026.
  Tisk 162 → ALBSDLNEPCL2Další projednávání možné od 24. 4. 2026.
  Tisk 172 → KORNDRVB6L2LDalší projednávání možné od 2. 5. 2026.
  Tisk 189 → KORNDRFM95MGDalší projednávání možné od 4. 7. 2026.
  Tisk 192 → KORNDS2LAKNRDalší projednávání možné od 24. 5. 2026.
  Tisk 4 → ALBSDNCAQ38LDalší projednávání možné od 15. 12. 2025.
  Tisk 5 → ALBSDNCA86EGDalší projednávání možné od 14. 12. 2025.
  Tisk 6 → ALBSDNCA2EN4Další projednávání možné od 14. 12. 2025.
  Tisk 7 → ALBSDNC9VFOIDalší projednávání možné od 14. 12. 2025.
  Tisk 12 → ALBSDNCAZ9DMDalší projednávání možné od 15. 12. 2025.
  Tisk 15 → KORNDNEEWWBRDalší projednávání možné od 23. 12. 2025.
  Tisk 24 → ALBSDNKACN8ADalší projednávání možné od 22. 12. 2025.
  Tisk 28 → ALBSDNKKC8I6Další projednávání možné od 22. 12. 2025.
  Tisk 35 → ALBSDNR9BUS5Další projednávání možné od 27. 12. 2025.
  Tisk 40 → ALBSDNUHZ9BUDalší projednávání možné od 2. 1. 2026.
  Tisk 42 → ALBSDNUHUHYUDalší projednávání možné od 2. 1. 2026.
  Tisk 49 → KORNDP6FALEBDalší projednávání možné od 2. 1. 2026.
  Tisk 50 → ALBSDQK9WKJDDalší projednávání možné od 27. 2. 2026.
  Tisk 59 → ALBSDPECPS4ODalší projednávání možné od 23. 1. 2026.
  Tisk 71 → ALBSDPHMFNE2Další projednávání možné od 23. 1. 2026.
  Tisk 73 → ALBSDPUA7225Další projednávání možné od 30. 1. 2026.
  Tisk 74 → ALBSDQDACPI1Další projednávání možné od 20. 2. 2026.
  Tisk 75 → ALBSDQKA3C4NDalší projednávání možné od 27. 2. 2026.
  Tisk 86 → ALBSDQRAN8WQDalší projednávání možné od 7. 3. 2026.
  Tisk 89 → ALBSDQTF86PLDalší projednávání možné od 7. 3. 2026.
  Tisk 99 → ALBSDR79R7BRDalší projednávání možné od 14. 3. 2026.
  Tisk 100 → ALBSDR79V57IDalší projednávání možné od 13. 3. 2026.
  Tisk 103 → ALBSDR99RFB1Další projednávání možné od 20. 3. 2026.
  Tisk 104 → ALBSDR99UHLJDalší projednávání možné od 20. 3. 2026.
  Tisk 106 → ALBSDRDBL9NPDalší projednávání možné od 20. 3. 2026.
  Tisk 107 → ALBSDRV99BCDDalší projednávání možné od 10. 4. 2026.
  Tisk 109 → ALBSDRDGW9D3Další projednávání možné od 29. 3. 2026.
  Tisk 110 → ALBSDRDGYVNRDalší projednávání možné od 29. 3. 2026.
  Tisk 112 → ALBSDRFJN7UGDalší projednávání možné od 29. 3. 2026.
  Tisk 120 → ALBSDRVHV79QDalší projednávání možné od 11. 4. 2026.
  Tisk 121 → ALBSDRV9DCVCDalší projednávání možné od 10. 4. 2026.
  Tisk 129 → KORNDS5AS75TDalší projednávání možné od 10. 4. 2026.
  Tisk 130 → KORNDS5FFX14Další projednávání možné od 12. 4. 2026.
  Tisk 132 → KORNDS5AUEX1Další projednávání možné od 11. 4. 2026.
  Tisk 133 → ALBSDSB9VZPHDalší projednávání možné od 25. 4. 2026.
  Tisk 135 → ALBSDS8KFDG1Další projednávání možné od 24. 4. 2026.
  Tisk 138 → KORNDSCCGDN9Další projednávání možné od 24. 4. 2026.
  Tisk 140 → ALBSDSJ9YVTHDalší projednávání možné od 1. 5. 2026.
  Tisk 141 → ALBSDSJA7PG4Další projednávání možné od 1. 5. 2026.
  Tisk 146 → ALBSDSKBRR8BDalší projednávání možné od 2. 5. 2026.
  Tisk 161 → ALBSDSZGD2I7Další projednávání možné od 15. 5. 2026.
  Tisk 168 → KORNDT8EKD5ADalší projednávání možné od 23. 5. 2026.
  Tisk 173 → ALBSDTLBDM98Další projednávání možné od 16. 5. 2026.
  Tisk 174 → ALBSDTLBJ4Q7Další projednávání možné od 16. 5. 2026.
  Tisk 119 → ALBSDRUD7WINPoslanecká sněmovna postoupila  dne 9. 6. 2026 návrh zákona Senátu jako tisk 251, dokument 251/0.OOrganizační výbor  dne 9. 6.
  Tisk 13 → KORNDGFD743IPoslanecká sněmovna postoupila  dne 9. 6. 2026 návrh zákona Senátu jako tisk 252, dokument 252/0.OOrganizační výbor  dne 9. 6.
  Tisk 48 → KORNDMGGSV4SDalší projednávání možné od 10. 4. 2026.
  Tisk 76 → ALBSDPVEF33BNA
  Tisk 77 → ALBSDPVEP9GEDalší projednávání možné od 6. 5. 2026.
  Tisk 82 → ALBSDPLDDVNJPoslanecká sněmovna postoupila  dne 11. 6. 2026 návrh zákona Senátu jako tisk 253, dokument 253/0.OOrganizační výbor  dne 16. 6.
  Tisk 198 → ALBSDRZHK5X1Další projednávání možné od 28. 6. 2026.
  Tisk 190 → ALBSDTZDW2VMSenátu.Senát návrh schválil (usnesení č. 455).
  Tisk 187 → ALBSDTUDB51ADalší projednávání možné od 3. 7. 2026.
  Tisk 67 → KORNDPDDEYDLDalší projednávání možné od 3. 7. 2026
  Tisk 16 → KORNDFBH6CTHDalší projednávání možné od 24. 4. 2026.
  Tisk 46 → KORNDN6DDENDDalší projednávání možné od 24. 5. 2026.
  Tisk 48 → KORNDMGGSV4SDalší projednávání možné od 10. 4. 2026.
  Tisk 52 → ALBSDMXGX7YNDalší projednávání možné od 25. 5. 2026.
  Tisk 53 → KORNDMXE7T3YDalší projednávání možné od 25. 5. 2026.
  Tisk 55 → KORNDNJJF6N2Další projednávání možné od 25. 5. 2026.
  Tisk 56 → KORNDNJJF7R7Další projednávání možné od 25. 5. 2026.
  Tisk 62 → KORNDKHF3VQGDalší projednávání možné od 25. 5. 2026.
  Tisk 69 → KORNDN5B8461Další projednávání možné od 10. 5. 2026.
  Tisk 83 → KORNDK9DFTG2Další projednávání možné od 12. 4. 2026.
  Tisk 113 → ALBSDDEJ5C5NDalší projednávání možné od 25. 4. 2026.
  Tisk 144 → KORNDQ6FEQB9Další projednávání možné od 15. 6. 2026.
  Tisk 145 → KORNDDVFVG8BDalší projednávání možné od 24. 5. 2026.
  Tisk 67 → KORNDPDDEYDLDalší projednávání možné od 3. 7. 2026
  Tisk 115 → ALBSDRMDTWS7Další projednávání možné od 21. 6. 2026.
  Tisk 116 → ALBSDRMDPM3TDalší projednávání možné od 22. 6. 2026.
  Tisk 10 → KORNDDSCZ27KDalší projednávání možné od 16. 11. 2025.
  Tisk 14 → KORNDERB9DSRDalší projednávání možné od 18. 11. 2025.
  Tisk 58 → KORNDNADQS6XDalší projednávání možné od 21. 12. 2025.
  Tisk 61 → ALBSDKJBFFMKDalší projednávání možné od 23. 12. 2025.
  Tisk 98 → KORNDQAN5F2PDalší projednávání možné od 16. 2. 2026.
  Tisk 101 → ALBSDQWLF9TSDalší projednávání možné od 21. 2. 2026.
  Tisk 102 → ALBSDQWLF8E9Další projednávání možné od 21. 2. 2026.
  Tisk 111 → KORNDJZJHQ1EDalší projednávání možné od 27. 2. 2026.
  Tisk 114 → KORNDQBASCLTDalší projednávání možné od 1. 3. 2026.
  Tisk 143 → KORNDMUGLUEKDalší projednávání možné od 5. 4. 2026.
  Tisk 153 → KORNDR9CY314Další projednávání možné od 13. 4. 2026.
  Tisk 154 → ALBSDHZA32NVDalší projednávání možné od 13. 4. 2026.
  Tisk 162 → ALBSDLNEPCL2Další projednávání možné od 24. 4. 2026.
  Tisk 172 → KORNDRVB6L2LDalší projednávání možné od 2. 5. 2026.
  Tisk 192 → KORNDS2LAKNRDalší projednávání možné od 24. 5. 2026.
  Tisk 196 → KORNDPMD76PZDalší projednávání možné od 26. 5. 2026.
  Tisk 199 → KORNDLS9CWIWDalší projednávání možné od 2. 6. 2026.
  Tisk 207 → KORNDLMBS4FBDalší projednávání možné od 8. 6. 2026.
  Tisk 210 → KORNDTST2VI7Další projednávání možné od 12. 6. 2026.
  Tisk 213 → KORNDU7AL36HDalší projednávání možné od 14. 6. 2026.
  Tisk 218 → KORNDS2HT779Další projednávání možné od 16. 6. 2026.
  Tisk 219 → ALBSDCQH22PEDalší projednávání možné od 16. 6. 2026.
  Tisk 222 → ALBSDMJFC24NDalší projednávání možné od 22. 6. 2026.
  Tisk 4 → ALBSDNCAQ38LDalší projednávání možné od 15. 12. 2025.
  Tisk 5 → ALBSDNCA86EGDalší projednávání možné od 14. 12. 2025.
  Tisk 6 → ALBSDNCA2EN4Další projednávání možné od 14. 12. 2025.
  Tisk 7 → ALBSDNC9VFOIDalší projednávání možné od 14. 12. 2025.
  Tisk 12 → ALBSDNCAZ9DMDalší projednávání možné od 15. 12. 2025.
  Tisk 15 → KORNDNEEWWBRDalší projednávání možné od 23. 12. 2025.
  Tisk 24 → ALBSDNKACN8ADalší projednávání možné od 22. 12. 2025.
  Tisk 28 → ALBSDNKKC8I6Další projednávání možné od 22. 12. 2025.
  Tisk 35 → ALBSDNR9BUS5Další projednávání možné od 27. 12. 2025.
  Tisk 40 → ALBSDNUHZ9BUDalší projednávání možné od 2. 1. 2026.
  Tisk 42 → ALBSDNUHUHYUDalší projednávání možné od 2. 1. 2026.
  Tisk 49 → KORNDP6FALEBDalší projednávání možné od 2. 1. 2026.
  Tisk 50 → ALBSDQK9WKJDDalší projednávání možné od 27. 2. 2026.
  Tisk 59 → ALBSDPECPS4ODalší projednávání možné od 23. 1. 2026.
  Tisk 71 → ALBSDPHMFNE2Další projednávání možné od 23. 1. 2026.
  Tisk 73 → ALBSDPUA7225Další projednávání možné od 30. 1. 2026.
  Tisk 74 → ALBSDQDACPI1Další projednávání možné od 20. 2. 2026.
  Tisk 75 → ALBSDQKA3C4NDalší projednávání možné od 27. 2. 2026.
  Tisk 86 → ALBSDQRAN8WQDalší projednávání možné od 7. 3. 2026.
  Tisk 89 → ALBSDQTF86PLDalší projednávání možné od 7. 3. 2026.
  Tisk 99 → ALBSDR79R7BRDalší projednávání možné od 14. 3. 2026.
  Tisk 100 → ALBSDR79V57IDalší projednávání možné od 13. 3. 2026.
  Tisk 103 → ALBSDR99RFB1Další projednávání možné od 20. 3. 2026.
  Tisk 104 → ALBSDR99UHLJDalší projednávání možné od 20. 3. 2026.
  Tisk 106 → ALBSDRDBL9NPDalší projednávání možné od 20. 3. 2026.
  Tisk 107 → ALBSDRV99BCDDalší projednávání možné od 10. 4. 2026.
  Tisk 109 → ALBSDRDGW9D3Další projednávání možné od 29. 3. 2026.
  Tisk 110 → ALBSDRDGYVNRDalší projednávání možné od 29. 3. 2026.
  Tisk 112 → ALBSDRFJN7UGDalší projednávání možné od 29. 3. 2026.
  Tisk 120 → ALBSDRVHV79QDalší projednávání možné od 11. 4. 2026.
  Tisk 121 → ALBSDRV9DCVCDalší projednávání možné od 10. 4. 2026.
  Tisk 129 → KORNDS5AS75TDalší projednávání možné od 10. 4. 2026.
  Tisk 130 → KORNDS5FFX14Další projednávání možné od 12. 4. 2026.
  Tisk 132 → KORNDS5AUEX1Další projednávání možné od 11. 4. 2026.
  Tisk 133 → ALBSDSB9VZPHDalší projednávání možné od 25. 4. 2026.
  Tisk 135 → ALBSDS8KFDG1Další projednávání možné od 24. 4. 2026.
  Tisk 138 → KORNDSCCGDN9Další projednávání možné od 24. 4. 2026.
  Tisk 140 → ALBSDSJ9YVTHDalší projednávání možné od 1. 5. 2026.
  Tisk 141 → ALBSDSJA7PG4Další projednávání možné od 1. 5. 2026.
  Tisk 146 → ALBSDSKBRR8BDalší projednávání možné od 2. 5. 2026.
  Tisk 161 → ALBSDSZGD2I7Další projednávání možné od 15. 5. 2026.
  Tisk 168 → KORNDT8EKD5ADalší projednávání možné od 23. 5. 2026.
  Tisk 171 → ALBSDTDAY5XADalší projednávání možné od 30. 5. 2026.
  Tisk 173 → ALBSDTLBDM98Další projednávání možné od 16. 5. 2026.
  Tisk 174 → ALBSDTLBJ4Q7Další projednávání možné od 16. 5. 2026.
  Tisk 181 → ALBSDTTHNE5IDalší projednávání možné od 13. 6. 2026.
  Tisk 186 → ALBSDTYB922FDalší projednávání možné od 13. 6. 2026.
  Tisk 193 → ALBSDU4DJ2KSDalší projednávání možné od 20. 6. 2026.
  Tisk 47 → KORNDP6EMCP8Další projednávání možné od 13. 6. 2026
  Tisk 72 → ALBSDPHHG9IEDalší projednávání možné od 13. 6. 2026
  Tisk 76 → ALBSDPVEF33BNA
  Tisk 77 → ALBSDPVEP9GEDalší projednávání možné od 6. 5. 2026.
Matched 110 of 436 bills
[2026-06-18 20:41:27] [INFO] Matched 110 unique bills to VeKLEP
NOTICE:  relation "bills" already exists, skipping

NOTICE:  relation "impacts" already exists, skipping

NOTICE:  relation "costs" already exists, skipping

NOTICE:  relation "benefits" already exists, skipping

NOTICE:  relation "idx_alerts_token" already exists, skipping

NOTICE:  relation "idx_alerts_active" already exists, skipping

NOTICE:  relation "alerts" already exists, skipping

NOTICE:  relation "idx_alerts_token" already exists, skipping

NOTICE:  relation "idx_alerts_active" already exists, skipping

NOTICE:  column "psp_status" of relation "bills" already exists, skipping

Database initialized
[2026-06-18 20:41:32] [INFO] [1/110] Tisk 17 → KORNDLZJTJLG
[2026-06-18 20:41:33] [ERROR]   Unexpected error: Lists must contain raw vectors or NULL
[2026-06-18 20:41:38] [INFO] [2/110] Tisk 25 → ALBSDN3J9K06
[2026-06-18 20:41:38] [ERROR]   Unexpected error: Lists must contain raw vectors or NULL
[2026-06-18 20:41:43] [INFO] [3/110] Tisk 76 → ALBSDPVEF33B
[2026-06-18 20:41:43] [ERROR]   Unexpected error: Lists must contain raw vectors or NULL
[2026-06-18 20:41:48] [INFO] [4/110] Tisk 77 → ALBSDPVEP9GE
[2026-06-18 20:41:48] [ERROR]   Unexpected error: Lists must contain raw vectors or NULL
[2026-06-18 20:41:53] [INFO] [5/110] Tisk 72 → ALBSDPHHG9IE
[2026-06-18 20:41:54] [ERROR]   Unexpected error: Lists must contain raw vectors or NULL
[2026-06-18 20:41:59] [INFO] [6/110] Tisk 163 → KORNDT4CKC7A
[2026-06-18 20:41:59] [ERROR]   Unexpected error: Lists must contain raw vectors or NULL
[2026-06-18 20:42:04] [INFO] [7/110] Tisk 78 → ALBSDQG99B8P
[2026-06-18 20:42:05] [ERROR]   Unexpected error: Lists must contain raw vectors or NULL
[2026-06-18 20:42:10] [INFO] [8/110] Tisk 13 → KORNDGFD743I
[2026-06-18 20:42:10] [ERROR]   Unexpected error: Lists must contain raw vectors or NULL
[2026-06-18 20:42:15] [INFO] [9/110] Tisk 90 → KORNDQGFVQKI
[2026-06-18 20:42:15] [ERROR]   Unexpected error: Lists must contain raw vectors or NULL
[2026-06-18 20:42:20] [INFO] [10/110] Tisk 48 → KORNDMGGSV4S
[2026-06-18 20:42:20] [ERROR]   Unexpected error: Lists must contain raw vectors or NULL
[2026-06-18 20:42:26] [INFO] [11/110] Tisk 119 → ALBSDRUD7WIN
[2026-06-18 20:42:26] [ERROR]   Unexpected error: Lists must contain raw vectors or NULL
[2026-06-18 20:42:31] [INFO] [12/110] Tisk 82 → ALBSDPLDDVNJ
[2026-06-18 20:42:31] [ERROR]   Unexpected error: Lists must contain raw vectors or NULL
[2026-06-18 20:42:36] [INFO] [13/110] Tisk 144 → KORNDQ6FEQB9
[2026-06-18 20:42:36] [ERROR]   Unexpected error: Lists must contain raw vectors or NULL
[2026-06-18 20:42:41] [INFO] [14/110] Tisk 115 → ALBSDRMDTWS7
[2026-06-18 20:42:41] [ERROR]   Unexpected error: Lists must contain raw vectors or NULL
[2026-06-18 20:42:46] [INFO] [15/110] Tisk 116 → ALBSDRMDPM3T
[2026-06-18 20:42:47] [ERROR]   Unexpected error: Lists must contain raw vectors or NULL
[2026-06-18 20:42:52] [INFO] [16/110] Tisk 124 → KORNDS5JEWJO
[2026-06-18 20:42:52] [ERROR]   Unexpected error: Lists must contain raw vectors or NULL
[2026-06-18 20:42:57] [INFO] [17/110] Tisk 125 → ALBSDS9BKZY8
[2026-06-18 20:42:57] [ERROR]   Unexpected error: Lists must contain raw vectors or NULL
[2026-06-18 20:43:02] [INFO] [18/110] Tisk 35 → ALBSDNR9BUS5
[2026-06-18 20:43:02] [ERROR]   Unexpected error: Lists must contain raw vectors or NULL
[2026-06-18 20:43:07] [INFO] [19/110] Tisk 10 → KORNDDSCZ27K
[2026-06-18 20:43:08] [ERROR]   Unexpected error: Lists must contain raw vectors or NULL
[2026-06-18 20:43:13] [INFO] [20/110] Tisk 14 → KORNDERB9DSR
[2026-06-18 20:43:13] [ERROR]   Unexpected error: Lists must contain raw vectors or NULL
[2026-06-18 20:43:18] [INFO] [21/110] Tisk 58 → KORNDNADQS6X
[2026-06-18 20:43:18] [ERROR]   Unexpected error: Lists must contain raw vectors or NULL
[2026-06-18 20:43:23] [INFO] [22/110] Tisk 61 → ALBSDKJBFFMK
[2026-06-18 20:43:23] [ERROR]   Unexpected error: Lists must contain raw vectors or NULL
[2026-06-18 20:43:28] [INFO] [23/110] Tisk 68 → KORNDJ6J9HOO
[2026-06-18 20:43:29] [ERROR]   Unexpected error: Lists must contain raw vectors or NULL
[2026-06-18 20:43:34] [INFO] [24/110] Tisk 98 → KORNDQAN5F2P
[2026-06-18 20:43:34] [ERROR]   Unexpected error: Lists must contain raw vectors or NULL
[2026-06-18 20:43:39] [INFO] [25/110] Tisk 101 → ALBSDQWLF9TS
[2026-06-18 20:43:39] [ERROR]   Unexpected error: Lists must contain raw vectors or NULL
[2026-06-18 20:43:44] [INFO] [26/110] Tisk 102 → ALBSDQWLF8E9
[2026-06-18 20:43:44] [ERROR]   Unexpected error: Lists must contain raw vectors or NULL
[2026-06-18 20:43:50] [INFO] [27/110] Tisk 111 → KORNDJZJHQ1E
[2026-06-18 20:43:50] [ERROR]   Unexpected error: Lists must contain raw vectors or NULL
[2026-06-18 20:43:55] [INFO] [28/110] Tisk 114 → KORNDQBASCLT
[2026-06-18 20:43:55] [ERROR]   Unexpected error: Lists must contain raw vectors or NULL
[2026-06-18 20:44:00] [INFO] [29/110] Tisk 143 → KORNDMUGLUEK
[2026-06-18 20:44:00] [ERROR]   Unexpected error: Lists must contain raw vectors or NULL
[2026-06-18 20:44:05] [INFO] [30/110] Tisk 145 → KORNDDVFVG8B
[2026-06-18 20:44:05] [ERROR]   Unexpected error: Lists must contain raw vectors or NULL
[2026-06-18 20:44:11] [INFO] [31/110] Tisk 153 → KORNDR9CY314
[2026-06-18 20:44:11] [ERROR]   Unexpected error: Lists must contain raw vectors or NULL
[2026-06-18 20:44:16] [INFO] [32/110] Tisk 154 → ALBSDHZA32NV
[2026-06-18 20:44:16] [ERROR]   Unexpected error: Lists must contain raw vectors or NULL
[2026-06-18 20:44:21] [INFO] [33/110] Tisk 4 → ALBSDNCAQ38L
[2026-06-18 20:44:21] [ERROR]   Unexpected error: Lists must contain raw vectors or NULL
[2026-06-18 20:44:27] [INFO] [34/110] Tisk 5 → ALBSDNCA86EG
[2026-06-18 20:44:27] [ERROR]   Unexpected error: Lists must contain raw vectors or NULL
[2026-06-18 20:44:32] [INFO] [35/110] Tisk 6 → ALBSDNCA2EN4
[2026-06-18 20:44:32] [ERROR]   Unexpected error: Lists must contain raw vectors or NULL
[2026-06-18 20:44:37] [INFO] [36/110] Tisk 7 → ALBSDNC9VFOI
[2026-06-18 20:44:37] [ERROR]   Unexpected error: Lists must contain raw vectors or NULL
[2026-06-18 20:44:42] [INFO] [37/110] Tisk 12 → ALBSDNCAZ9DM
[2026-06-18 20:44:43] [ERROR]   Unexpected error: Lists must contain raw vectors or NULL
[2026-06-18 20:44:48] [INFO] [38/110] Tisk 15 → KORNDNEEWWBR
[2026-06-18 20:44:48] [ERROR]   Unexpected error: Lists must contain raw vectors or NULL
[2026-06-18 20:44:53] [INFO] [39/110] Tisk 24 → ALBSDNKACN8A
[2026-06-18 20:44:53] [ERROR]   Unexpected error: Lists must contain raw vectors or NULL
[2026-06-18 20:44:58] [INFO] [40/110] Tisk 28 → ALBSDNKKC8I6
[2026-06-18 20:44:59] [ERROR]   Unexpected error: Lists must contain raw vectors or NULL
[2026-06-18 20:45:04] [INFO] [41/110] Tisk 40 → ALBSDNUHZ9BU
[2026-06-18 20:45:04] [ERROR]   Unexpected error: Lists must contain raw vectors or NULL
[2026-06-18 20:45:09] [INFO] [42/110] Tisk 42 → ALBSDNUHUHYU
[2026-06-18 20:45:09] [ERROR]   Unexpected error: Lists must contain raw vectors or NULL
[2026-06-18 20:45:14] [INFO] [43/110] Tisk 49 → KORNDP6FALEB
[2026-06-18 20:45:14] [ERROR]   Unexpected error: Lists must contain raw vectors or NULL
[2026-06-18 20:45:19] [INFO] [44/110] Tisk 50 → ALBSDQK9WKJD
[2026-06-18 20:45:20] [ERROR]   Unexpected error: Lists must contain raw vectors or NULL
[2026-06-18 20:45:25] [INFO] [45/110] Tisk 59 → ALBSDPECPS4O
[2026-06-18 20:45:25] [ERROR]   Unexpected error: Lists must contain raw vectors or NULL
[2026-06-18 20:45:30] [INFO] [46/110] Tisk 71 → ALBSDPHMFNE2
[2026-06-18 20:45:30] [ERROR]   Unexpected error: Lists must contain raw vectors or NULL
[2026-06-18 20:45:35] [INFO] [47/110] Tisk 73 → ALBSDPUA7225
[2026-06-18 20:45:35] [ERROR]   Unexpected error: Lists must contain raw vectors or NULL
[2026-06-18 20:45:40] [INFO] [48/110] Tisk 74 → ALBSDQDACPI1
[2026-06-18 20:45:41] [ERROR]   Unexpected error: Lists must contain raw vectors or NULL
[2026-06-18 20:45:46] [INFO] [49/110] Tisk 75 → ALBSDQKA3C4N
[2026-06-18 20:45:46] [ERROR]   Unexpected error: Lists must contain raw vectors or NULL
[2026-06-18 20:45:51] [INFO] [50/110] Tisk 86 → ALBSDQRAN8WQ
[2026-06-18 20:45:51] [ERROR]   Unexpected error: Lists must contain raw vectors or NULL
[2026-06-18 20:45:56] [INFO] [51/110] Tisk 89 → ALBSDQTF86PL
[2026-06-18 20:45:56] [ERROR]   Unexpected error: Lists must contain raw vectors or NULL
[2026-06-18 20:46:01] [INFO] [52/110] Tisk 99 → ALBSDR79R7BR
[2026-06-18 20:46:02] [ERROR]   Unexpected error: Lists must contain raw vectors or NULL
[2026-06-18 20:46:07] [INFO] [53/110] Tisk 100 → ALBSDR79V57I
[2026-06-18 20:46:07] [ERROR]   Unexpected error: Lists must contain raw vectors or NULL
[2026-06-18 20:46:12] [INFO] [54/110] Tisk 103 → ALBSDR99RFB1
[2026-06-18 20:46:12] [ERROR]   Unexpected error: Lists must contain raw vectors or NULL
[2026-06-18 20:46:17] [INFO] [55/110] Tisk 104 → ALBSDR99UHLJ
[2026-06-18 20:46:17] [ERROR]   Unexpected error: Lists must contain raw vectors or NULL
[2026-06-18 20:46:22] [INFO] [56/110] Tisk 106 → ALBSDRDBL9NP
[2026-06-18 20:46:23] [ERROR]   Unexpected error: Lists must contain raw vectors or NULL
[2026-06-18 20:46:28] [INFO] [57/110] Tisk 107 → ALBSDRV99BCD
[2026-06-18 20:46:28] [ERROR]   Unexpected error: Lists must contain raw vectors or NULL
[2026-06-18 20:46:33] [INFO] [58/110] Tisk 109 → ALBSDRDGW9D3
[2026-06-18 20:46:33] [ERROR]   Unexpected error: Lists must contain raw vectors or NULL
[2026-06-18 20:46:38] [INFO] [59/110] Tisk 110 → ALBSDRDGYVNR
[2026-06-18 20:46:38] [ERROR]   Unexpected error: Lists must contain raw vectors or NULL
[2026-06-18 20:46:43] [INFO] [60/110] Tisk 112 → ALBSDRFJN7UG
[2026-06-18 20:46:44] [ERROR]   Unexpected error: Lists must contain raw vectors or NULL
[2026-06-18 20:46:49] [INFO] [61/110] Tisk 120 → ALBSDRVHV79Q
[2026-06-18 20:46:49] [ERROR]   Unexpected error: Lists must contain raw vectors or NULL
[2026-06-18 20:46:54] [INFO] [62/110] Tisk 121 → ALBSDRV9DCVC
[2026-06-18 20:46:54] [ERROR]   Unexpected error: Lists must contain raw vectors or NULL
[2026-06-18 20:46:59] [INFO] [63/110] Tisk 129 → KORNDS5AS75T
[2026-06-18 20:47:00] [ERROR]   Unexpected error: Lists must contain raw vectors or NULL
[2026-06-18 20:47:05] [INFO] [64/110] Tisk 130 → KORNDS5FFX14
[2026-06-18 20:47:05] [ERROR]   Unexpected error: Lists must contain raw vectors or NULL
[2026-06-18 20:47:10] [INFO] [65/110] Tisk 131 → KORNDS5FLZJK
[2026-06-18 20:47:10] [ERROR]   Unexpected error: Lists must contain raw vectors or NULL
[2026-06-18 20:47:15] [INFO] [66/110] Tisk 132 → KORNDS5AUEX1
[2026-06-18 20:47:15] [ERROR]   Unexpected error: Lists must contain raw vectors or NULL
[2026-06-18 20:47:20] [INFO] [67/110] Tisk 16 → KORNDFBH6CTH
[2026-06-18 20:47:21] [ERROR]   Unexpected error: Lists must contain raw vectors or NULL
[2026-06-18 20:47:26] [INFO] [68/110] Tisk 83 → KORNDK9DFTG2
[2026-06-18 20:47:26] [ERROR]   Unexpected error: Lists must contain raw vectors or NULL
[2026-06-18 20:47:31] [INFO] [69/110] Tisk 113 → ALBSDDEJ5C5N
[2026-06-18 20:47:31] [ERROR]   Unexpected error: Lists must contain raw vectors or NULL
[2026-06-18 20:47:36] [INFO] [70/110] Tisk 47 → KORNDP6EMCP8
[2026-06-18 20:47:36] [ERROR]   Unexpected error: Lists must contain raw vectors or NULL
[2026-06-18 20:47:42] [INFO] [71/110] Tisk 162 → ALBSDLNEPCL2
[2026-06-18 20:47:42] [ERROR]   Unexpected error: Lists must contain raw vectors or NULL
[2026-06-18 20:47:47] [INFO] [72/110] Tisk 172 → KORNDRVB6L2L
[2026-06-18 20:47:47] [ERROR]   Unexpected error: Lists must contain raw vectors or NULL
[2026-06-18 20:47:52] [INFO] [73/110] Tisk 133 → ALBSDSB9VZPH
[2026-06-18 20:47:52] [ERROR]   Unexpected error: Lists must contain raw vectors or NULL
[2026-06-18 20:47:57] [INFO] [74/110] Tisk 135 → ALBSDS8KFDG1
[2026-06-18 20:47:57] [ERROR]   Unexpected error: Lists must contain raw vectors or NULL
[2026-06-18 20:48:03] [INFO] [75/110] Tisk 138 → KORNDSCCGDN9
[2026-06-18 20:48:03] [ERROR]   Unexpected error: Lists must contain raw vectors or NULL
[2026-06-18 20:48:08] [INFO] [76/110] Tisk 140 → ALBSDSJ9YVTH
[2026-06-18 20:48:08] [ERROR]   Unexpected error: Lists must contain raw vectors or NULL
[2026-06-18 20:48:13] [INFO] [77/110] Tisk 141 → ALBSDSJA7PG4
[2026-06-18 20:48:13] [ERROR]   Unexpected error: Lists must contain raw vectors or NULL
[2026-06-18 20:48:18] [INFO] [78/110] Tisk 146 → ALBSDSKBRR8B
[2026-06-18 20:48:18] [ERROR]   Unexpected error: Lists must contain raw vectors or NULL
[2026-06-18 20:48:24] [INFO] [79/110] Tisk 167 → ALBSDT7A6K64
[2026-06-18 20:48:24] [ERROR]   Unexpected error: Lists must contain raw vectors or NULL
[2026-06-18 20:48:29] [INFO] [80/110] Tisk 57 → ALBSDNKBH74J
[2026-06-18 20:48:29] [ERROR]   Unexpected error: Lists must contain raw vectors or NULL
[2026-06-18 20:48:34] [INFO] [81/110] Tisk 11 → ALBSDNCATZU8
[2026-06-18 20:48:34] [ERROR]   Unexpected error: Lists must contain raw vectors or NULL
[2026-06-18 20:48:39] [INFO] [82/110] Tisk 67 → KORNDPDDEYDL
[2026-06-18 20:48:39] [ERROR]   Unexpected error: Lists must contain raw vectors or NULL
[2026-06-18 20:48:44] [INFO] [83/110] Tisk 46 → KORNDN6DDEND
[2026-06-18 20:48:45] [ERROR]   Unexpected error: Lists must contain raw vectors or NULL
[2026-06-18 20:48:50] [INFO] [84/110] Tisk 52 → ALBSDMXGX7YN
[2026-06-18 20:48:50] [ERROR]   Unexpected error: Lists must contain raw vectors or NULL
[2026-06-18 20:48:55] [INFO] [85/110] Tisk 53 → KORNDMXE7T3Y
[2026-06-18 20:48:55] [ERROR]   Unexpected error: Lists must contain raw vectors or NULL
[2026-06-18 20:49:00] [INFO] [86/110] Tisk 55 → KORNDNJJF6N2
[2026-06-18 20:49:01] [ERROR]   Unexpected error: Lists must contain raw vectors or NULL
[2026-06-18 20:49:06] [INFO] [87/110] Tisk 56 → KORNDNJJF7R7
[2026-06-18 20:49:06] [ERROR]   Unexpected error: Lists must contain raw vectors or NULL
[2026-06-18 20:49:11] [INFO] [88/110] Tisk 62 → KORNDKHF3VQG
[2026-06-18 20:49:11] [ERROR]   Unexpected error: Lists must contain raw vectors or NULL
[2026-06-18 20:49:16] [INFO] [89/110] Tisk 189 → KORNDRFM95MG
[2026-06-18 20:49:16] [ERROR]   Unexpected error: Lists must contain raw vectors or NULL
[2026-06-18 20:49:21] [INFO] [90/110] Tisk 192 → KORNDS2LAKNR
[2026-06-18 20:49:22] [ERROR]   Unexpected error: Lists must contain raw vectors or NULL
[2026-06-18 20:49:27] [INFO] [91/110] Tisk 161 → ALBSDSZGD2I7
[2026-06-18 20:49:27] [ERROR]   Unexpected error: Lists must contain raw vectors or NULL
[2026-06-18 20:49:32] [INFO] [92/110] Tisk 168 → KORNDT8EKD5A
[2026-06-18 20:49:32] [ERROR]   Unexpected error: Lists must contain raw vectors or NULL
[2026-06-18 20:49:37] [INFO] [93/110] Tisk 173 → ALBSDTLBDM98
[2026-06-18 20:49:37] [ERROR]   Unexpected error: Lists must contain raw vectors or NULL
[2026-06-18 20:49:42] [INFO] [94/110] Tisk 174 → ALBSDTLBJ4Q7
[2026-06-18 20:49:43] [ERROR]   Unexpected error: Lists must contain raw vectors or NULL
[2026-06-18 20:49:48] [INFO] [95/110] Tisk 198 → ALBSDRZHK5X1
[2026-06-18 20:49:48] [ERROR]   Unexpected error: Lists must contain raw vectors or NULL
[2026-06-18 20:49:53] [INFO] [96/110] Tisk 190 → ALBSDTZDW2VM
[2026-06-18 20:49:53] [ERROR]   Unexpected error: Lists must contain raw vectors or NULL
[2026-06-18 20:49:58] [INFO] [97/110] Tisk 187 → ALBSDTUDB51A
[2026-06-18 20:49:58] [ERROR]   Unexpected error: Lists must contain raw vectors or NULL
[2026-06-18 20:50:03] [INFO] [98/110] Tisk 69 → KORNDN5B8461
[2026-06-18 20:50:04] [ERROR]   Unexpected error: Lists must contain raw vectors or NULL
[2026-06-18 20:50:09] [INFO] [99/110] Tisk 196 → KORNDPMD76PZ
[2026-06-18 20:50:09] [ERROR]   Unexpected error: Lists must contain raw vectors or NULL
[2026-06-18 20:50:14] [INFO] [100/110] Tisk 199 → KORNDLS9CWIW
[2026-06-18 20:50:14] [ERROR]   Unexpected error: Lists must contain raw vectors or NULL
[2026-06-18 20:50:19] [INFO] [101/110] Tisk 207 → KORNDLMBS4FB
[2026-06-18 20:50:19] [ERROR]   Unexpected error: Lists must contain raw vectors or NULL
[2026-06-18 20:50:24] [INFO] [102/110] Tisk 210 → KORNDTST2VI7
[2026-06-18 20:50:25] [ERROR]   Unexpected error: Lists must contain raw vectors or NULL
[2026-06-18 20:50:30] [INFO] [103/110] Tisk 213 → KORNDU7AL36H
[2026-06-18 20:50:30] [ERROR]   Unexpected error: Lists must contain raw vectors or NULL
[2026-06-18 20:50:35] [INFO] [104/110] Tisk 218 → KORNDS2HT779
[2026-06-18 20:50:35] [ERROR]   Unexpected error: Lists must contain raw vectors or NULL
[2026-06-18 20:50:40] [INFO] [105/110] Tisk 219 → ALBSDCQH22PE
[2026-06-18 20:50:40] [ERROR]   Unexpected error: Lists must contain raw vectors or NULL
[2026-06-18 20:50:45] [INFO] [106/110] Tisk 222 → ALBSDMJFC24N
[2026-06-18 20:50:46] [ERROR]   Unexpected error: Lists must contain raw vectors or NULL
[2026-06-18 20:50:51] [INFO] [107/110] Tisk 171 → ALBSDTDAY5XA
[2026-06-18 20:50:51] [ERROR]   Unexpected error: Lists must contain raw vectors or NULL
[2026-06-18 20:50:56] [INFO] [108/110] Tisk 181 → ALBSDTTHNE5I
[2026-06-18 20:50:56] [ERROR]   Unexpected error: Lists must contain raw vectors or NULL
[2026-06-18 20:51:01] [INFO] [109/110] Tisk 186 → ALBSDTYB922F
[2026-06-18 20:51:01] [ERROR]   Unexpected error: Lists must contain raw vectors or NULL
[2026-06-18 20:51:06] [INFO] [110/110] Tisk 193 → ALBSDU4DJ2KS
[2026-06-18 20:51:07] [ERROR]   Unexpected error: Lists must contain raw vectors or NULL
[2026-06-18 20:51:12] [INFO] Results — Success: 0 | Skipped: 0 | No document: 0 | Errors: 110
Trying: https://ria.vlada.cz/komise/jednani-v-roce-2026/
Found 1 sessions for 2026
Scraping session: https://ria.vlada.cz/komise/jednani-v-roce-2026/jednani-c-148-dne-30-ledna-2026/
Saved verdict B for KORNDMUGLUEK
Trying: https://ria.vlada.cz/komise/jednani-v-roce-2025/
Trying: https://ria.vlada.cz/komise/jednani-komise-ria-v-roce-2025/
Found 4 sessions for 2025
Scraping session: https://ria.vlada.cz/komise/jednani-komise-ria-v-roce-2025/jednani-c-142-dne-24-ledna-2025/
Scraping session: https://ria.vlada.cz/komise/jednani-komise-ria-v-roce-2025/jednani-c-143-dne-24-unora-2025/
Scraping session: https://ria.vlada.cz/komise/jednani-komise-ria-v-roce-2025/jednani-c-144-dne-7-dubna-2025/
Scraping session: https://ria.vlada.cz/komise/jednani-komise-ria-v-roce-2025/jednani-c-145-dne-8-srpna-2025/
Saved verdict B for KORNDDVFVG8B
Total Komise RIA verdicts matched: 2
=== Checking alerts ===
No active alerts — skipping
There were 50 or more warnings (use warnings() to see the first 50)
NOTICE:  relation "heartbeat" already exists, skipping

[2026-06-18 20:51:21] [INFO] Heartbeat updated in Supabase
[2026-06-18 20:51:21] [INFO] Healthchecks.io pinged: success
[2026-06-18 20:51:21] [INFO] === Scheduled run complete ===

Attaching package: 'xml2'

The following object is masked from 'package:httr2':

    url_parse

Using poppler version 23.08.0

Attaching package: 'dplyr'

The following objects are masked from 'package:stats':

    filter, lag

The following objects are masked from 'package:base':

    intersect, setdiff, setequal, union

Warning message:
package 'jsonlite' was built under R version 4.3.3 

Attaching package: 'purrr'

The following object is masked from 'package:jsonlite':

    flatten

[2026-06-20 22:04:58] [INFO] === Pipeline started ===
Active sessions: 24, 6, 3, 15, 4
[2026-06-20 22:04:59] [INFO] Sessions to scan: 3, 4, 6, 14, 15, 16, 17, 18, 19, 20, 21, 22, 23, 24, 25, 26, 27, 28, 29
Fetching session 3 agenda: https://www.psp.cz/schuze/10/3
Found 2 bills in session 3
Fetching session 4 agenda: https://www.psp.cz/schuze/10/4
No tisk links found in session 4
Fetching session 6 agenda: https://www.psp.cz/schuze/10/6
Found 3 bills in session 6
Fetching session 14 agenda: https://www.psp.cz/schuze/10/14
Found 88 bills in session 14
Fetching session 15 agenda: https://www.psp.cz/schuze/10/15
No tisk links found in session 15
Fetching session 16 agenda: https://www.psp.cz/schuze/10/16
Found 98 bills in session 16
Fetching session 17 agenda: https://www.psp.cz/schuze/10/17
Found 4 bills in session 17
Fetching session 18 agenda: https://www.psp.cz/schuze/10/18
No tisk links found in session 18
Fetching session 19 agenda: https://www.psp.cz/schuze/10/19
Found 2 bills in session 19
Fetching session 20 agenda: https://www.psp.cz/schuze/10/20
Found 111 bills in session 20
Fetching session 21 agenda: https://www.psp.cz/schuze/10/21
Found 3 bills in session 21
Fetching session 22 agenda: https://www.psp.cz/schuze/10/22
No tisk links found in session 22
Fetching session 23 agenda: https://www.psp.cz/schuze/10/23
Found 1 bills in session 23
Fetching session 24 agenda: https://www.psp.cz/schuze/10/24
Found 124 bills in session 24
Fetching session 25 agenda: https://www.psp.cz/schuze/10/25
No tisk links found in session 25
Fetching session 26 agenda: https://www.psp.cz/schuze/10/26
No tisk links found in session 26
Fetching session 27 agenda: https://www.psp.cz/schuze/10/27
No tisk links found in session 27
Fetching session 28 agenda: https://www.psp.cz/schuze/10/28
No tisk links found in session 28
Fetching session 29 agenda: https://www.psp.cz/schuze/10/29
No tisk links found in session 29
[2026-06-20 22:05:10] [INFO] Bills found: 436 across 19 sessions
Fetching VeKLEP PIDs from PSP for 436 bills...
  Tisk 17 → KORNDLZJTJLGNávrh státního rozpočtu vrácen (usnesení č. 46).
  Tisk 25 → ALBSDN3J9K06Zákon vyhlášen 29. 12. 2025 ve  Sbírce zákonů v částce 583 pod číslem 583/2025 Sb.
  Tisk 76 → ALBSDPVEF33BNA
  Tisk 77 → ALBSDPVEP9GEDalší projednávání možné od 6. 5. 2026.
  Tisk 72 → ALBSDPHHG9IEDalší projednávání možné od 13. 6. 2026
  Tisk 163 → KORNDT4CKC7AZákon vyhlášen 13. 5. 2026 ve  Sbírce zákonů v částce 63 pod číslem 63/2026 Sb.
  Tisk 78 → ALBSDQG99B8PZákon vyhlášen 12. 5. 2026 ve  Sbírce zákonů v částce 59 pod číslem 59/2026 Sb.
  Tisk 13 → KORNDGFD743IPoslanecká sněmovna postoupila  dne 9. 6. 2026 návrh zákona Senátu jako tisk 252, dokument 252/0.OOrganizační výbor  dne 9. 6.
  Tisk 90 → KORNDQGFVQKISenát návrh vrátil sněmovně s pozměňovacími návrhy (usnesení č. 472).
  Tisk 48 → KORNDMGGSV4SDalší projednávání možné od 10. 4. 2026.
  Tisk 119 → ALBSDRUD7WINPoslanecká sněmovna postoupila  dne 9. 6. 2026 návrh zákona Senátu jako tisk 251, dokument 251/0.OOrganizační výbor  dne 9. 6.
  Tisk 76 → ALBSDPVEF33BNA
  Tisk 77 → ALBSDPVEP9GEDalší projednávání možné od 6. 5. 2026.
  Tisk 82 → ALBSDPLDDVNJPoslanecká sněmovna postoupila  dne 11. 6. 2026 návrh zákona Senátu jako tisk 253, dokument 253/0.OOrganizační výbor  dne 16. 6.
  Tisk 144 → KORNDQ6FEQB9Další projednávání možné od 15. 6. 2026.
  Tisk 115 → ALBSDRMDTWS7Další projednávání možné od 21. 6. 2026.
  Tisk 116 → ALBSDRMDPM3TDalší projednávání možné od 22. 6. 2026.
  Tisk 124 → KORNDS5JEWJOZákon vyhlášen 10. 6. 2026 ve  Sbírce zákonů v částce 93 pod číslem 93/2026 Sb.
  Tisk 125 → ALBSDS9BKZY8Zákon vyhlášen 10. 6. 2026 ve  Sbírce zákonů v částce 92 pod číslem 92/2026 Sb.
  Tisk 35 → ALBSDNR9BUS5Další projednávání možné od 27. 12. 2025.
  Tisk 10 → KORNDDSCZ27KDalší projednávání možné od 16. 11. 2025.
  Tisk 14 → KORNDERB9DSRDalší projednávání možné od 18. 11. 2025.
  Tisk 58 → KORNDNADQS6XDalší projednávání možné od 21. 12. 2025.
  Tisk 61 → ALBSDKJBFFMKDalší projednávání možné od 23. 12. 2025.
  Tisk 68 → KORNDJ6J9HOONA
  Tisk 98 → KORNDQAN5F2PDalší projednávání možné od 16. 2. 2026.
  Tisk 101 → ALBSDQWLF9TSDalší projednávání možné od 21. 2. 2026.
  Tisk 102 → ALBSDQWLF8E9Další projednávání možné od 21. 2. 2026.
  Tisk 111 → KORNDJZJHQ1EDalší projednávání možné od 27. 2. 2026.
  Tisk 114 → KORNDQBASCLTDalší projednávání možné od 1. 3. 2026.
  Tisk 143 → KORNDMUGLUEKDalší projednávání možné od 5. 4. 2026.
  Tisk 145 → KORNDDVFVG8BDalší projednávání možné od 24. 5. 2026.
  Tisk 153 → KORNDR9CY314Další projednávání možné od 13. 4. 2026.
  Tisk 154 → ALBSDHZA32NVDalší projednávání možné od 13. 4. 2026.
  Tisk 4 → ALBSDNCAQ38LDalší projednávání možné od 15. 12. 2025.
  Tisk 5 → ALBSDNCA86EGDalší projednávání možné od 14. 12. 2025.
  Tisk 6 → ALBSDNCA2EN4Další projednávání možné od 14. 12. 2025.
  Tisk 7 → ALBSDNC9VFOIDalší projednávání možné od 14. 12. 2025.
  Tisk 12 → ALBSDNCAZ9DMDalší projednávání možné od 15. 12. 2025.
  Tisk 15 → KORNDNEEWWBRDalší projednávání možné od 23. 12. 2025.
  Tisk 24 → ALBSDNKACN8ADalší projednávání možné od 22. 12. 2025.
  Tisk 28 → ALBSDNKKC8I6Další projednávání možné od 22. 12. 2025.
  Tisk 40 → ALBSDNUHZ9BUDalší projednávání možné od 2. 1. 2026.
  Tisk 42 → ALBSDNUHUHYUDalší projednávání možné od 2. 1. 2026.
  Tisk 49 → KORNDP6FALEBDalší projednávání možné od 2. 1. 2026.
  Tisk 50 → ALBSDQK9WKJDDalší projednávání možné od 27. 2. 2026.
  Tisk 59 → ALBSDPECPS4ODalší projednávání možné od 23. 1. 2026.
  Tisk 71 → ALBSDPHMFNE2Další projednávání možné od 23. 1. 2026.
  Tisk 73 → ALBSDPUA7225Další projednávání možné od 30. 1. 2026.
  Tisk 74 → ALBSDQDACPI1Další projednávání možné od 20. 2. 2026.
  Tisk 75 → ALBSDQKA3C4NDalší projednávání možné od 27. 2. 2026.
  Tisk 86 → ALBSDQRAN8WQDalší projednávání možné od 7. 3. 2026.
  Tisk 89 → ALBSDQTF86PLDalší projednávání možné od 7. 3. 2026.
  Tisk 99 → ALBSDR79R7BRDalší projednávání možné od 14. 3. 2026.
  Tisk 100 → ALBSDR79V57IDalší projednávání možné od 13. 3. 2026.
  Tisk 103 → ALBSDR99RFB1Další projednávání možné od 20. 3. 2026.
  Tisk 104 → ALBSDR99UHLJDalší projednávání možné od 20. 3. 2026.
  Tisk 106 → ALBSDRDBL9NPDalší projednávání možné od 20. 3. 2026.
  Tisk 107 → ALBSDRV99BCDDalší projednávání možné od 10. 4. 2026.
  Tisk 109 → ALBSDRDGW9D3Další projednávání možné od 29. 3. 2026.
  Tisk 110 → ALBSDRDGYVNRDalší projednávání možné od 29. 3. 2026.
  Tisk 112 → ALBSDRFJN7UGDalší projednávání možné od 29. 3. 2026.
  Tisk 120 → ALBSDRVHV79QDalší projednávání možné od 11. 4. 2026.
  Tisk 121 → ALBSDRV9DCVCDalší projednávání možné od 10. 4. 2026.
  Tisk 129 → KORNDS5AS75TDalší projednávání možné od 10. 4. 2026.
  Tisk 130 → KORNDS5FFX14Další projednávání možné od 12. 4. 2026.
  Tisk 131 → KORNDS5FLZJKZákon vyhlášen 26. 5. 2026 ve  Sbírce zákonů v částce 70 pod číslem 70/2026 Sb.
  Tisk 132 → KORNDS5AUEX1Další projednávání možné od 11. 4. 2026.
  Tisk 16 → KORNDFBH6CTHDalší projednávání možné od 24. 4. 2026.
  Tisk 83 → KORNDK9DFTG2Další projednávání možné od 12. 4. 2026.
  Tisk 113 → ALBSDDEJ5C5NDalší projednávání možné od 25. 4. 2026.
  Tisk 47 → KORNDP6EMCP8Další projednávání možné od 13. 6. 2026
  Tisk 72 → ALBSDPHHG9IEDalší projednávání možné od 13. 6. 2026
  Tisk 124 → KORNDS5JEWJOZákon vyhlášen 10. 6. 2026 ve  Sbírce zákonů v částce 93 pod číslem 93/2026 Sb.
  Tisk 125 → ALBSDS9BKZY8Zákon vyhlášen 10. 6. 2026 ve  Sbírce zákonů v částce 92 pod číslem 92/2026 Sb.
  Tisk 10 → KORNDDSCZ27KDalší projednávání možné od 16. 11. 2025.
  Tisk 14 → KORNDERB9DSRDalší projednávání možné od 18. 11. 2025.
  Tisk 58 → KORNDNADQS6XDalší projednávání možné od 21. 12. 2025.
  Tisk 61 → ALBSDKJBFFMKDalší projednávání možné od 23. 12. 2025.
  Tisk 98 → KORNDQAN5F2PDalší projednávání možné od 16. 2. 2026.
  Tisk 101 → ALBSDQWLF9TSDalší projednávání možné od 21. 2. 2026.
  Tisk 102 → ALBSDQWLF8E9Další projednávání možné od 21. 2. 2026.
  Tisk 111 → KORNDJZJHQ1EDalší projednávání možné od 27. 2. 2026.
  Tisk 114 → KORNDQBASCLTDalší projednávání možné od 1. 3. 2026.
  Tisk 143 → KORNDMUGLUEKDalší projednávání možné od 5. 4. 2026.
  Tisk 153 → KORNDR9CY314Další projednávání možné od 13. 4. 2026.
  Tisk 154 → ALBSDHZA32NVDalší projednávání možné od 13. 4. 2026.
  Tisk 162 → ALBSDLNEPCL2Další projednávání možné od 24. 4. 2026.
  Tisk 172 → KORNDRVB6L2LDalší projednávání možné od 2. 5. 2026.
  Tisk 4 → ALBSDNCAQ38LDalší projednávání možné od 15. 12. 2025.
  Tisk 5 → ALBSDNCA86EGDalší projednávání možné od 14. 12. 2025.
  Tisk 6 → ALBSDNCA2EN4Další projednávání možné od 14. 12. 2025.
  Tisk 7 → ALBSDNC9VFOIDalší projednávání možné od 14. 12. 2025.
  Tisk 12 → ALBSDNCAZ9DMDalší projednávání možné od 15. 12. 2025.
  Tisk 15 → KORNDNEEWWBRDalší projednávání možné od 23. 12. 2025.
  Tisk 24 → ALBSDNKACN8ADalší projednávání možné od 22. 12. 2025.
  Tisk 28 → ALBSDNKKC8I6Další projednávání možné od 22. 12. 2025.
  Tisk 35 → ALBSDNR9BUS5Další projednávání možné od 27. 12. 2025.
  Tisk 40 → ALBSDNUHZ9BUDalší projednávání možné od 2. 1. 2026.
  Tisk 42 → ALBSDNUHUHYUDalší projednávání možné od 2. 1. 2026.
  Tisk 49 → KORNDP6FALEBDalší projednávání možné od 2. 1. 2026.
  Tisk 50 → ALBSDQK9WKJDDalší projednávání možné od 27. 2. 2026.
  Tisk 59 → ALBSDPECPS4ODalší projednávání možné od 23. 1. 2026.
  Tisk 71 → ALBSDPHMFNE2Další projednávání možné od 23. 1. 2026.
  Tisk 73 → ALBSDPUA7225Další projednávání možné od 30. 1. 2026.
  Tisk 74 → ALBSDQDACPI1Další projednávání možné od 20. 2. 2026.
  Tisk 75 → ALBSDQKA3C4NDalší projednávání možné od 27. 2. 2026.
  Tisk 86 → ALBSDQRAN8WQDalší projednávání možné od 7. 3. 2026.
  Tisk 89 → ALBSDQTF86PLDalší projednávání možné od 7. 3. 2026.
  Tisk 99 → ALBSDR79R7BRDalší projednávání možné od 14. 3. 2026.
  Tisk 100 → ALBSDR79V57IDalší projednávání možné od 13. 3. 2026.
  Tisk 103 → ALBSDR99RFB1Další projednávání možné od 20. 3. 2026.
  Tisk 104 → ALBSDR99UHLJDalší projednávání možné od 20. 3. 2026.
  Tisk 106 → ALBSDRDBL9NPDalší projednávání možné od 20. 3. 2026.
  Tisk 107 → ALBSDRV99BCDDalší projednávání možné od 10. 4. 2026.
  Tisk 109 → ALBSDRDGW9D3Další projednávání možné od 29. 3. 2026.
  Tisk 110 → ALBSDRDGYVNRDalší projednávání možné od 29. 3. 2026.
  Tisk 112 → ALBSDRFJN7UGDalší projednávání možné od 29. 3. 2026.
  Tisk 120 → ALBSDRVHV79QDalší projednávání možné od 11. 4. 2026.
  Tisk 121 → ALBSDRV9DCVCDalší projednávání možné od 10. 4. 2026.
  Tisk 129 → KORNDS5AS75TDalší projednávání možné od 10. 4. 2026.
  Tisk 130 → KORNDS5FFX14Další projednávání možné od 12. 4. 2026.
  Tisk 132 → KORNDS5AUEX1Další projednávání možné od 11. 4. 2026.
  Tisk 133 → ALBSDSB9VZPHDalší projednávání možné od 25. 4. 2026.
  Tisk 135 → ALBSDS8KFDG1Další projednávání možné od 24. 4. 2026.
  Tisk 138 → KORNDSCCGDN9Další projednávání možné od 24. 4. 2026.
  Tisk 140 → ALBSDSJ9YVTHDalší projednávání možné od 1. 5. 2026.
  Tisk 141 → ALBSDSJA7PG4Další projednávání možné od 1. 5. 2026.
  Tisk 146 → ALBSDSKBRR8BDalší projednávání možné od 2. 5. 2026.
  Tisk 167 → ALBSDT7A6K64Zákon vyhlášen 10. 6. 2026 ve  Sbírce zákonů v částce 91 pod číslem 91/2026 Sb.
  Tisk 13 → KORNDGFD743IPoslanecká sněmovna postoupila  dne 9. 6. 2026 návrh zákona Senátu jako tisk 252, dokument 252/0.OOrganizační výbor  dne 9. 6.
  Tisk 48 → KORNDMGGSV4SDalší projednávání možné od 10. 4. 2026.
  Tisk 82 → ALBSDPLDDVNJPoslanecká sněmovna postoupila  dne 11. 6. 2026 návrh zákona Senátu jako tisk 253, dokument 253/0.OOrganizační výbor  dne 16. 6.
  Tisk 90 → KORNDQGFVQKISenát návrh vrátil sněmovně s pozměňovacími návrhy (usnesení č. 472).
  Tisk 76 → ALBSDPVEF33BNA
  Tisk 77 → ALBSDPVEP9GEDalší projednávání možné od 6. 5. 2026.
  Tisk 119 → ALBSDRUD7WINPoslanecká sněmovna postoupila  dne 9. 6. 2026 návrh zákona Senátu jako tisk 251, dokument 251/0.OOrganizační výbor  dne 9. 6.
  Tisk 90 → KORNDQGFVQKISenát návrh vrátil sněmovně s pozměňovacími návrhy (usnesení č. 472).
  Tisk 82 → ALBSDPLDDVNJPoslanecká sněmovna postoupila  dne 11. 6. 2026 návrh zákona Senátu jako tisk 253, dokument 253/0.OOrganizační výbor  dne 16. 6.
  Tisk 47 → KORNDP6EMCP8Další projednávání možné od 13. 6. 2026
  Tisk 72 → ALBSDPHHG9IEDalší projednávání možné od 13. 6. 2026
  Tisk 124 → KORNDS5JEWJOZákon vyhlášen 10. 6. 2026 ve  Sbírce zákonů v částce 93 pod číslem 93/2026 Sb.
  Tisk 125 → ALBSDS9BKZY8Zákon vyhlášen 10. 6. 2026 ve  Sbírce zákonů v částce 92 pod číslem 92/2026 Sb.
  Tisk 57 → ALBSDNKBH74JSenát návrh vrátil sněmovně s pozměňovacími návrhy (usnesení č. 417).
  Tisk 11 → ALBSDNCATZU8Zákon vyhlášen 10. 6. 2026 ve  Sbírce zákonů v částce 90 pod číslem 90/2026 Sb.
  Tisk 67 → KORNDPDDEYDLDalší projednávání možné od 3. 7. 2026
  Tisk 16 → KORNDFBH6CTHDalší projednávání možné od 24. 4. 2026.
  Tisk 46 → KORNDN6DDENDDalší projednávání možné od 24. 5. 2026.
  Tisk 52 → ALBSDMXGX7YNDalší projednávání možné od 25. 5. 2026.
  Tisk 53 → KORNDMXE7T3YDalší projednávání možné od 25. 5. 2026.
  Tisk 55 → KORNDNJJF6N2Další projednávání možné od 25. 5. 2026.
  Tisk 56 → KORNDNJJF7R7Další projednávání možné od 25. 5. 2026.
  Tisk 62 → KORNDKHF3VQGDalší projednávání možné od 25. 5. 2026.
  Tisk 83 → KORNDK9DFTG2Další projednávání možné od 12. 4. 2026.
  Tisk 113 → ALBSDDEJ5C5NDalší projednávání možné od 25. 4. 2026.
  Tisk 145 → KORNDDVFVG8BDalší projednávání možné od 24. 5. 2026.
  Tisk 72 → ALBSDPHHG9IEDalší projednávání možné od 13. 6. 2026
  Tisk 14 → KORNDERB9DSRDalší projednávání možné od 18. 11. 2025.
  Tisk 58 → KORNDNADQS6XDalší projednávání možné od 21. 12. 2025.
  Tisk 10 → KORNDDSCZ27KDalší projednávání možné od 16. 11. 2025.
  Tisk 61 → ALBSDKJBFFMKDalší projednávání možné od 23. 12. 2025.
  Tisk 98 → KORNDQAN5F2PDalší projednávání možné od 16. 2. 2026.
  Tisk 101 → ALBSDQWLF9TSDalší projednávání možné od 21. 2. 2026.
  Tisk 102 → ALBSDQWLF8E9Další projednávání možné od 21. 2. 2026.
  Tisk 111 → KORNDJZJHQ1EDalší projednávání možné od 27. 2. 2026.
  Tisk 114 → KORNDQBASCLTDalší projednávání možné od 1. 3. 2026.
  Tisk 143 → KORNDMUGLUEKDalší projednávání možné od 5. 4. 2026.
  Tisk 153 → KORNDR9CY314Další projednávání možné od 13. 4. 2026.
  Tisk 154 → ALBSDHZA32NVDalší projednávání možné od 13. 4. 2026.
  Tisk 162 → ALBSDLNEPCL2Další projednávání možné od 24. 4. 2026.
  Tisk 172 → KORNDRVB6L2LDalší projednávání možné od 2. 5. 2026.
  Tisk 189 → KORNDRFM95MGDalší projednávání možné od 4. 7. 2026.
  Tisk 192 → KORNDS2LAKNRDalší projednávání možné od 24. 5. 2026.
  Tisk 4 → ALBSDNCAQ38LDalší projednávání možné od 15. 12. 2025.
  Tisk 5 → ALBSDNCA86EGDalší projednávání možné od 14. 12. 2025.
  Tisk 6 → ALBSDNCA2EN4Další projednávání možné od 14. 12. 2025.
  Tisk 7 → ALBSDNC9VFOIDalší projednávání možné od 14. 12. 2025.
  Tisk 12 → ALBSDNCAZ9DMDalší projednávání možné od 15. 12. 2025.
  Tisk 15 → KORNDNEEWWBRDalší projednávání možné od 23. 12. 2025.
  Tisk 24 → ALBSDNKACN8ADalší projednávání možné od 22. 12. 2025.
  Tisk 28 → ALBSDNKKC8I6Další projednávání možné od 22. 12. 2025.
  Tisk 35 → ALBSDNR9BUS5Další projednávání možné od 27. 12. 2025.
  Tisk 40 → ALBSDNUHZ9BUDalší projednávání možné od 2. 1. 2026.
  Tisk 42 → ALBSDNUHUHYUDalší projednávání možné od 2. 1. 2026.
  Tisk 49 → KORNDP6FALEBDalší projednávání možné od 2. 1. 2026.
  Tisk 50 → ALBSDQK9WKJDDalší projednávání možné od 27. 2. 2026.
  Tisk 59 → ALBSDPECPS4ODalší projednávání možné od 23. 1. 2026.
  Tisk 71 → ALBSDPHMFNE2Další projednávání možné od 23. 1. 2026.
  Tisk 73 → ALBSDPUA7225Další projednávání možné od 30. 1. 2026.
  Tisk 74 → ALBSDQDACPI1Další projednávání možné od 20. 2. 2026.
  Tisk 75 → ALBSDQKA3C4NDalší projednávání možné od 27. 2. 2026.
  Tisk 86 → ALBSDQRAN8WQDalší projednávání možné od 7. 3. 2026.
  Tisk 89 → ALBSDQTF86PLDalší projednávání možné od 7. 3. 2026.
  Tisk 99 → ALBSDR79R7BRDalší projednávání možné od 14. 3. 2026.
  Tisk 100 → ALBSDR79V57IDalší projednávání možné od 13. 3. 2026.
  Tisk 103 → ALBSDR99RFB1Další projednávání možné od 20. 3. 2026.
  Tisk 104 → ALBSDR99UHLJDalší projednávání možné od 20. 3. 2026.
  Tisk 106 → ALBSDRDBL9NPDalší projednávání možné od 20. 3. 2026.
  Tisk 107 → ALBSDRV99BCDDalší projednávání možné od 10. 4. 2026.
  Tisk 109 → ALBSDRDGW9D3Další projednávání možné od 29. 3. 2026.
  Tisk 110 → ALBSDRDGYVNRDalší projednávání možné od 29. 3. 2026.
  Tisk 112 → ALBSDRFJN7UGDalší projednávání možné od 29. 3. 2026.
  Tisk 120 → ALBSDRVHV79QDalší projednávání možné od 11. 4. 2026.
  Tisk 121 → ALBSDRV9DCVCDalší projednávání možné od 10. 4. 2026.
  Tisk 129 → KORNDS5AS75TDalší projednávání možné od 10. 4. 2026.
  Tisk 130 → KORNDS5FFX14Další projednávání možné od 12. 4. 2026.
  Tisk 132 → KORNDS5AUEX1Další projednávání možné od 11. 4. 2026.
  Tisk 133 → ALBSDSB9VZPHDalší projednávání možné od 25. 4. 2026.
  Tisk 135 → ALBSDS8KFDG1Další projednávání možné od 24. 4. 2026.
  Tisk 138 → KORNDSCCGDN9Další projednávání možné od 24. 4. 2026.
  Tisk 140 → ALBSDSJ9YVTHDalší projednávání možné od 1. 5. 2026.
  Tisk 141 → ALBSDSJA7PG4Další projednávání možné od 1. 5. 2026.
  Tisk 146 → ALBSDSKBRR8BDalší projednávání možné od 2. 5. 2026.
  Tisk 161 → ALBSDSZGD2I7Další projednávání možné od 15. 5. 2026.
  Tisk 168 → KORNDT8EKD5ADalší projednávání možné od 23. 5. 2026.
  Tisk 173 → ALBSDTLBDM98Další projednávání možné od 16. 5. 2026.
  Tisk 174 → ALBSDTLBJ4Q7Další projednávání možné od 16. 5. 2026.
  Tisk 119 → ALBSDRUD7WINPoslanecká sněmovna postoupila  dne 9. 6. 2026 návrh zákona Senátu jako tisk 251, dokument 251/0.OOrganizační výbor  dne 9. 6.
  Tisk 13 → KORNDGFD743IPoslanecká sněmovna postoupila  dne 9. 6. 2026 návrh zákona Senátu jako tisk 252, dokument 252/0.OOrganizační výbor  dne 9. 6.
  Tisk 48 → KORNDMGGSV4SDalší projednávání možné od 10. 4. 2026.
  Tisk 76 → ALBSDPVEF33BNA
  Tisk 77 → ALBSDPVEP9GEDalší projednávání možné od 6. 5. 2026.
  Tisk 82 → ALBSDPLDDVNJPoslanecká sněmovna postoupila  dne 11. 6. 2026 návrh zákona Senátu jako tisk 253, dokument 253/0.OOrganizační výbor  dne 16. 6.
  Tisk 198 → ALBSDRZHK5X1Další projednávání možné od 28. 6. 2026.
  Tisk 190 → ALBSDTZDW2VMSenátu.Senát návrh schválil (usnesení č. 455).
  Tisk 187 → ALBSDTUDB51ADalší projednávání možné od 3. 7. 2026.
  Tisk 67 → KORNDPDDEYDLDalší projednávání možné od 3. 7. 2026
  Tisk 16 → KORNDFBH6CTHDalší projednávání možné od 24. 4. 2026.
  Tisk 46 → KORNDN6DDENDDalší projednávání možné od 24. 5. 2026.
  Tisk 48 → KORNDMGGSV4SDalší projednávání možné od 10. 4. 2026.
  Tisk 52 → ALBSDMXGX7YNDalší projednávání možné od 25. 5. 2026.
  Tisk 53 → KORNDMXE7T3YDalší projednávání možné od 25. 5. 2026.
  Tisk 55 → KORNDNJJF6N2Další projednávání možné od 25. 5. 2026.
  Tisk 56 → KORNDNJJF7R7Další projednávání možné od 25. 5. 2026.
  Tisk 62 → KORNDKHF3VQGDalší projednávání možné od 25. 5. 2026.
  Tisk 69 → KORNDN5B8461Další projednávání možné od 10. 5. 2026.
  Tisk 83 → KORNDK9DFTG2Další projednávání možné od 12. 4. 2026.
  Tisk 113 → ALBSDDEJ5C5NDalší projednávání možné od 25. 4. 2026.
  Tisk 144 → KORNDQ6FEQB9Další projednávání možné od 15. 6. 2026.
  Tisk 145 → KORNDDVFVG8BDalší projednávání možné od 24. 5. 2026.
  Tisk 67 → KORNDPDDEYDLDalší projednávání možné od 3. 7. 2026
  Tisk 115 → ALBSDRMDTWS7Další projednávání možné od 21. 6. 2026.
  Tisk 116 → ALBSDRMDPM3TDalší projednávání možné od 22. 6. 2026.
  Tisk 10 → KORNDDSCZ27KDalší projednávání možné od 16. 11. 2025.
  Tisk 14 → KORNDERB9DSRDalší projednávání možné od 18. 11. 2025.
  Tisk 58 → KORNDNADQS6XDalší projednávání možné od 21. 12. 2025.
  Tisk 61 → ALBSDKJBFFMKDalší projednávání možné od 23. 12. 2025.
  Tisk 98 → KORNDQAN5F2PDalší projednávání možné od 16. 2. 2026.
  Tisk 101 → ALBSDQWLF9TSDalší projednávání možné od 21. 2. 2026.
  Tisk 102 → ALBSDQWLF8E9Další projednávání možné od 21. 2. 2026.
  Tisk 111 → KORNDJZJHQ1EDalší projednávání možné od 27. 2. 2026.
  Tisk 114 → KORNDQBASCLTDalší projednávání možné od 1. 3. 2026.
  Tisk 143 → KORNDMUGLUEKDalší projednávání možné od 5. 4. 2026.
  Tisk 153 → KORNDR9CY314Další projednávání možné od 13. 4. 2026.
  Tisk 154 → ALBSDHZA32NVDalší projednávání možné od 13. 4. 2026.
  Tisk 162 → ALBSDLNEPCL2Další projednávání možné od 24. 4. 2026.
  Tisk 172 → KORNDRVB6L2LDalší projednávání možné od 2. 5. 2026.
  Tisk 192 → KORNDS2LAKNRDalší projednávání možné od 24. 5. 2026.
  Tisk 196 → KORNDPMD76PZDalší projednávání možné od 26. 5. 2026.
  Tisk 199 → KORNDLS9CWIWDalší projednávání možné od 2. 6. 2026.
  Tisk 207 → KORNDLMBS4FBDalší projednávání možné od 8. 6. 2026.
  Tisk 210 → KORNDTST2VI7Další projednávání možné od 12. 6. 2026.
  Tisk 213 → KORNDU7AL36HDalší projednávání možné od 14. 6. 2026.
  Tisk 218 → KORNDS2HT779Další projednávání možné od 16. 6. 2026.
  Tisk 219 → ALBSDCQH22PEDalší projednávání možné od 16. 6. 2026.
  Tisk 222 → ALBSDMJFC24NDalší projednávání možné od 22. 6. 2026.
  Tisk 4 → ALBSDNCAQ38LDalší projednávání možné od 15. 12. 2025.
  Tisk 5 → ALBSDNCA86EGDalší projednávání možné od 14. 12. 2025.
  Tisk 6 → ALBSDNCA2EN4Další projednávání možné od 14. 12. 2025.
  Tisk 7 → ALBSDNC9VFOIDalší projednávání možné od 14. 12. 2025.
  Tisk 12 → ALBSDNCAZ9DMDalší projednávání možné od 15. 12. 2025.
  Tisk 15 → KORNDNEEWWBRDalší projednávání možné od 23. 12. 2025.
  Tisk 24 → ALBSDNKACN8ADalší projednávání možné od 22. 12. 2025.
  Tisk 28 → ALBSDNKKC8I6Další projednávání možné od 22. 12. 2025.
  Tisk 35 → ALBSDNR9BUS5Další projednávání možné od 27. 12. 2025.
  Tisk 40 → ALBSDNUHZ9BUDalší projednávání možné od 2. 1. 2026.
  Tisk 42 → ALBSDNUHUHYUDalší projednávání možné od 2. 1. 2026.
  Tisk 49 → KORNDP6FALEBDalší projednávání možné od 2. 1. 2026.
  Tisk 50 → ALBSDQK9WKJDDalší projednávání možné od 27. 2. 2026.
  Tisk 59 → ALBSDPECPS4ODalší projednávání možné od 23. 1. 2026.
  Tisk 71 → ALBSDPHMFNE2Další projednávání možné od 23. 1. 2026.
  Tisk 73 → ALBSDPUA7225Další projednávání možné od 30. 1. 2026.
  Tisk 74 → ALBSDQDACPI1Další projednávání možné od 20. 2. 2026.
  Tisk 75 → ALBSDQKA3C4NDalší projednávání možné od 27. 2. 2026.
  Tisk 86 → ALBSDQRAN8WQDalší projednávání možné od 7. 3. 2026.
  Tisk 89 → ALBSDQTF86PLDalší projednávání možné od 7. 3. 2026.
  Tisk 99 → ALBSDR79R7BRDalší projednávání možné od 14. 3. 2026.
  Tisk 100 → ALBSDR79V57IDalší projednávání možné od 13. 3. 2026.
  Tisk 103 → ALBSDR99RFB1Další projednávání možné od 20. 3. 2026.
  Tisk 104 → ALBSDR99UHLJDalší projednávání možné od 20. 3. 2026.
  Tisk 106 → ALBSDRDBL9NPDalší projednávání možné od 20. 3. 2026.
  Tisk 107 → ALBSDRV99BCDDalší projednávání možné od 10. 4. 2026.
  Tisk 109 → ALBSDRDGW9D3Další projednávání možné od 29. 3. 2026.
  Tisk 110 → ALBSDRDGYVNRDalší projednávání možné od 29. 3. 2026.
  Tisk 112 → ALBSDRFJN7UGDalší projednávání možné od 29. 3. 2026.
  Tisk 120 → ALBSDRVHV79QDalší projednávání možné od 11. 4. 2026.
  Tisk 121 → ALBSDRV9DCVCDalší projednávání možné od 10. 4. 2026.
  Tisk 129 → KORNDS5AS75TDalší projednávání možné od 10. 4. 2026.
  Tisk 130 → KORNDS5FFX14Další projednávání možné od 12. 4. 2026.
  Tisk 132 → KORNDS5AUEX1Další projednávání možné od 11. 4. 2026.
  Tisk 133 → ALBSDSB9VZPHDalší projednávání možné od 25. 4. 2026.
  Tisk 135 → ALBSDS8KFDG1Další projednávání možné od 24. 4. 2026.
  Tisk 138 → KORNDSCCGDN9Další projednávání možné od 24. 4. 2026.
  Tisk 140 → ALBSDSJ9YVTHDalší projednávání možné od 1. 5. 2026.
  Tisk 141 → ALBSDSJA7PG4Další projednávání možné od 1. 5. 2026.
  Tisk 146 → ALBSDSKBRR8BDalší projednávání možné od 2. 5. 2026.
  Tisk 161 → ALBSDSZGD2I7Další projednávání možné od 15. 5. 2026.
  Tisk 168 → KORNDT8EKD5ADalší projednávání možné od 23. 5. 2026.
  Tisk 171 → ALBSDTDAY5XADalší projednávání možné od 30. 5. 2026.
  Tisk 173 → ALBSDTLBDM98Další projednávání možné od 16. 5. 2026.
  Tisk 174 → ALBSDTLBJ4Q7Další projednávání možné od 16. 5. 2026.
  Tisk 181 → ALBSDTTHNE5IDalší projednávání možné od 13. 6. 2026.
  Tisk 186 → ALBSDTYB922FDalší projednávání možné od 13. 6. 2026.
  Tisk 193 → ALBSDU4DJ2KSDalší projednávání možné od 20. 6. 2026.
  Tisk 47 → KORNDP6EMCP8Další projednávání možné od 13. 6. 2026
  Tisk 72 → ALBSDPHHG9IEDalší projednávání možné od 13. 6. 2026
  Tisk 76 → ALBSDPVEF33BNA
  Tisk 77 → ALBSDPVEP9GEDalší projednávání možné od 6. 5. 2026.
Matched 110 of 436 bills
[2026-06-20 22:09:51] [INFO] Matched 110 unique bills to VeKLEP
NOTICE:  relation "bills" already exists, skipping

NOTICE:  relation "impacts" already exists, skipping

NOTICE:  relation "costs" already exists, skipping

NOTICE:  relation "benefits" already exists, skipping

NOTICE:  relation "idx_alerts_token" already exists, skipping

NOTICE:  relation "idx_alerts_active" already exists, skipping

NOTICE:  relation "alerts" already exists, skipping

NOTICE:  relation "idx_alerts_token" already exists, skipping

NOTICE:  relation "idx_alerts_active" already exists, skipping

NOTICE:  column "psp_status" of relation "bills" already exists, skipping

Database initialized
[2026-06-20 22:09:54] [INFO] [1/110] Tisk 17 → KORNDLZJTJLG
[2026-06-20 22:09:54] [ERROR]   Unexpected error: Lists must contain raw vectors or NULL
[2026-06-20 22:09:59] [INFO] [2/110] Tisk 25 → ALBSDN3J9K06
[2026-06-20 22:10:00] [ERROR]   Unexpected error: Lists must contain raw vectors or NULL
[2026-06-20 22:10:05] [INFO] [3/110] Tisk 76 → ALBSDPVEF33B
[2026-06-20 22:10:05] [ERROR]   Unexpected error: Lists must contain raw vectors or NULL
[2026-06-20 22:10:11] [INFO] [4/110] Tisk 77 → ALBSDPVEP9GE
[2026-06-20 22:10:11] [ERROR]   Unexpected error: Lists must contain raw vectors or NULL
[2026-06-20 22:10:17] [INFO] [5/110] Tisk 72 → ALBSDPHHG9IE
[2026-06-20 22:10:17] [ERROR]   Unexpected error: Lists must contain raw vectors or NULL
[2026-06-20 22:10:22] [INFO] [6/110] Tisk 163 → KORNDT4CKC7A
[2026-06-20 22:10:23] [ERROR]   Unexpected error: Lists must contain raw vectors or NULL
[2026-06-20 22:10:28] [INFO] [7/110] Tisk 78 → ALBSDQG99B8P
[2026-06-20 22:10:29] [ERROR]   Unexpected error: Lists must contain raw vectors or NULL
[2026-06-20 22:10:34] [INFO] [8/110] Tisk 13 → KORNDGFD743I
[2026-06-20 22:10:35] [ERROR]   Unexpected error: Lists must contain raw vectors or NULL
[2026-06-20 22:10:40] [INFO] [9/110] Tisk 90 → KORNDQGFVQKI
[2026-06-20 22:10:40] [ERROR]   Unexpected error: Lists must contain raw vectors or NULL
[2026-06-20 22:10:45] [INFO] [10/110] Tisk 48 → KORNDMGGSV4S
[2026-06-20 22:10:46] [ERROR]   Unexpected error: Lists must contain raw vectors or NULL
[2026-06-20 22:10:51] [INFO] [11/110] Tisk 119 → ALBSDRUD7WIN
[2026-06-20 22:10:51] [ERROR]   Unexpected error: Lists must contain raw vectors or NULL
[2026-06-20 22:10:56] [INFO] [12/110] Tisk 82 → ALBSDPLDDVNJ
[2026-06-20 22:10:56] [ERROR]   Unexpected error: Lists must contain raw vectors or NULL
[2026-06-20 22:11:01] [INFO] [13/110] Tisk 144 → KORNDQ6FEQB9
[2026-06-20 22:11:02] [ERROR]   Unexpected error: Lists must contain raw vectors or NULL
[2026-06-20 22:11:07] [INFO] [14/110] Tisk 115 → ALBSDRMDTWS7
[2026-06-20 22:11:07] [ERROR]   Unexpected error: Lists must contain raw vectors or NULL
[2026-06-20 22:11:12] [INFO] [15/110] Tisk 116 → ALBSDRMDPM3T
[2026-06-20 22:11:13] [ERROR]   Unexpected error: Lists must contain raw vectors or NULL
[2026-06-20 22:11:18] [INFO] [16/110] Tisk 124 → KORNDS5JEWJO
[2026-06-20 22:11:18] [ERROR]   Unexpected error: Lists must contain raw vectors or NULL
[2026-06-20 22:11:23] [INFO] [17/110] Tisk 125 → ALBSDS9BKZY8
[2026-06-20 22:11:24] [ERROR]   Unexpected error: Lists must contain raw vectors or NULL
[2026-06-20 22:11:29] [INFO] [18/110] Tisk 35 → ALBSDNR9BUS5
[2026-06-20 22:11:29] [ERROR]   Unexpected error: Lists must contain raw vectors or NULL
[2026-06-20 22:11:34] [INFO] [19/110] Tisk 10 → KORNDDSCZ27K
[2026-06-20 22:11:34] [ERROR]   Unexpected error: Lists must contain raw vectors or NULL
[2026-06-20 22:11:40] [INFO] [20/110] Tisk 14 → KORNDERB9DSR
[2026-06-20 22:11:40] [ERROR]   Unexpected error: Lists must contain raw vectors or NULL
[2026-06-20 22:11:45] [INFO] [21/110] Tisk 58 → KORNDNADQS6X
[2026-06-20 22:11:45] [ERROR]   Unexpected error: Lists must contain raw vectors or NULL
[2026-06-20 22:11:50] [INFO] [22/110] Tisk 61 → ALBSDKJBFFMK
[2026-06-20 22:11:51] [ERROR]   Unexpected error: Lists must contain raw vectors or NULL
[2026-06-20 22:11:56] [INFO] [23/110] Tisk 68 → KORNDJ6J9HOO
[2026-06-20 22:11:56] [ERROR]   Unexpected error: Lists must contain raw vectors or NULL
[2026-06-20 22:12:01] [INFO] [24/110] Tisk 98 → KORNDQAN5F2P
[2026-06-20 22:12:01] [ERROR]   Unexpected error: Lists must contain raw vectors or NULL
[2026-06-20 22:12:07] [INFO] [25/110] Tisk 101 → ALBSDQWLF9TS
[2026-06-20 22:12:07] [ERROR]   Unexpected error: Lists must contain raw vectors or NULL
[2026-06-20 22:12:12] [INFO] [26/110] Tisk 102 → ALBSDQWLF8E9
[2026-06-20 22:12:12] [ERROR]   Unexpected error: Lists must contain raw vectors or NULL
[2026-06-20 22:12:17] [INFO] [27/110] Tisk 111 → KORNDJZJHQ1E
[2026-06-20 22:12:18] [ERROR]   Unexpected error: Lists must contain raw vectors or NULL
[2026-06-20 22:12:23] [INFO] [28/110] Tisk 114 → KORNDQBASCLT
[2026-06-20 22:12:23] [ERROR]   Unexpected error: Lists must contain raw vectors or NULL
[2026-06-20 22:12:28] [INFO] [29/110] Tisk 143 → KORNDMUGLUEK
[2026-06-20 22:12:29] [ERROR]   Unexpected error: Lists must contain raw vectors or NULL
[2026-06-20 22:12:34] [INFO] [30/110] Tisk 145 → KORNDDVFVG8B
[2026-06-20 22:12:34] [ERROR]   Unexpected error: Lists must contain raw vectors or NULL
[2026-06-20 22:12:39] [INFO] [31/110] Tisk 153 → KORNDR9CY314
[2026-06-20 22:12:39] [ERROR]   Unexpected error: Lists must contain raw vectors or NULL
[2026-06-20 22:12:45] [INFO] [32/110] Tisk 154 → ALBSDHZA32NV
[2026-06-20 22:12:45] [ERROR]   Unexpected error: Lists must contain raw vectors or NULL
[2026-06-20 22:12:50] [INFO] [33/110] Tisk 4 → ALBSDNCAQ38L
[2026-06-20 22:12:50] [ERROR]   Unexpected error: Lists must contain raw vectors or NULL
[2026-06-20 22:12:55] [INFO] [34/110] Tisk 5 → ALBSDNCA86EG
[2026-06-20 22:12:55] [ERROR]   Unexpected error: Lists must contain raw vectors or NULL
[2026-06-20 22:13:01] [INFO] [35/110] Tisk 6 → ALBSDNCA2EN4
[2026-06-20 22:13:01] [ERROR]   Unexpected error: Lists must contain raw vectors or NULL
[2026-06-20 22:13:06] [INFO] [36/110] Tisk 7 → ALBSDNC9VFOI
[2026-06-20 22:13:06] [ERROR]   Unexpected error: Lists must contain raw vectors or NULL
[2026-06-20 22:13:11] [INFO] [37/110] Tisk 12 → ALBSDNCAZ9DM
[2026-06-20 22:13:12] [ERROR]   Unexpected error: Lists must contain raw vectors or NULL
[2026-06-20 22:13:17] [INFO] [38/110] Tisk 15 → KORNDNEEWWBR
[2026-06-20 22:13:17] [ERROR]   Unexpected error: Lists must contain raw vectors or NULL
[2026-06-20 22:13:22] [INFO] [39/110] Tisk 24 → ALBSDNKACN8A
[2026-06-20 22:13:22] [ERROR]   Unexpected error: Lists must contain raw vectors or NULL
[2026-06-20 22:13:27] [INFO] [40/110] Tisk 28 → ALBSDNKKC8I6
[2026-06-20 22:13:27] [ERROR]   Unexpected error: Lists must contain raw vectors or NULL
[2026-06-20 22:13:33] [INFO] [41/110] Tisk 40 → ALBSDNUHZ9BU
[2026-06-20 22:13:33] [ERROR]   Unexpected error: Lists must contain raw vectors or NULL
[2026-06-20 22:13:38] [INFO] [42/110] Tisk 42 → ALBSDNUHUHYU
[2026-06-20 22:13:38] [ERROR]   Unexpected error: Lists must contain raw vectors or NULL
[2026-06-20 22:13:43] [INFO] [43/110] Tisk 49 → KORNDP6FALEB
[2026-06-20 22:13:44] [ERROR]   Unexpected error: Lists must contain raw vectors or NULL
[2026-06-20 22:13:49] [INFO] [44/110] Tisk 50 → ALBSDQK9WKJD
[2026-06-20 22:13:49] [ERROR]   Unexpected error: Lists must contain raw vectors or NULL
[2026-06-20 22:13:54] [INFO] [45/110] Tisk 59 → ALBSDPECPS4O
[2026-06-20 22:13:54] [ERROR]   Unexpected error: Lists must contain raw vectors or NULL
[2026-06-20 22:13:59] [INFO] [46/110] Tisk 71 → ALBSDPHMFNE2
[2026-06-20 22:14:00] [ERROR]   Unexpected error: Lists must contain raw vectors or NULL
[2026-06-20 22:14:05] [INFO] [47/110] Tisk 73 → ALBSDPUA7225
[2026-06-20 22:14:05] [ERROR]   Unexpected error: Lists must contain raw vectors or NULL
[2026-06-20 22:14:10] [INFO] [48/110] Tisk 74 → ALBSDQDACPI1
[2026-06-20 22:14:10] [ERROR]   Unexpected error: Lists must contain raw vectors or NULL
[2026-06-20 22:14:16] [INFO] [49/110] Tisk 75 → ALBSDQKA3C4N
[2026-06-20 22:14:16] [ERROR]   Unexpected error: Lists must contain raw vectors or NULL
[2026-06-20 22:14:21] [INFO] [50/110] Tisk 86 → ALBSDQRAN8WQ
[2026-06-20 22:14:21] [ERROR]   Unexpected error: Lists must contain raw vectors or NULL
[2026-06-20 22:14:26] [INFO] [51/110] Tisk 89 → ALBSDQTF86PL
[2026-06-20 22:14:27] [ERROR]   Unexpected error: Lists must contain raw vectors or NULL
[2026-06-20 22:14:32] [INFO] [52/110] Tisk 99 → ALBSDR79R7BR
[2026-06-20 22:14:32] [ERROR]   Unexpected error: Lists must contain raw vectors or NULL
[2026-06-20 22:14:37] [INFO] [53/110] Tisk 100 → ALBSDR79V57I
[2026-06-20 22:14:37] [ERROR]   Unexpected error: Lists must contain raw vectors or NULL
[2026-06-20 22:14:43] [INFO] [54/110] Tisk 103 → ALBSDR99RFB1
[2026-06-20 22:14:43] [ERROR]   Unexpected error: Lists must contain raw vectors or NULL
[2026-06-20 22:14:48] [INFO] [55/110] Tisk 104 → ALBSDR99UHLJ
[2026-06-20 22:14:48] [ERROR]   Unexpected error: Lists must contain raw vectors or NULL
[2026-06-20 22:14:53] [INFO] [56/110] Tisk 106 → ALBSDRDBL9NP
[2026-06-20 22:14:54] [ERROR]   Unexpected error: Lists must contain raw vectors or NULL
[2026-06-20 22:14:59] [INFO] [57/110] Tisk 107 → ALBSDRV99BCD
[2026-06-20 22:14:59] [ERROR]   Unexpected error: Lists must contain raw vectors or NULL
[2026-06-20 22:15:04] [INFO] [58/110] Tisk 109 → ALBSDRDGW9D3
[2026-06-20 22:15:04] [ERROR]   Unexpected error: Lists must contain raw vectors or NULL
[2026-06-20 22:15:09] [INFO] [59/110] Tisk 110 → ALBSDRDGYVNR
[2026-06-20 22:15:10] [ERROR]   Unexpected error: Lists must contain raw vectors or NULL
[2026-06-20 22:15:15] [INFO] [60/110] Tisk 112 → ALBSDRFJN7UG
[2026-06-20 22:15:15] [ERROR]   Unexpected error: Lists must contain raw vectors or NULL
[2026-06-20 22:15:20] [INFO] [61/110] Tisk 120 → ALBSDRVHV79Q
[2026-06-20 22:15:21] [ERROR]   Unexpected error: Lists must contain raw vectors or NULL
[2026-06-20 22:15:26] [INFO] [62/110] Tisk 121 → ALBSDRV9DCVC
[2026-06-20 22:15:26] [ERROR]   Unexpected error: Lists must contain raw vectors or NULL
[2026-06-20 22:15:31] [INFO] [63/110] Tisk 129 → KORNDS5AS75T
[2026-06-20 22:15:31] [ERROR]   Unexpected error: Lists must contain raw vectors or NULL
[2026-06-20 22:15:36] [INFO] [64/110] Tisk 130 → KORNDS5FFX14
[2026-06-20 22:15:36] [ERROR]   Unexpected error: Lists must contain raw vectors or NULL
[2026-06-20 22:15:41] [INFO] [65/110] Tisk 131 → KORNDS5FLZJK
[2026-06-20 22:15:42] [ERROR]   Unexpected error: Lists must contain raw vectors or NULL
[2026-06-20 22:15:47] [INFO] [66/110] Tisk 132 → KORNDS5AUEX1
[2026-06-20 22:15:47] [ERROR]   Unexpected error: Lists must contain raw vectors or NULL
[2026-06-20 22:15:52] [INFO] [67/110] Tisk 16 → KORNDFBH6CTH
[2026-06-20 22:15:52] [ERROR]   Unexpected error: Lists must contain raw vectors or NULL
[2026-06-20 22:15:57] [INFO] [68/110] Tisk 83 → KORNDK9DFTG2
[2026-06-20 22:15:58] [ERROR]   Unexpected error: Lists must contain raw vectors or NULL
[2026-06-20 22:16:03] [INFO] [69/110] Tisk 113 → ALBSDDEJ5C5N
[2026-06-20 22:16:03] [ERROR]   Unexpected error: Lists must contain raw vectors or NULL
[2026-06-20 22:16:08] [INFO] [70/110] Tisk 47 → KORNDP6EMCP8
[2026-06-20 22:16:09] [ERROR]   Unexpected error: Lists must contain raw vectors or NULL
[2026-06-20 22:16:14] [INFO] [71/110] Tisk 162 → ALBSDLNEPCL2
[2026-06-20 22:16:14] [ERROR]   Unexpected error: Lists must contain raw vectors or NULL
[2026-06-20 22:16:19] [INFO] [72/110] Tisk 172 → KORNDRVB6L2L
[2026-06-20 22:16:19] [ERROR]   Unexpected error: Lists must contain raw vectors or NULL
[2026-06-20 22:16:24] [INFO] [73/110] Tisk 133 → ALBSDSB9VZPH
[2026-06-20 22:16:25] [ERROR]   Unexpected error: Lists must contain raw vectors or NULL
[2026-06-20 22:16:30] [INFO] [74/110] Tisk 135 → ALBSDS8KFDG1
[2026-06-20 22:16:30] [ERROR]   Unexpected error: Lists must contain raw vectors or NULL
[2026-06-20 22:16:35] [INFO] [75/110] Tisk 138 → KORNDSCCGDN9
[2026-06-20 22:16:35] [ERROR]   Unexpected error: Lists must contain raw vectors or NULL
[2026-06-20 22:16:41] [INFO] [76/110] Tisk 140 → ALBSDSJ9YVTH
[2026-06-20 22:16:41] [ERROR]   Unexpected error: Lists must contain raw vectors or NULL
[2026-06-20 22:16:46] [INFO] [77/110] Tisk 141 → ALBSDSJA7PG4
[2026-06-20 22:16:46] [ERROR]   Unexpected error: Lists must contain raw vectors or NULL
[2026-06-20 22:16:51] [INFO] [78/110] Tisk 146 → ALBSDSKBRR8B
[2026-06-20 22:16:52] [ERROR]   Unexpected error: Lists must contain raw vectors or NULL
[2026-06-20 22:16:57] [INFO] [79/110] Tisk 167 → ALBSDT7A6K64
[2026-06-20 22:16:57] [ERROR]   Unexpected error: Lists must contain raw vectors or NULL
[2026-06-20 22:17:02] [INFO] [80/110] Tisk 57 → ALBSDNKBH74J
[2026-06-20 22:17:03] [ERROR]   Unexpected error: Lists must contain raw vectors or NULL
[2026-06-20 22:17:08] [INFO] [81/110] Tisk 11 → ALBSDNCATZU8
[2026-06-20 22:17:08] [ERROR]   Unexpected error: Lists must contain raw vectors or NULL
[2026-06-20 22:17:13] [INFO] [82/110] Tisk 67 → KORNDPDDEYDL
[2026-06-20 22:17:13] [ERROR]   Unexpected error: Lists must contain raw vectors or NULL
[2026-06-20 22:17:19] [INFO] [83/110] Tisk 46 → KORNDN6DDEND
[2026-06-20 22:17:19] [ERROR]   Unexpected error: Lists must contain raw vectors or NULL
[2026-06-20 22:17:24] [INFO] [84/110] Tisk 52 → ALBSDMXGX7YN
[2026-06-20 22:17:24] [ERROR]   Unexpected error: Lists must contain raw vectors or NULL
[2026-06-20 22:17:29] [INFO] [85/110] Tisk 53 → KORNDMXE7T3Y
[2026-06-20 22:17:30] [ERROR]   Unexpected error: Lists must contain raw vectors or NULL
[2026-06-20 22:17:35] [INFO] [86/110] Tisk 55 → KORNDNJJF6N2
[2026-06-20 22:17:35] [ERROR]   Unexpected error: Lists must contain raw vectors or NULL
[2026-06-20 22:17:40] [INFO] [87/110] Tisk 56 → KORNDNJJF7R7
[2026-06-20 22:17:40] [ERROR]   Unexpected error: Lists must contain raw vectors or NULL
[2026-06-20 22:17:45] [INFO] [88/110] Tisk 62 → KORNDKHF3VQG
[2026-06-20 22:17:46] [ERROR]   Unexpected error: Lists must contain raw vectors or NULL
[2026-06-20 22:17:51] [INFO] [89/110] Tisk 189 → KORNDRFM95MG
[2026-06-20 22:17:52] [ERROR]   Unexpected error: Lists must contain raw vectors or NULL
[2026-06-20 22:17:57] [INFO] [90/110] Tisk 192 → KORNDS2LAKNR
[2026-06-20 22:17:57] [ERROR]   Unexpected error: Lists must contain raw vectors or NULL
[2026-06-20 22:18:03] [INFO] [91/110] Tisk 161 → ALBSDSZGD2I7
[2026-06-20 22:18:03] [ERROR]   Unexpected error: Lists must contain raw vectors or NULL
[2026-06-20 22:18:08] [INFO] [92/110] Tisk 168 → KORNDT8EKD5A
[2026-06-20 22:18:08] [ERROR]   Unexpected error: Lists must contain raw vectors or NULL
[2026-06-20 22:18:13] [INFO] [93/110] Tisk 173 → ALBSDTLBDM98
[2026-06-20 22:18:13] [ERROR]   Unexpected error: Lists must contain raw vectors or NULL
[2026-06-20 22:18:19] [INFO] [94/110] Tisk 174 → ALBSDTLBJ4Q7
[2026-06-20 22:18:19] [ERROR]   Unexpected error: Lists must contain raw vectors or NULL
[2026-06-20 22:18:24] [INFO] [95/110] Tisk 198 → ALBSDRZHK5X1
[2026-06-20 22:18:24] [ERROR]   Unexpected error: Lists must contain raw vectors or NULL
[2026-06-20 22:18:29] [INFO] [96/110] Tisk 190 → ALBSDTZDW2VM
[2026-06-20 22:18:29] [ERROR]   Unexpected error: Lists must contain raw vectors or NULL
[2026-06-20 22:18:34] [INFO] [97/110] Tisk 187 → ALBSDTUDB51A
[2026-06-20 22:18:35] [ERROR]   Unexpected error: Lists must contain raw vectors or NULL
[2026-06-20 22:18:40] [INFO] [98/110] Tisk 69 → KORNDN5B8461
[2026-06-20 22:18:40] [ERROR]   Unexpected error: Lists must contain raw vectors or NULL
[2026-06-20 22:18:45] [INFO] [99/110] Tisk 196 → KORNDPMD76PZ
[2026-06-20 22:18:45] [ERROR]   Unexpected error: Lists must contain raw vectors or NULL
[2026-06-20 22:18:50] [INFO] [100/110] Tisk 199 → KORNDLS9CWIW
[2026-06-20 22:18:51] [ERROR]   Unexpected error: Lists must contain raw vectors or NULL
[2026-06-20 22:18:56] [INFO] [101/110] Tisk 207 → KORNDLMBS4FB
[2026-06-20 22:18:56] [ERROR]   Unexpected error: Lists must contain raw vectors or NULL
[2026-06-20 22:19:01] [INFO] [102/110] Tisk 210 → KORNDTST2VI7
[2026-06-20 22:19:01] [ERROR]   Unexpected error: Lists must contain raw vectors or NULL
[2026-06-20 22:19:06] [INFO] [103/110] Tisk 213 → KORNDU7AL36H
[2026-06-20 22:19:07] [ERROR]   Unexpected error: Lists must contain raw vectors or NULL
[2026-06-20 22:19:12] [INFO] [104/110] Tisk 218 → KORNDS2HT779
[2026-06-20 22:19:12] [ERROR]   Unexpected error: Lists must contain raw vectors or NULL
[2026-06-20 22:19:17] [INFO] [105/110] Tisk 219 → ALBSDCQH22PE
[2026-06-20 22:19:17] [ERROR]   Unexpected error: Lists must contain raw vectors or NULL
[2026-06-20 22:19:22] [INFO] [106/110] Tisk 222 → ALBSDMJFC24N
[2026-06-20 22:19:23] [ERROR]   Unexpected error: Lists must contain raw vectors or NULL
[2026-06-20 22:19:28] [INFO] [107/110] Tisk 171 → ALBSDTDAY5XA
[2026-06-20 22:19:28] [ERROR]   Unexpected error: Lists must contain raw vectors or NULL
[2026-06-20 22:19:33] [INFO] [108/110] Tisk 181 → ALBSDTTHNE5I
[2026-06-20 22:19:33] [ERROR]   Unexpected error: Lists must contain raw vectors or NULL
[2026-06-20 22:19:38] [INFO] [109/110] Tisk 186 → ALBSDTYB922F
[2026-06-20 22:19:39] [ERROR]   Unexpected error: Lists must contain raw vectors or NULL
[2026-06-20 22:19:44] [INFO] [110/110] Tisk 193 → ALBSDU4DJ2KS
[2026-06-20 22:19:44] [ERROR]   Unexpected error: Lists must contain raw vectors or NULL
[2026-06-20 22:19:49] [INFO] Results — Success: 0 | Skipped: 0 | No document: 0 | Errors: 110
Trying: https://ria.vlada.cz/komise/jednani-v-roce-2026/
Found 1 sessions for 2026
Scraping session: https://ria.vlada.cz/komise/jednani-v-roce-2026/jednani-c-148-dne-30-ledna-2026/
Saved verdict B for KORNDMUGLUEK
Trying: https://ria.vlada.cz/komise/jednani-v-roce-2025/
Trying: https://ria.vlada.cz/komise/jednani-komise-ria-v-roce-2025/
Found 4 sessions for 2025
Scraping session: https://ria.vlada.cz/komise/jednani-komise-ria-v-roce-2025/jednani-c-142-dne-24-ledna-2025/
Scraping session: https://ria.vlada.cz/komise/jednani-komise-ria-v-roce-2025/jednani-c-143-dne-24-unora-2025/
Scraping session: https://ria.vlada.cz/komise/jednani-komise-ria-v-roce-2025/jednani-c-144-dne-7-dubna-2025/
Scraping session: https://ria.vlada.cz/komise/jednani-komise-ria-v-roce-2025/jednani-c-145-dne-8-srpna-2025/
Saved verdict B for KORNDDVFVG8B
Total Komise RIA verdicts matched: 2
=== Checking alerts ===
No active alerts — skipping
NOTICE:  relation "heartbeat" already exists, skipping

[2026-06-20 22:19:58] [INFO] Heartbeat updated in Supabase
[2026-06-20 22:19:59] [INFO] Healthchecks.io pinged: success
There were 50 or more warnings (use warnings() to see the first 50)
[2026-06-20 22:19:59] [INFO] === Scheduled run complete ===

Attaching package: 'xml2'

The following object is masked from 'package:httr2':

    url_parse

Using poppler version 23.08.0

Attaching package: 'dplyr'

The following objects are masked from 'package:stats':

    filter, lag

The following objects are masked from 'package:base':

    intersect, setdiff, setequal, union

Warning message:
package 'jsonlite' was built under R version 4.3.3 

Attaching package: 'purrr'

The following object is masked from 'package:jsonlite':

    flatten

[2026-06-22 16:07:04] [INFO] === Pipeline started ===
Active sessions: 24, 6, 3, 15, 4
[2026-06-22 16:07:07] [INFO] Sessions to scan: 3, 4, 6, 14, 15, 16, 17, 18, 19, 20, 21, 22, 23, 24, 25, 26, 27, 28, 29
Fetching session 3 agenda: https://www.psp.cz/schuze/10/3
Found 2 bills in session 3
Fetching session 4 agenda: https://www.psp.cz/schuze/10/4
No tisk links found in session 4
Fetching session 6 agenda: https://www.psp.cz/schuze/10/6
Found 3 bills in session 6
Fetching session 14 agenda: https://www.psp.cz/schuze/10/14
Found 88 bills in session 14
Fetching session 15 agenda: https://www.psp.cz/schuze/10/15
No tisk links found in session 15
Fetching session 16 agenda: https://www.psp.cz/schuze/10/16
Found 98 bills in session 16
Fetching session 17 agenda: https://www.psp.cz/schuze/10/17
Found 4 bills in session 17
Fetching session 18 agenda: https://www.psp.cz/schuze/10/18
No tisk links found in session 18
Fetching session 19 agenda: https://www.psp.cz/schuze/10/19
Found 2 bills in session 19
Fetching session 20 agenda: https://www.psp.cz/schuze/10/20
Found 111 bills in session 20
Fetching session 21 agenda: https://www.psp.cz/schuze/10/21
Found 3 bills in session 21
Fetching session 22 agenda: https://www.psp.cz/schuze/10/22
No tisk links found in session 22
Fetching session 23 agenda: https://www.psp.cz/schuze/10/23
Found 1 bills in session 23
Fetching session 24 agenda: https://www.psp.cz/schuze/10/24
Found 124 bills in session 24
Fetching session 25 agenda: https://www.psp.cz/schuze/10/25
No tisk links found in session 25
Fetching session 26 agenda: https://www.psp.cz/schuze/10/26
No tisk links found in session 26
Fetching session 27 agenda: https://www.psp.cz/schuze/10/27
No tisk links found in session 27
Fetching session 28 agenda: https://www.psp.cz/schuze/10/28
No tisk links found in session 28
Fetching session 29 agenda: https://www.psp.cz/schuze/10/29
No tisk links found in session 29
[2026-06-22 16:07:16] [INFO] Bills found: 436 across 19 sessions
Fetching VeKLEP PIDs from PSP for 436 bills...
  Tisk 17 → KORNDLZJTJLGNávrh státního rozpočtu vrácen (usnesení č. 46).
  Tisk 25 → ALBSDN3J9K06Zákon vyhlášen 29. 12. 2025 ve  Sbírce zákonů v částce 583 pod číslem 583/2025 Sb.
  Tisk 76 → ALBSDPVEF33BNA
  Tisk 77 → ALBSDPVEP9GEDalší projednávání možné od 6. 5. 2026.
  Tisk 72 → ALBSDPHHG9IEDalší projednávání možné od 13. 6. 2026
  Tisk 163 → KORNDT4CKC7AZákon vyhlášen 13. 5. 2026 ve  Sbírce zákonů v částce 63 pod číslem 63/2026 Sb.
  Tisk 78 → ALBSDQG99B8PZákon vyhlášen 12. 5. 2026 ve  Sbírce zákonů v částce 59 pod číslem 59/2026 Sb.
  Tisk 13 → KORNDGFD743IPoslanecká sněmovna postoupila  dne 9. 6. 2026 návrh zákona Senátu jako tisk 252, dokument 252/0.OOrganizační výbor  dne 9. 6.
  Tisk 90 → KORNDQGFVQKISenát návrh vrátil sněmovně s pozměňovacími návrhy (usnesení č. 472).
  Tisk 48 → KORNDMGGSV4SDalší projednávání možné od 10. 4. 2026.
  Tisk 119 → ALBSDRUD7WINPoslanecká sněmovna postoupila  dne 9. 6. 2026 návrh zákona Senátu jako tisk 251, dokument 251/0.OOrganizační výbor  dne 9. 6.
  Tisk 76 → ALBSDPVEF33BNA
  Tisk 77 → ALBSDPVEP9GEDalší projednávání možné od 6. 5. 2026.
  Tisk 82 → ALBSDPLDDVNJPoslanecká sněmovna postoupila  dne 11. 6. 2026 návrh zákona Senátu jako tisk 253, dokument 253/0.OOrganizační výbor  dne 16. 6.
  Tisk 144 → KORNDQ6FEQB9Další projednávání možné od 15. 6. 2026.
  Tisk 115 → ALBSDRMDTWS7Další projednávání možné od 21. 6. 2026.
  Tisk 116 → ALBSDRMDPM3TDalší projednávání možné od 22. 6. 2026.
  Tisk 124 → KORNDS5JEWJOZákon vyhlášen 10. 6. 2026 ve  Sbírce zákonů v částce 93 pod číslem 93/2026 Sb.
  Tisk 125 → ALBSDS9BKZY8Zákon vyhlášen 10. 6. 2026 ve  Sbírce zákonů v částce 92 pod číslem 92/2026 Sb.
  Tisk 35 → ALBSDNR9BUS5Další projednávání možné od 27. 12. 2025.
  Tisk 10 → KORNDDSCZ27KDalší projednávání možné od 16. 11. 2025.
  Tisk 14 → KORNDERB9DSRDalší projednávání možné od 18. 11. 2025.
  Tisk 58 → KORNDNADQS6XDalší projednávání možné od 21. 12. 2025.
  Tisk 61 → ALBSDKJBFFMKDalší projednávání možné od 23. 12. 2025.
  Tisk 68 → KORNDJ6J9HOONA
  Tisk 98 → KORNDQAN5F2PDalší projednávání možné od 16. 2. 2026.
  Tisk 101 → ALBSDQWLF9TSDalší projednávání možné od 21. 2. 2026.
  Tisk 102 → ALBSDQWLF8E9Další projednávání možné od 21. 2. 2026.
  Tisk 111 → KORNDJZJHQ1EDalší projednávání možné od 27. 2. 2026.
  Tisk 114 → KORNDQBASCLTDalší projednávání možné od 1. 3. 2026.
  Tisk 143 → KORNDMUGLUEKDalší projednávání možné od 5. 4. 2026.
  Tisk 145 → KORNDDVFVG8BDalší projednávání možné od 24. 5. 2026.
  Tisk 153 → KORNDR9CY314Další projednávání možné od 13. 4. 2026.
  Tisk 154 → ALBSDHZA32NVDalší projednávání možné od 13. 4. 2026.
  Tisk 4 → ALBSDNCAQ38LDalší projednávání možné od 15. 12. 2025.
  Tisk 5 → ALBSDNCA86EGDalší projednávání možné od 14. 12. 2025.
  Tisk 6 → ALBSDNCA2EN4Další projednávání možné od 14. 12. 2025.
  Tisk 7 → ALBSDNC9VFOIDalší projednávání možné od 14. 12. 2025.
  Tisk 12 → ALBSDNCAZ9DMDalší projednávání možné od 15. 12. 2025.
  Tisk 15 → KORNDNEEWWBRDalší projednávání možné od 23. 12. 2025.
  Tisk 24 → ALBSDNKACN8ADalší projednávání možné od 22. 12. 2025.
  Tisk 28 → ALBSDNKKC8I6Další projednávání možné od 22. 12. 2025.
  Tisk 40 → ALBSDNUHZ9BUDalší projednávání možné od 2. 1. 2026.
  Tisk 42 → ALBSDNUHUHYUDalší projednávání možné od 2. 1. 2026.
  Tisk 49 → KORNDP6FALEBDalší projednávání možné od 2. 1. 2026.
  Tisk 50 → ALBSDQK9WKJDDalší projednávání možné od 27. 2. 2026.
  Tisk 59 → ALBSDPECPS4ODalší projednávání možné od 23. 1. 2026.
  Tisk 71 → ALBSDPHMFNE2Další projednávání možné od 23. 1. 2026.
  Tisk 73 → ALBSDPUA7225Další projednávání možné od 30. 1. 2026.
  Tisk 74 → ALBSDQDACPI1Další projednávání možné od 20. 2. 2026.
  Tisk 75 → ALBSDQKA3C4NDalší projednávání možné od 27. 2. 2026.
  Tisk 86 → ALBSDQRAN8WQDalší projednávání možné od 7. 3. 2026.
  Tisk 89 → ALBSDQTF86PLDalší projednávání možné od 7. 3. 2026.
  Tisk 99 → ALBSDR79R7BRDalší projednávání možné od 14. 3. 2026.
  Tisk 100 → ALBSDR79V57IDalší projednávání možné od 13. 3. 2026.
  Tisk 103 → ALBSDR99RFB1Další projednávání možné od 20. 3. 2026.
  Tisk 104 → ALBSDR99UHLJDalší projednávání možné od 20. 3. 2026.
  Tisk 106 → ALBSDRDBL9NPDalší projednávání možné od 20. 3. 2026.
  Tisk 107 → ALBSDRV99BCDDalší projednávání možné od 10. 4. 2026.
  Tisk 109 → ALBSDRDGW9D3Další projednávání možné od 29. 3. 2026.
  Tisk 110 → ALBSDRDGYVNRDalší projednávání možné od 29. 3. 2026.
  Tisk 112 → ALBSDRFJN7UGDalší projednávání možné od 29. 3. 2026.
  Tisk 120 → ALBSDRVHV79QDalší projednávání možné od 11. 4. 2026.
  Tisk 121 → ALBSDRV9DCVCDalší projednávání možné od 10. 4. 2026.
  Tisk 129 → KORNDS5AS75TDalší projednávání možné od 10. 4. 2026.
  Tisk 130 → KORNDS5FFX14Další projednávání možné od 12. 4. 2026.
  Tisk 131 → KORNDS5FLZJKZákon vyhlášen 26. 5. 2026 ve  Sbírce zákonů v částce 70 pod číslem 70/2026 Sb.
  Tisk 132 → KORNDS5AUEX1Další projednávání možné od 11. 4. 2026.
  Tisk 16 → KORNDFBH6CTHDalší projednávání možné od 24. 4. 2026.
  Tisk 83 → KORNDK9DFTG2Další projednávání možné od 12. 4. 2026.
  Tisk 113 → ALBSDDEJ5C5NDalší projednávání možné od 25. 4. 2026.
  Tisk 47 → KORNDP6EMCP8Další projednávání možné od 13. 6. 2026
  Tisk 72 → ALBSDPHHG9IEDalší projednávání možné od 13. 6. 2026
  Tisk 124 → KORNDS5JEWJOZákon vyhlášen 10. 6. 2026 ve  Sbírce zákonů v částce 93 pod číslem 93/2026 Sb.
  Tisk 125 → ALBSDS9BKZY8Zákon vyhlášen 10. 6. 2026 ve  Sbírce zákonů v částce 92 pod číslem 92/2026 Sb.
  Tisk 10 → KORNDDSCZ27KDalší projednávání možné od 16. 11. 2025.
  Tisk 14 → KORNDERB9DSRDalší projednávání možné od 18. 11. 2025.
  Tisk 58 → KORNDNADQS6XDalší projednávání možné od 21. 12. 2025.
  Tisk 61 → ALBSDKJBFFMKDalší projednávání možné od 23. 12. 2025.
  Tisk 98 → KORNDQAN5F2PDalší projednávání možné od 16. 2. 2026.
  Tisk 101 → ALBSDQWLF9TSDalší projednávání možné od 21. 2. 2026.
  Tisk 102 → ALBSDQWLF8E9Další projednávání možné od 21. 2. 2026.
  Tisk 111 → KORNDJZJHQ1EDalší projednávání možné od 27. 2. 2026.
  Tisk 114 → KORNDQBASCLTDalší projednávání možné od 1. 3. 2026.
  Tisk 143 → KORNDMUGLUEKDalší projednávání možné od 5. 4. 2026.
  Tisk 153 → KORNDR9CY314Další projednávání možné od 13. 4. 2026.
  Tisk 154 → ALBSDHZA32NVDalší projednávání možné od 13. 4. 2026.
  Tisk 162 → ALBSDLNEPCL2Další projednávání možné od 24. 4. 2026.
  Tisk 172 → KORNDRVB6L2LDalší projednávání možné od 2. 5. 2026.
  Tisk 4 → ALBSDNCAQ38LDalší projednávání možné od 15. 12. 2025.
  Tisk 5 → ALBSDNCA86EGDalší projednávání možné od 14. 12. 2025.
  Tisk 6 → ALBSDNCA2EN4Další projednávání možné od 14. 12. 2025.
  Tisk 7 → ALBSDNC9VFOIDalší projednávání možné od 14. 12. 2025.
  Tisk 12 → ALBSDNCAZ9DMDalší projednávání možné od 15. 12. 2025.
  Tisk 15 → KORNDNEEWWBRDalší projednávání možné od 23. 12. 2025.
  Tisk 24 → ALBSDNKACN8ADalší projednávání možné od 22. 12. 2025.
  Tisk 28 → ALBSDNKKC8I6Další projednávání možné od 22. 12. 2025.
  Tisk 35 → ALBSDNR9BUS5Další projednávání možné od 27. 12. 2025.
  Tisk 40 → ALBSDNUHZ9BUDalší projednávání možné od 2. 1. 2026.
  Tisk 42 → ALBSDNUHUHYUDalší projednávání možné od 2. 1. 2026.
  Tisk 49 → KORNDP6FALEBDalší projednávání možné od 2. 1. 2026.
  Tisk 50 → ALBSDQK9WKJDDalší projednávání možné od 27. 2. 2026.
  Tisk 59 → ALBSDPECPS4ODalší projednávání možné od 23. 1. 2026.
  Tisk 71 → ALBSDPHMFNE2Další projednávání možné od 23. 1. 2026.
  Tisk 73 → ALBSDPUA7225Další projednávání možné od 30. 1. 2026.
  Tisk 74 → ALBSDQDACPI1Další projednávání možné od 20. 2. 2026.
  Tisk 75 → ALBSDQKA3C4NDalší projednávání možné od 27. 2. 2026.
  Tisk 86 → ALBSDQRAN8WQDalší projednávání možné od 7. 3. 2026.
  Tisk 89 → ALBSDQTF86PLDalší projednávání možné od 7. 3. 2026.
  Tisk 99 → ALBSDR79R7BRDalší projednávání možné od 14. 3. 2026.
  Tisk 100 → ALBSDR79V57IDalší projednávání možné od 13. 3. 2026.
  Tisk 103 → ALBSDR99RFB1Další projednávání možné od 20. 3. 2026.
  Tisk 104 → ALBSDR99UHLJDalší projednávání možné od 20. 3. 2026.
  Tisk 106 → ALBSDRDBL9NPDalší projednávání možné od 20. 3. 2026.
  Tisk 107 → ALBSDRV99BCDDalší projednávání možné od 10. 4. 2026.
  Tisk 109 → ALBSDRDGW9D3Další projednávání možné od 29. 3. 2026.
  Tisk 110 → ALBSDRDGYVNRDalší projednávání možné od 29. 3. 2026.
  Tisk 112 → ALBSDRFJN7UGDalší projednávání možné od 29. 3. 2026.
  Tisk 120 → ALBSDRVHV79QDalší projednávání možné od 11. 4. 2026.
  Tisk 121 → ALBSDRV9DCVCDalší projednávání možné od 10. 4. 2026.
  Tisk 129 → KORNDS5AS75TDalší projednávání možné od 10. 4. 2026.
  Tisk 130 → KORNDS5FFX14Další projednávání možné od 12. 4. 2026.
  Tisk 132 → KORNDS5AUEX1Další projednávání možné od 11. 4. 2026.
  Tisk 133 → ALBSDSB9VZPHDalší projednávání možné od 25. 4. 2026.
  Tisk 135 → ALBSDS8KFDG1Další projednávání možné od 24. 4. 2026.
  Tisk 138 → KORNDSCCGDN9Další projednávání možné od 24. 4. 2026.
  Tisk 140 → ALBSDSJ9YVTHDalší projednávání možné od 1. 5. 2026.
  Tisk 141 → ALBSDSJA7PG4Další projednávání možné od 1. 5. 2026.
  Tisk 146 → ALBSDSKBRR8BDalší projednávání možné od 2. 5. 2026.
  Tisk 167 → ALBSDT7A6K64Zákon vyhlášen 10. 6. 2026 ve  Sbírce zákonů v částce 91 pod číslem 91/2026 Sb.
  Tisk 13 → KORNDGFD743IPoslanecká sněmovna postoupila  dne 9. 6. 2026 návrh zákona Senátu jako tisk 252, dokument 252/0.OOrganizační výbor  dne 9. 6.
  Tisk 48 → KORNDMGGSV4SDalší projednávání možné od 10. 4. 2026.
  Tisk 82 → ALBSDPLDDVNJPoslanecká sněmovna postoupila  dne 11. 6. 2026 návrh zákona Senátu jako tisk 253, dokument 253/0.OOrganizační výbor  dne 16. 6.
  Tisk 90 → KORNDQGFVQKISenát návrh vrátil sněmovně s pozměňovacími návrhy (usnesení č. 472).
  Tisk 76 → ALBSDPVEF33BNA
  Tisk 77 → ALBSDPVEP9GEDalší projednávání možné od 6. 5. 2026.
  Tisk 119 → ALBSDRUD7WINPoslanecká sněmovna postoupila  dne 9. 6. 2026 návrh zákona Senátu jako tisk 251, dokument 251/0.OOrganizační výbor  dne 9. 6.
  Tisk 90 → KORNDQGFVQKISenát návrh vrátil sněmovně s pozměňovacími návrhy (usnesení č. 472).
  Tisk 82 → ALBSDPLDDVNJPoslanecká sněmovna postoupila  dne 11. 6. 2026 návrh zákona Senátu jako tisk 253, dokument 253/0.OOrganizační výbor  dne 16. 6.
  Tisk 47 → KORNDP6EMCP8Další projednávání možné od 13. 6. 2026
  Tisk 72 → ALBSDPHHG9IEDalší projednávání možné od 13. 6. 2026
  Tisk 124 → KORNDS5JEWJOZákon vyhlášen 10. 6. 2026 ve  Sbírce zákonů v částce 93 pod číslem 93/2026 Sb.
  Tisk 125 → ALBSDS9BKZY8Zákon vyhlášen 10. 6. 2026 ve  Sbírce zákonů v částce 92 pod číslem 92/2026 Sb.
  Tisk 57 → ALBSDNKBH74JSenát návrh vrátil sněmovně s pozměňovacími návrhy (usnesení č. 417).
  Tisk 11 → ALBSDNCATZU8Zákon vyhlášen 10. 6. 2026 ve  Sbírce zákonů v částce 90 pod číslem 90/2026 Sb.
  Tisk 67 → KORNDPDDEYDLDalší projednávání možné od 3. 7. 2026
  Tisk 16 → KORNDFBH6CTHDalší projednávání možné od 24. 4. 2026.
  Tisk 46 → KORNDN6DDENDDalší projednávání možné od 24. 5. 2026.
  Tisk 52 → ALBSDMXGX7YNDalší projednávání možné od 25. 5. 2026.
  Tisk 53 → KORNDMXE7T3YDalší projednávání možné od 25. 5. 2026.
  Tisk 55 → KORNDNJJF6N2Další projednávání možné od 25. 5. 2026.
  Tisk 56 → KORNDNJJF7R7Další projednávání možné od 25. 5. 2026.
  Tisk 62 → KORNDKHF3VQGDalší projednávání možné od 25. 5. 2026.
  Tisk 83 → KORNDK9DFTG2Další projednávání možné od 12. 4. 2026.
  Tisk 113 → ALBSDDEJ5C5NDalší projednávání možné od 25. 4. 2026.
  Tisk 145 → KORNDDVFVG8BDalší projednávání možné od 24. 5. 2026.
  Tisk 72 → ALBSDPHHG9IEDalší projednávání možné od 13. 6. 2026
  Tisk 14 → KORNDERB9DSRDalší projednávání možné od 18. 11. 2025.
  Tisk 58 → KORNDNADQS6XDalší projednávání možné od 21. 12. 2025.
  Tisk 10 → KORNDDSCZ27KDalší projednávání možné od 16. 11. 2025.
  Tisk 61 → ALBSDKJBFFMKDalší projednávání možné od 23. 12. 2025.
  Tisk 98 → KORNDQAN5F2PDalší projednávání možné od 16. 2. 2026.
  Tisk 101 → ALBSDQWLF9TSDalší projednávání možné od 21. 2. 2026.
  Tisk 102 → ALBSDQWLF8E9Další projednávání možné od 21. 2. 2026.
  Tisk 111 → KORNDJZJHQ1EDalší projednávání možné od 27. 2. 2026.
  Tisk 114 → KORNDQBASCLTDalší projednávání možné od 1. 3. 2026.
  Tisk 143 → KORNDMUGLUEKDalší projednávání možné od 5. 4. 2026.
  Tisk 153 → KORNDR9CY314Další projednávání možné od 13. 4. 2026.
  Tisk 154 → ALBSDHZA32NVDalší projednávání možné od 13. 4. 2026.
  Tisk 162 → ALBSDLNEPCL2Další projednávání možné od 24. 4. 2026.
  Tisk 172 → KORNDRVB6L2LDalší projednávání možné od 2. 5. 2026.
  Tisk 189 → KORNDRFM95MGDalší projednávání možné od 4. 7. 2026.
  Tisk 192 → KORNDS2LAKNRDalší projednávání možné od 24. 5. 2026.
  Tisk 4 → ALBSDNCAQ38LDalší projednávání možné od 15. 12. 2025.
  Tisk 5 → ALBSDNCA86EGDalší projednávání možné od 14. 12. 2025.
  Tisk 6 → ALBSDNCA2EN4Další projednávání možné od 14. 12. 2025.
  Tisk 7 → ALBSDNC9VFOIDalší projednávání možné od 14. 12. 2025.
  Tisk 12 → ALBSDNCAZ9DMDalší projednávání možné od 15. 12. 2025.
  Tisk 15 → KORNDNEEWWBRDalší projednávání možné od 23. 12. 2025.
  Tisk 24 → ALBSDNKACN8ADalší projednávání možné od 22. 12. 2025.
  Tisk 28 → ALBSDNKKC8I6Další projednávání možné od 22. 12. 2025.
  Tisk 35 → ALBSDNR9BUS5Další projednávání možné od 27. 12. 2025.
  Tisk 40 → ALBSDNUHZ9BUDalší projednávání možné od 2. 1. 2026.
  Tisk 42 → ALBSDNUHUHYUDalší projednávání možné od 2. 1. 2026.
  Tisk 49 → KORNDP6FALEBDalší projednávání možné od 2. 1. 2026.
  Tisk 50 → ALBSDQK9WKJDDalší projednávání možné od 27. 2. 2026.
  Tisk 59 → ALBSDPECPS4ODalší projednávání možné od 23. 1. 2026.
  Tisk 71 → ALBSDPHMFNE2Další projednávání možné od 23. 1. 2026.
  Tisk 73 → ALBSDPUA7225Další projednávání možné od 30. 1. 2026.
  Tisk 74 → ALBSDQDACPI1Další projednávání možné od 20. 2. 2026.
  Tisk 75 → ALBSDQKA3C4NDalší projednávání možné od 27. 2. 2026.
  Tisk 86 → ALBSDQRAN8WQDalší projednávání možné od 7. 3. 2026.
  Tisk 89 → ALBSDQTF86PLDalší projednávání možné od 7. 3. 2026.
  Tisk 99 → ALBSDR79R7BRDalší projednávání možné od 14. 3. 2026.
  Tisk 100 → ALBSDR79V57IDalší projednávání možné od 13. 3. 2026.
  Tisk 103 → ALBSDR99RFB1Další projednávání možné od 20. 3. 2026.
  Tisk 104 → ALBSDR99UHLJDalší projednávání možné od 20. 3. 2026.
  Tisk 106 → ALBSDRDBL9NPDalší projednávání možné od 20. 3. 2026.
  Tisk 107 → ALBSDRV99BCDDalší projednávání možné od 10. 4. 2026.
  Tisk 109 → ALBSDRDGW9D3Další projednávání možné od 29. 3. 2026.
  Tisk 110 → ALBSDRDGYVNRDalší projednávání možné od 29. 3. 2026.
  Tisk 112 → ALBSDRFJN7UGDalší projednávání možné od 29. 3. 2026.
  Tisk 120 → ALBSDRVHV79QDalší projednávání možné od 11. 4. 2026.
  Tisk 121 → ALBSDRV9DCVCDalší projednávání možné od 10. 4. 2026.
  Tisk 129 → KORNDS5AS75TDalší projednávání možné od 10. 4. 2026.
  Tisk 130 → KORNDS5FFX14Další projednávání možné od 12. 4. 2026.
  Tisk 132 → KORNDS5AUEX1Další projednávání možné od 11. 4. 2026.
  Tisk 133 → ALBSDSB9VZPHDalší projednávání možné od 25. 4. 2026.
  Tisk 135 → ALBSDS8KFDG1Další projednávání možné od 24. 4. 2026.
  Tisk 138 → KORNDSCCGDN9Další projednávání možné od 24. 4. 2026.
  Tisk 140 → ALBSDSJ9YVTHDalší projednávání možné od 1. 5. 2026.
  Tisk 141 → ALBSDSJA7PG4Další projednávání možné od 1. 5. 2026.
  Tisk 146 → ALBSDSKBRR8BDalší projednávání možné od 2. 5. 2026.
  Tisk 161 → ALBSDSZGD2I7Další projednávání možné od 15. 5. 2026.
  Tisk 168 → KORNDT8EKD5ADalší projednávání možné od 23. 5. 2026.
  Tisk 173 → ALBSDTLBDM98Další projednávání možné od 16. 5. 2026.
  Tisk 174 → ALBSDTLBJ4Q7Další projednávání možné od 16. 5. 2026.
  Tisk 119 → ALBSDRUD7WINPoslanecká sněmovna postoupila  dne 9. 6. 2026 návrh zákona Senátu jako tisk 251, dokument 251/0.OOrganizační výbor  dne 9. 6.
  Tisk 13 → KORNDGFD743IPoslanecká sněmovna postoupila  dne 9. 6. 2026 návrh zákona Senátu jako tisk 252, dokument 252/0.OOrganizační výbor  dne 9. 6.
  Tisk 48 → KORNDMGGSV4SDalší projednávání možné od 10. 4. 2026.
  Tisk 76 → ALBSDPVEF33BNA
  Tisk 77 → ALBSDPVEP9GEDalší projednávání možné od 6. 5. 2026.
  Tisk 82 → ALBSDPLDDVNJPoslanecká sněmovna postoupila  dne 11. 6. 2026 návrh zákona Senátu jako tisk 253, dokument 253/0.OOrganizační výbor  dne 16. 6.
  Tisk 198 → ALBSDRZHK5X1Další projednávání možné od 28. 6. 2026.
  Tisk 190 → ALBSDTZDW2VMSenátu.Senát návrh schválil (usnesení č. 455).
  Tisk 187 → ALBSDTUDB51ADalší projednávání možné od 3. 7. 2026.
  Tisk 67 → KORNDPDDEYDLDalší projednávání možné od 3. 7. 2026
  Tisk 16 → KORNDFBH6CTHDalší projednávání možné od 24. 4. 2026.
  Tisk 46 → KORNDN6DDENDDalší projednávání možné od 24. 5. 2026.
  Tisk 48 → KORNDMGGSV4SDalší projednávání možné od 10. 4. 2026.
  Tisk 52 → ALBSDMXGX7YNDalší projednávání možné od 25. 5. 2026.
  Tisk 53 → KORNDMXE7T3YDalší projednávání možné od 25. 5. 2026.
  Tisk 55 → KORNDNJJF6N2Další projednávání možné od 25. 5. 2026.
  Tisk 56 → KORNDNJJF7R7Další projednávání možné od 25. 5. 2026.
  Tisk 62 → KORNDKHF3VQGDalší projednávání možné od 25. 5. 2026.
  Tisk 69 → KORNDN5B8461Další projednávání možné od 10. 5. 2026.
  Tisk 83 → KORNDK9DFTG2Další projednávání možné od 12. 4. 2026.
  Tisk 113 → ALBSDDEJ5C5NDalší projednávání možné od 25. 4. 2026.
  Tisk 144 → KORNDQ6FEQB9Další projednávání možné od 15. 6. 2026.
  Tisk 145 → KORNDDVFVG8BDalší projednávání možné od 24. 5. 2026.
  Tisk 67 → KORNDPDDEYDLDalší projednávání možné od 3. 7. 2026
  Tisk 115 → ALBSDRMDTWS7Další projednávání možné od 21. 6. 2026.
  Tisk 116 → ALBSDRMDPM3TDalší projednávání možné od 22. 6. 2026.
  Tisk 10 → KORNDDSCZ27KDalší projednávání možné od 16. 11. 2025.
  Tisk 14 → KORNDERB9DSRDalší projednávání možné od 18. 11. 2025.
  Tisk 58 → KORNDNADQS6XDalší projednávání možné od 21. 12. 2025.
  Tisk 61 → ALBSDKJBFFMKDalší projednávání možné od 23. 12. 2025.
  Tisk 98 → KORNDQAN5F2PDalší projednávání možné od 16. 2. 2026.
  Tisk 101 → ALBSDQWLF9TSDalší projednávání možné od 21. 2. 2026.
  Tisk 102 → ALBSDQWLF8E9Další projednávání možné od 21. 2. 2026.
  Tisk 111 → KORNDJZJHQ1EDalší projednávání možné od 27. 2. 2026.
  Tisk 114 → KORNDQBASCLTDalší projednávání možné od 1. 3. 2026.
  Tisk 143 → KORNDMUGLUEKDalší projednávání možné od 5. 4. 2026.
  Tisk 153 → KORNDR9CY314Další projednávání možné od 13. 4. 2026.
  Tisk 154 → ALBSDHZA32NVDalší projednávání možné od 13. 4. 2026.
  Tisk 162 → ALBSDLNEPCL2Další projednávání možné od 24. 4. 2026.
  Tisk 172 → KORNDRVB6L2LDalší projednávání možné od 2. 5. 2026.
  Tisk 192 → KORNDS2LAKNRDalší projednávání možné od 24. 5. 2026.
  Tisk 196 → KORNDPMD76PZDalší projednávání možné od 26. 5. 2026.
  Tisk 199 → KORNDLS9CWIWDalší projednávání možné od 2. 6. 2026.
  Tisk 207 → KORNDLMBS4FBDalší projednávání možné od 8. 6. 2026.
  Tisk 210 → KORNDTST2VI7Další projednávání možné od 12. 6. 2026.
  Tisk 213 → KORNDU7AL36HDalší projednávání možné od 14. 6. 2026.
  Tisk 218 → KORNDS2HT779Další projednávání možné od 16. 6. 2026.
  Tisk 219 → ALBSDCQH22PEDalší projednávání možné od 16. 6. 2026.
  Tisk 222 → ALBSDMJFC24NDalší projednávání možné od 22. 6. 2026.
  Tisk 4 → ALBSDNCAQ38LDalší projednávání možné od 15. 12. 2025.
  Tisk 5 → ALBSDNCA86EGDalší projednávání možné od 14. 12. 2025.
  Tisk 6 → ALBSDNCA2EN4Další projednávání možné od 14. 12. 2025.
  Tisk 7 → ALBSDNC9VFOIDalší projednávání možné od 14. 12. 2025.
  Tisk 12 → ALBSDNCAZ9DMDalší projednávání možné od 15. 12. 2025.
  Tisk 15 → KORNDNEEWWBRDalší projednávání možné od 23. 12. 2025.
  Tisk 24 → ALBSDNKACN8ADalší projednávání možné od 22. 12. 2025.
  Tisk 28 → ALBSDNKKC8I6Další projednávání možné od 22. 12. 2025.
  Tisk 35 → ALBSDNR9BUS5Další projednávání možné od 27. 12. 2025.
  Tisk 40 → ALBSDNUHZ9BUDalší projednávání možné od 2. 1. 2026.
  Tisk 42 → ALBSDNUHUHYUDalší projednávání možné od 2. 1. 2026.
  Tisk 49 → KORNDP6FALEBDalší projednávání možné od 2. 1. 2026.
  Tisk 50 → ALBSDQK9WKJDDalší projednávání možné od 27. 2. 2026.
  Tisk 59 → ALBSDPECPS4ODalší projednávání možné od 23. 1. 2026.
  Tisk 71 → ALBSDPHMFNE2Další projednávání možné od 23. 1. 2026.
  Tisk 73 → ALBSDPUA7225Další projednávání možné od 30. 1. 2026.
  Tisk 74 → ALBSDQDACPI1Další projednávání možné od 20. 2. 2026.
  Tisk 75 → ALBSDQKA3C4NDalší projednávání možné od 27. 2. 2026.
  Tisk 86 → ALBSDQRAN8WQDalší projednávání možné od 7. 3. 2026.
  Tisk 89 → ALBSDQTF86PLDalší projednávání možné od 7. 3. 2026.
  Tisk 99 → ALBSDR79R7BRDalší projednávání možné od 14. 3. 2026.
  Tisk 100 → ALBSDR79V57IDalší projednávání možné od 13. 3. 2026.
  Tisk 103 → ALBSDR99RFB1Další projednávání možné od 20. 3. 2026.
  Tisk 104 → ALBSDR99UHLJDalší projednávání možné od 20. 3. 2026.
  Tisk 106 → ALBSDRDBL9NPDalší projednávání možné od 20. 3. 2026.
  Tisk 107 → ALBSDRV99BCDDalší projednávání možné od 10. 4. 2026.
  Tisk 110 → ALBSDRDGYVNRDalší projednávání možné od 29. 3. 2026.
  Tisk 112 → ALBSDRFJN7UGDalší projednávání možné od 29. 3. 2026.
  Tisk 120 → ALBSDRVHV79QDalší projednávání možné od 11. 4. 2026.
  Tisk 121 → ALBSDRV9DCVCDalší projednávání možné od 10. 4. 2026.
  Tisk 129 → KORNDS5AS75TDalší projednávání možné od 10. 4. 2026.
  Tisk 130 → KORNDS5FFX14Další projednávání možné od 12. 4. 2026.
  Tisk 132 → KORNDS5AUEX1Další projednávání možné od 11. 4. 2026.
  Tisk 133 → ALBSDSB9VZPHDalší projednávání možné od 25. 4. 2026.
  Tisk 135 → ALBSDS8KFDG1Další projednávání možné od 24. 4. 2026.
  Tisk 138 → KORNDSCCGDN9Další projednávání možné od 24. 4. 2026.
  Tisk 140 → ALBSDSJ9YVTHDalší projednávání možné od 1. 5. 2026.
  Tisk 141 → ALBSDSJA7PG4Další projednávání možné od 1. 5. 2026.
  Tisk 146 → ALBSDSKBRR8BDalší projednávání možné od 2. 5. 2026.
  Tisk 161 → ALBSDSZGD2I7Další projednávání možné od 15. 5. 2026.
  Tisk 168 → KORNDT8EKD5ADalší projednávání možné od 23. 5. 2026.
  Tisk 171 → ALBSDTDAY5XADalší projednávání možné od 30. 5. 2026.
  Tisk 173 → ALBSDTLBDM98Další projednávání možné od 16. 5. 2026.
  Tisk 174 → ALBSDTLBJ4Q7Další projednávání možné od 16. 5. 2026.
  Tisk 181 → ALBSDTTHNE5IDalší projednávání možné od 13. 6. 2026.
  Tisk 186 → ALBSDTYB922FDalší projednávání možné od 13. 6. 2026.
  Tisk 193 → ALBSDU4DJ2KSDalší projednávání možné od 20. 6. 2026.
  Tisk 47 → KORNDP6EMCP8Další projednávání možné od 13. 6. 2026
  Tisk 72 → ALBSDPHHG9IEDalší projednávání možné od 13. 6. 2026
  Tisk 76 → ALBSDPVEF33BNA
  Tisk 77 → ALBSDPVEP9GEDalší projednávání možné od 6. 5. 2026.
Matched 110 of 436 bills
[2026-06-22 16:12:55] [INFO] Matched 110 unique bills to VeKLEP
NOTICE:  relation "bills" already exists, skipping

NOTICE:  relation "impacts" already exists, skipping

NOTICE:  relation "costs" already exists, skipping

NOTICE:  relation "benefits" already exists, skipping

NOTICE:  relation "idx_alerts_token" already exists, skipping

NOTICE:  relation "idx_alerts_active" already exists, skipping

NOTICE:  relation "alerts" already exists, skipping

NOTICE:  relation "idx_alerts_token" already exists, skipping

NOTICE:  relation "idx_alerts_active" already exists, skipping

NOTICE:  column "psp_status" of relation "bills" already exists, skipping

Database initialized
[2026-06-22 16:13:02] [INFO] [1/110] Tisk 17 → KORNDLZJTJLG
[2026-06-22 16:13:02] [ERROR]   Unexpected error: Lists must contain raw vectors or NULL
[2026-06-22 16:13:08] [INFO] [2/110] Tisk 25 → ALBSDN3J9K06
[2026-06-22 16:13:08] [ERROR]   Unexpected error: Lists must contain raw vectors or NULL
[2026-06-22 16:13:13] [INFO] [3/110] Tisk 76 → ALBSDPVEF33B
[2026-06-22 16:13:13] [ERROR]   Unexpected error: Lists must contain raw vectors or NULL
[2026-06-22 16:13:19] [INFO] [4/110] Tisk 77 → ALBSDPVEP9GE
[2026-06-22 16:13:19] [ERROR]   Unexpected error: Lists must contain raw vectors or NULL
[2026-06-22 16:13:24] [INFO] [5/110] Tisk 72 → ALBSDPHHG9IE
[2026-06-22 16:13:24] [ERROR]   Unexpected error: Lists must contain raw vectors or NULL
[2026-06-22 16:13:29] [INFO] [6/110] Tisk 163 → KORNDT4CKC7A
[2026-06-22 16:13:29] [ERROR]   Unexpected error: Lists must contain raw vectors or NULL
[2026-06-22 16:13:34] [INFO] [7/110] Tisk 78 → ALBSDQG99B8P
[2026-06-22 16:13:34] [ERROR]   Unexpected error: Lists must contain raw vectors or NULL
[2026-06-22 16:13:40] [INFO] [8/110] Tisk 13 → KORNDGFD743I
[2026-06-22 16:13:40] [ERROR]   Unexpected error: Lists must contain raw vectors or NULL
[2026-06-22 16:13:45] [INFO] [9/110] Tisk 90 → KORNDQGFVQKI
[2026-06-22 16:13:45] [ERROR]   Unexpected error: Lists must contain raw vectors or NULL
[2026-06-22 16:13:50] [INFO] [10/110] Tisk 48 → KORNDMGGSV4S
[2026-06-22 16:13:50] [ERROR]   Unexpected error: Lists must contain raw vectors or NULL
[2026-06-22 16:13:55] [INFO] [11/110] Tisk 119 → ALBSDRUD7WIN
[2026-06-22 16:13:56] [ERROR]   Unexpected error: Lists must contain raw vectors or NULL
[2026-06-22 16:14:01] [INFO] [12/110] Tisk 82 → ALBSDPLDDVNJ
[2026-06-22 16:14:01] [ERROR]   Unexpected error: Lists must contain raw vectors or NULL
[2026-06-22 16:14:06] [INFO] [13/110] Tisk 144 → KORNDQ6FEQB9
[2026-06-22 16:14:06] [ERROR]   Unexpected error: Lists must contain raw vectors or NULL
[2026-06-22 16:14:11] [INFO] [14/110] Tisk 115 → ALBSDRMDTWS7
[2026-06-22 16:14:11] [ERROR]   Unexpected error: Lists must contain raw vectors or NULL
[2026-06-22 16:14:16] [INFO] [15/110] Tisk 116 → ALBSDRMDPM3T
[2026-06-22 16:14:17] [ERROR]   Unexpected error: Lists must contain raw vectors or NULL
[2026-06-22 16:14:22] [INFO] [16/110] Tisk 124 → KORNDS5JEWJO
[2026-06-22 21:14:21] [ERROR]   Unexpected error: Failed to prepare query : server closed the connection unexpectedly
	This probably means the server terminated abnormally
	before or while processing the request.
server closed the connection unexpectedly
	This probably means the server terminated abnormally
	before or while processing the request.

[2026-06-22 21:14:26] [INFO] [17/110] Tisk 125 → ALBSDS9BKZY8
[2026-06-22 21:14:26] [ERROR]   Unexpected error: Lists must contain raw vectors or NULL
[2026-06-22 21:14:31] [INFO] [18/110] Tisk 35 → ALBSDNR9BUS5
[2026-06-22 21:14:32] [ERROR]   Unexpected error: Lists must contain raw vectors or NULL
[2026-06-22 21:14:37] [INFO] [19/110] Tisk 10 → KORNDDSCZ27K
[2026-06-22 21:14:37] [ERROR]   Unexpected error: Lists must contain raw vectors or NULL
[2026-06-22 21:14:42] [INFO] [20/110] Tisk 14 → KORNDERB9DSR
[2026-06-22 21:14:42] [ERROR]   Unexpected error: Lists must contain raw vectors or NULL
[2026-06-22 21:14:49] [INFO] [21/110] Tisk 58 → KORNDNADQS6X
[2026-06-22 21:14:50] [ERROR]   Unexpected error: Lists must contain raw vectors or NULL
[2026-06-22 21:14:55] [INFO] [22/110] Tisk 61 → ALBSDKJBFFMK
[2026-06-22 21:14:56] [ERROR]   Unexpected error: Lists must contain raw vectors or NULL
[2026-06-22 21:15:01] [INFO] [23/110] Tisk 68 → KORNDJ6J9HOO
[2026-06-22 21:15:01] [ERROR]   Unexpected error: Lists must contain raw vectors or NULL
[2026-06-22 21:15:06] [INFO] [24/110] Tisk 98 → KORNDQAN5F2P
[2026-06-22 21:15:06] [ERROR]   Unexpected error: Lists must contain raw vectors or NULL
[2026-06-22 21:15:11] [INFO] [25/110] Tisk 101 → ALBSDQWLF9TS
[2026-06-22 21:15:11] [ERROR]   Unexpected error: Lists must contain raw vectors or NULL
[2026-06-22 21:15:17] [INFO] [26/110] Tisk 102 → ALBSDQWLF8E9
[2026-06-22 21:15:17] [ERROR]   Unexpected error: Lists must contain raw vectors or NULL
[2026-06-22 21:15:22] [INFO] [27/110] Tisk 111 → KORNDJZJHQ1E
[2026-06-22 21:15:22] [ERROR]   Unexpected error: Lists must contain raw vectors or NULL
[2026-06-22 21:15:27] [INFO] [28/110] Tisk 114 → KORNDQBASCLT
[2026-06-22 21:15:27] [ERROR]   Unexpected error: Lists must contain raw vectors or NULL
[2026-06-22 21:15:32] [INFO] [29/110] Tisk 143 → KORNDMUGLUEK
[2026-06-22 21:15:33] [ERROR]   Unexpected error: Lists must contain raw vectors or NULL
[2026-06-22 21:15:38] [INFO] [30/110] Tisk 145 → KORNDDVFVG8B
[2026-06-22 21:15:38] [ERROR]   Unexpected error: Lists must contain raw vectors or NULL
[2026-06-22 21:15:43] [INFO] [31/110] Tisk 153 → KORNDR9CY314
[2026-06-22 21:15:43] [ERROR]   Unexpected error: Lists must contain raw vectors or NULL
[2026-06-22 21:15:48] [INFO] [32/110] Tisk 154 → ALBSDHZA32NV
[2026-06-22 21:15:48] [ERROR]   Unexpected error: Lists must contain raw vectors or NULL
[2026-06-22 21:15:53] [INFO] [33/110] Tisk 4 → ALBSDNCAQ38L
[2026-06-22 21:15:54] [ERROR]   Unexpected error: Lists must contain raw vectors or NULL
[2026-06-22 21:15:59] [INFO] [34/110] Tisk 5 → ALBSDNCA86EG
[2026-06-22 21:15:59] [ERROR]   Unexpected error: Lists must contain raw vectors or NULL
[2026-06-22 21:16:04] [INFO] [35/110] Tisk 6 → ALBSDNCA2EN4
[2026-06-22 21:16:04] [ERROR]   Unexpected error: Lists must contain raw vectors or NULL
[2026-06-22 21:16:09] [INFO] [36/110] Tisk 7 → ALBSDNC9VFOI
[2026-06-22 21:16:09] [ERROR]   Unexpected error: Lists must contain raw vectors or NULL
[2026-06-22 21:16:14] [INFO] [37/110] Tisk 12 → ALBSDNCAZ9DM
[2026-06-22 21:16:15] [ERROR]   Unexpected error: Lists must contain raw vectors or NULL
[2026-06-22 21:16:20] [INFO] [38/110] Tisk 15 → KORNDNEEWWBR
[2026-06-22 21:16:20] [ERROR]   Unexpected error: Lists must contain raw vectors or NULL
[2026-06-22 21:16:25] [INFO] [39/110] Tisk 24 → ALBSDNKACN8A
[2026-06-22 21:16:25] [ERROR]   Unexpected error: Lists must contain raw vectors or NULL
[2026-06-22 21:16:30] [INFO] [40/110] Tisk 28 → ALBSDNKKC8I6
[2026-06-22 21:16:30] [ERROR]   Unexpected error: Lists must contain raw vectors or NULL
[2026-06-22 21:16:36] [INFO] [41/110] Tisk 40 → ALBSDNUHZ9BU
[2026-06-22 21:16:36] [ERROR]   Unexpected error: Lists must contain raw vectors or NULL
[2026-06-22 21:16:41] [INFO] [42/110] Tisk 42 → ALBSDNUHUHYU
[2026-06-22 21:16:41] [ERROR]   Unexpected error: Lists must contain raw vectors or NULL
[2026-06-22 21:16:46] [INFO] [43/110] Tisk 49 → KORNDP6FALEB
[2026-06-22 21:16:46] [ERROR]   Unexpected error: Lists must contain raw vectors or NULL
[2026-06-22 21:16:51] [INFO] [44/110] Tisk 50 → ALBSDQK9WKJD
[2026-06-22 21:16:52] [ERROR]   Unexpected error: Lists must contain raw vectors or NULL
[2026-06-22 21:16:57] [INFO] [45/110] Tisk 59 → ALBSDPECPS4O
[2026-06-22 21:16:57] [ERROR]   Unexpected error: Lists must contain raw vectors or NULL
[2026-06-22 21:17:02] [INFO] [46/110] Tisk 71 → ALBSDPHMFNE2
[2026-06-22 21:17:02] [ERROR]   Unexpected error: Lists must contain raw vectors or NULL
[2026-06-22 21:17:07] [INFO] [47/110] Tisk 73 → ALBSDPUA7225
[2026-06-22 21:17:07] [ERROR]   Unexpected error: Lists must contain raw vectors or NULL
[2026-06-22 21:17:12] [INFO] [48/110] Tisk 74 → ALBSDQDACPI1
[2026-06-22 21:17:13] [ERROR]   Unexpected error: Lists must contain raw vectors or NULL
[2026-06-22 21:17:18] [INFO] [49/110] Tisk 75 → ALBSDQKA3C4N
[2026-06-22 21:17:18] [ERROR]   Unexpected error: Lists must contain raw vectors or NULL
[2026-06-22 21:17:23] [INFO] [50/110] Tisk 86 → ALBSDQRAN8WQ
[2026-06-22 21:17:23] [ERROR]   Unexpected error: Lists must contain raw vectors or NULL
[2026-06-22 21:17:28] [INFO] [51/110] Tisk 89 → ALBSDQTF86PL
[2026-06-22 21:17:28] [ERROR]   Unexpected error: Lists must contain raw vectors or NULL
[2026-06-22 21:17:34] [INFO] [52/110] Tisk 99 → ALBSDR79R7BR
[2026-06-22 21:17:34] [ERROR]   Unexpected error: Lists must contain raw vectors or NULL
[2026-06-22 21:17:39] [INFO] [53/110] Tisk 100 → ALBSDR79V57I
[2026-06-22 21:17:39] [ERROR]   Unexpected error: Lists must contain raw vectors or NULL
[2026-06-22 21:17:44] [INFO] [54/110] Tisk 103 → ALBSDR99RFB1
[2026-06-22 21:17:44] [ERROR]   Unexpected error: Lists must contain raw vectors or NULL
[2026-06-22 21:17:49] [INFO] [55/110] Tisk 104 → ALBSDR99UHLJ
[2026-06-22 21:17:50] [ERROR]   Unexpected error: Lists must contain raw vectors or NULL
[2026-06-22 21:17:55] [INFO] [56/110] Tisk 106 → ALBSDRDBL9NP
[2026-06-22 21:17:55] [ERROR]   Unexpected error: Lists must contain raw vectors or NULL
[2026-06-22 21:18:00] [INFO] [57/110] Tisk 107 → ALBSDRV99BCD
[2026-06-22 21:18:00] [ERROR]   Unexpected error: Lists must contain raw vectors or NULL
[2026-06-22 21:18:05] [INFO] [58/110] Tisk 109 → ALBSDRDGW9D3
[2026-06-22 21:18:05] [ERROR]   Unexpected error: Lists must contain raw vectors or NULL
[2026-06-22 21:18:10] [INFO] [59/110] Tisk 110 → ALBSDRDGYVNR
[2026-06-22 21:18:11] [ERROR]   Unexpected error: Lists must contain raw vectors or NULL
[2026-06-22 21:18:16] [INFO] [60/110] Tisk 112 → ALBSDRFJN7UG
[2026-06-22 21:18:16] [ERROR]   Unexpected error: Lists must contain raw vectors or NULL
[2026-06-22 21:18:21] [INFO] [61/110] Tisk 120 → ALBSDRVHV79Q
[2026-06-22 21:18:21] [ERROR]   Unexpected error: Lists must contain raw vectors or NULL
[2026-06-22 21:18:26] [INFO] [62/110] Tisk 121 → ALBSDRV9DCVC
[2026-06-22 21:18:26] [ERROR]   Unexpected error: Lists must contain raw vectors or NULL
[2026-06-22 21:18:31] [INFO] [63/110] Tisk 129 → KORNDS5AS75T
[2026-06-22 21:18:32] [ERROR]   Unexpected error: Lists must contain raw vectors or NULL
[2026-06-22 21:18:37] [INFO] [64/110] Tisk 130 → KORNDS5FFX14
[2026-06-22 21:18:37] [ERROR]   Unexpected error: Lists must contain raw vectors or NULL
[2026-06-22 21:18:42] [INFO] [65/110] Tisk 131 → KORNDS5FLZJK
[2026-06-22 21:18:42] [ERROR]   Unexpected error: Lists must contain raw vectors or NULL
[2026-06-22 21:18:47] [INFO] [66/110] Tisk 132 → KORNDS5AUEX1
[2026-06-22 21:18:47] [ERROR]   Unexpected error: Lists must contain raw vectors or NULL
[2026-06-22 21:18:53] [INFO] [67/110] Tisk 16 → KORNDFBH6CTH
[2026-06-22 21:18:53] [ERROR]   Unexpected error: Lists must contain raw vectors or NULL
[2026-06-22 21:18:58] [INFO] [68/110] Tisk 83 → KORNDK9DFTG2
[2026-06-22 21:18:58] [ERROR]   Unexpected error: Lists must contain raw vectors or NULL
[2026-06-22 21:19:03] [INFO] [69/110] Tisk 113 → ALBSDDEJ5C5N
[2026-06-22 21:19:03] [ERROR]   Unexpected error: Lists must contain raw vectors or NULL
[2026-06-22 21:19:08] [INFO] [70/110] Tisk 47 → KORNDP6EMCP8
[2026-06-22 21:19:08] [ERROR]   Unexpected error: Lists must contain raw vectors or NULL
[2026-06-22 21:19:13] [INFO] [71/110] Tisk 162 → ALBSDLNEPCL2
[2026-06-22 21:19:14] [ERROR]   Unexpected error: Lists must contain raw vectors or NULL
[2026-06-22 21:19:19] [INFO] [72/110] Tisk 172 → KORNDRVB6L2L
[2026-06-22 21:19:19] [ERROR]   Unexpected error: Lists must contain raw vectors or NULL
[2026-06-22 21:19:24] [INFO] [73/110] Tisk 133 → ALBSDSB9VZPH
[2026-06-22 21:19:24] [ERROR]   Unexpected error: Lists must contain raw vectors or NULL
[2026-06-22 21:19:29] [INFO] [74/110] Tisk 135 → ALBSDS8KFDG1
[2026-06-22 21:19:29] [ERROR]   Unexpected error: Lists must contain raw vectors or NULL
[2026-06-22 21:19:34] [INFO] [75/110] Tisk 138 → KORNDSCCGDN9
[2026-06-22 21:19:35] [ERROR]   Unexpected error: Lists must contain raw vectors or NULL
[2026-06-22 21:19:40] [INFO] [76/110] Tisk 140 → ALBSDSJ9YVTH
[2026-06-22 21:19:40] [ERROR]   Unexpected error: Lists must contain raw vectors or NULL
[2026-06-22 21:19:45] [INFO] [77/110] Tisk 141 → ALBSDSJA7PG4
[2026-06-22 21:19:45] [ERROR]   Unexpected error: Lists must contain raw vectors or NULL
[2026-06-22 21:19:50] [INFO] [78/110] Tisk 146 → ALBSDSKBRR8B
[2026-06-22 21:19:50] [ERROR]   Unexpected error: Lists must contain raw vectors or NULL
[2026-06-22 21:19:55] [INFO] [79/110] Tisk 167 → ALBSDT7A6K64
[2026-06-22 21:19:56] [ERROR]   Unexpected error: Lists must contain raw vectors or NULL
[2026-06-22 21:20:01] [INFO] [80/110] Tisk 57 → ALBSDNKBH74J
[2026-06-22 21:20:01] [ERROR]   Unexpected error: Lists must contain raw vectors or NULL
[2026-06-22 21:20:06] [INFO] [81/110] Tisk 11 → ALBSDNCATZU8
[2026-06-22 21:20:06] [ERROR]   Unexpected error: Lists must contain raw vectors or NULL
[2026-06-22 21:20:11] [INFO] [82/110] Tisk 67 → KORNDPDDEYDL
[2026-06-22 21:20:11] [ERROR]   Unexpected error: Lists must contain raw vectors or NULL
[2026-06-22 21:20:16] [INFO] [83/110] Tisk 46 → KORNDN6DDEND
[2026-06-22 21:20:17] [ERROR]   Unexpected error: Lists must contain raw vectors or NULL
[2026-06-22 21:20:22] [INFO] [84/110] Tisk 52 → ALBSDMXGX7YN
[2026-06-22 21:20:22] [ERROR]   Unexpected error: Lists must contain raw vectors or NULL
[2026-06-22 21:20:27] [INFO] [85/110] Tisk 53 → KORNDMXE7T3Y
[2026-06-22 21:20:27] [ERROR]   Unexpected error: Lists must contain raw vectors or NULL
[2026-06-22 21:20:32] [INFO] [86/110] Tisk 55 → KORNDNJJF6N2
[2026-06-22 21:20:32] [ERROR]   Unexpected error: Lists must contain raw vectors or NULL
[2026-06-22 21:20:38] [INFO] [87/110] Tisk 56 → KORNDNJJF7R7
[2026-06-22 21:20:38] [ERROR]   Unexpected error: Lists must contain raw vectors or NULL
[2026-06-22 21:20:43] [INFO] [88/110] Tisk 62 → KORNDKHF3VQG
[2026-06-22 21:20:43] [ERROR]   Unexpected error: Lists must contain raw vectors or NULL
[2026-06-22 21:20:48] [INFO] [89/110] Tisk 189 → KORNDRFM95MG
[2026-06-22 21:20:48] [ERROR]   Unexpected error: Lists must contain raw vectors or NULL
[2026-06-22 21:20:53] [INFO] [90/110] Tisk 192 → KORNDS2LAKNR
[2026-06-22 21:20:53] [ERROR]   Unexpected error: Lists must contain raw vectors or NULL
[2026-06-22 21:20:59] [INFO] [91/110] Tisk 161 → ALBSDSZGD2I7
[2026-06-22 21:20:59] [ERROR]   Unexpected error: Lists must contain raw vectors or NULL
[2026-06-22 21:21:04] [INFO] [92/110] Tisk 168 → KORNDT8EKD5A
[2026-06-22 21:21:04] [ERROR]   Unexpected error: Lists must contain raw vectors or NULL
[2026-06-22 21:21:09] [INFO] [93/110] Tisk 173 → ALBSDTLBDM98
[2026-06-22 21:21:09] [ERROR]   Unexpected error: Lists must contain raw vectors or NULL
[2026-06-22 21:21:15] [INFO] [94/110] Tisk 174 → ALBSDTLBJ4Q7
[2026-06-22 21:21:15] [ERROR]   Unexpected error: Lists must contain raw vectors or NULL
[2026-06-22 21:21:20] [INFO] [95/110] Tisk 198 → ALBSDRZHK5X1
[2026-06-22 21:21:20] [ERROR]   Unexpected error: Lists must contain raw vectors or NULL
[2026-06-22 21:21:25] [INFO] [96/110] Tisk 190 → ALBSDTZDW2VM
[2026-06-22 21:21:25] [ERROR]   Unexpected error: Lists must contain raw vectors or NULL
[2026-06-22 21:21:30] [INFO] [97/110] Tisk 187 → ALBSDTUDB51A
[2026-06-22 21:21:30] [ERROR]   Unexpected error: Lists must contain raw vectors or NULL
[2026-06-22 21:21:36] [INFO] [98/110] Tisk 69 → KORNDN5B8461
[2026-06-22 21:21:36] [ERROR]   Unexpected error: Lists must contain raw vectors or NULL
[2026-06-22 21:21:41] [INFO] [99/110] Tisk 196 → KORNDPMD76PZ
[2026-06-22 21:21:41] [ERROR]   Unexpected error: Lists must contain raw vectors or NULL
[2026-06-22 21:21:46] [INFO] [100/110] Tisk 199 → KORNDLS9CWIW
[2026-06-22 21:21:46] [ERROR]   Unexpected error: Lists must contain raw vectors or NULL
[2026-06-22 21:21:52] [INFO] [101/110] Tisk 207 → KORNDLMBS4FB
[2026-06-22 21:21:52] [ERROR]   Unexpected error: Lists must contain raw vectors or NULL
[2026-06-22 21:21:57] [INFO] [102/110] Tisk 210 → KORNDTST2VI7
[2026-06-22 21:21:57] [ERROR]   Unexpected error: Lists must contain raw vectors or NULL
[2026-06-22 21:22:02] [INFO] [103/110] Tisk 213 → KORNDU7AL36H
[2026-06-22 21:22:02] [ERROR]   Unexpected error: Lists must contain raw vectors or NULL
[2026-06-22 21:22:07] [INFO] [104/110] Tisk 218 → KORNDS2HT779
[2026-06-22 21:22:07] [ERROR]   Unexpected error: Lists must contain raw vectors or NULL
[2026-06-22 21:22:13] [INFO] [105/110] Tisk 219 → ALBSDCQH22PE
[2026-06-22 21:22:13] [ERROR]   Unexpected error: Lists must contain raw vectors or NULL
[2026-06-22 21:22:18] [INFO] [106/110] Tisk 222 → ALBSDMJFC24N
[2026-06-22 21:22:18] [ERROR]   Unexpected error: Lists must contain raw vectors or NULL
[2026-06-22 21:22:23] [INFO] [107/110] Tisk 171 → ALBSDTDAY5XA
[2026-06-22 21:22:23] [ERROR]   Unexpected error: Lists must contain raw vectors or NULL
[2026-06-22 21:22:28] [INFO] [108/110] Tisk 181 → ALBSDTTHNE5I
[2026-06-22 21:22:29] [ERROR]   Unexpected error: Lists must contain raw vectors or NULL
[2026-06-22 21:22:34] [INFO] [109/110] Tisk 186 → ALBSDTYB922F
[2026-06-22 21:22:34] [ERROR]   Unexpected error: Lists must contain raw vectors or NULL
[2026-06-22 21:22:39] [INFO] [110/110] Tisk 193 → ALBSDU4DJ2KS
[2026-06-22 21:22:39] [ERROR]   Unexpected error: Lists must contain raw vectors or NULL
[2026-06-22 21:22:44] [INFO] Results — Success: 0 | Skipped: 0 | No document: 0 | Errors: 110
Trying: https://ria.vlada.cz/komise/jednani-v-roce-2026/
Found 1 sessions for 2026
Scraping session: https://ria.vlada.cz/komise/jednani-v-roce-2026/jednani-c-148-dne-30-ledna-2026/
Saved verdict B for KORNDMUGLUEK
Trying: https://ria.vlada.cz/komise/jednani-v-roce-2025/
Trying: https://ria.vlada.cz/komise/jednani-komise-ria-v-roce-2025/
Found 4 sessions for 2025
Scraping session: https://ria.vlada.cz/komise/jednani-komise-ria-v-roce-2025/jednani-c-142-dne-24-ledna-2025/
Scraping session: https://ria.vlada.cz/komise/jednani-komise-ria-v-roce-2025/jednani-c-143-dne-24-unora-2025/
Scraping session: https://ria.vlada.cz/komise/jednani-komise-ria-v-roce-2025/jednani-c-144-dne-7-dubna-2025/
Scraping session: https://ria.vlada.cz/komise/jednani-komise-ria-v-roce-2025/jednani-c-145-dne-8-srpna-2025/
Saved verdict B for KORNDDVFVG8B
Total Komise RIA verdicts matched: 2
=== Checking alerts ===
No active alerts — skipping
NOTICE:  relation "heartbeat" already exists, skipping

[2026-06-22 21:23:02] [INFO] Heartbeat updated in Supabase
[2026-06-22 21:23:02] [INFO] Healthchecks.io pinged: success
There were 50 or more warnings (use warnings() to see the first 50)
[2026-06-22 21:23:02] [INFO] === Scheduled run complete ===

Attaching package: 'xml2'

The following object is masked from 'package:httr2':

    url_parse

Using poppler version 23.08.0

Attaching package: 'dplyr'

The following objects are masked from 'package:stats':

    filter, lag

The following objects are masked from 'package:base':

    intersect, setdiff, setequal, union

Warning message:
package 'jsonlite' was built under R version 4.3.3 

Attaching package: 'purrr'

The following object is masked from 'package:jsonlite':

    flatten

[2026-06-23 08:09:36] [INFO] === Pipeline started ===
Active sessions: 24, 6, 3, 15, 4
[2026-06-23 08:09:37] [INFO] Sessions to scan: 3, 4, 6, 14, 15, 16, 17, 18, 19, 20, 21, 22, 23, 24, 25, 26, 27, 28, 29
Fetching session 3 agenda: https://www.psp.cz/schuze/10/3
Found 2 bills in session 3
Fetching session 4 agenda: https://www.psp.cz/schuze/10/4
No tisk links found in session 4
Fetching session 6 agenda: https://www.psp.cz/schuze/10/6
Found 3 bills in session 6
Fetching session 14 agenda: https://www.psp.cz/schuze/10/14
Found 88 bills in session 14
Fetching session 15 agenda: https://www.psp.cz/schuze/10/15
No tisk links found in session 15
Fetching session 16 agenda: https://www.psp.cz/schuze/10/16
Found 98 bills in session 16
Fetching session 17 agenda: https://www.psp.cz/schuze/10/17
Found 4 bills in session 17
Fetching session 18 agenda: https://www.psp.cz/schuze/10/18
No tisk links found in session 18
Fetching session 19 agenda: https://www.psp.cz/schuze/10/19
Found 2 bills in session 19
Fetching session 20 agenda: https://www.psp.cz/schuze/10/20
Found 111 bills in session 20
Fetching session 21 agenda: https://www.psp.cz/schuze/10/21
Found 3 bills in session 21
Fetching session 22 agenda: https://www.psp.cz/schuze/10/22
No tisk links found in session 22
Fetching session 23 agenda: https://www.psp.cz/schuze/10/23
Found 1 bills in session 23
Fetching session 24 agenda: https://www.psp.cz/schuze/10/24
Found 124 bills in session 24
Fetching session 25 agenda: https://www.psp.cz/schuze/10/25
No tisk links found in session 25
Fetching session 26 agenda: https://www.psp.cz/schuze/10/26
No tisk links found in session 26
Fetching session 27 agenda: https://www.psp.cz/schuze/10/27
No tisk links found in session 27
Fetching session 28 agenda: https://www.psp.cz/schuze/10/28
No tisk links found in session 28
Fetching session 29 agenda: https://www.psp.cz/schuze/10/29
No tisk links found in session 29
[2026-06-23 08:09:46] [INFO] Bills found: 436 across 19 sessions
Fetching VeKLEP PIDs from PSP for 436 bills...
  Tisk 17 → KORNDLZJTJLGNávrh státního rozpočtu vrácen (usnesení č. 46).
  Tisk 25 → ALBSDN3J9K06Zákon vyhlášen 29. 12. 2025 ve  Sbírce zákonů v částce 583 pod číslem 583/2025 Sb.
  Tisk 76 → ALBSDPVEF33BNA
  Tisk 77 → ALBSDPVEP9GEDalší projednávání možné od 6. 5. 2026.
  Tisk 72 → ALBSDPHHG9IEDalší projednávání možné od 13. 6. 2026
  Tisk 163 → KORNDT4CKC7AZákon vyhlášen 13. 5. 2026 ve  Sbírce zákonů v částce 63 pod číslem 63/2026 Sb.
  Tisk 78 → ALBSDQG99B8PZákon vyhlášen 12. 5. 2026 ve  Sbírce zákonů v částce 59 pod číslem 59/2026 Sb.
  Tisk 13 → KORNDGFD743IPoslanecká sněmovna postoupila  dne 9. 6. 2026 návrh zákona Senátu jako tisk 252, dokument 252/0.OOrganizační výbor  dne 9. 6.
  Tisk 90 → KORNDQGFVQKISenát návrh vrátil sněmovně s pozměňovacími návrhy (usnesení č. 472).
  Tisk 48 → KORNDMGGSV4SDalší projednávání možné od 10. 4. 2026.
  Tisk 119 → ALBSDRUD7WINPoslanecká sněmovna postoupila  dne 9. 6. 2026 návrh zákona Senátu jako tisk 251, dokument 251/0.OOrganizační výbor  dne 9. 6.
  Tisk 76 → ALBSDPVEF33BNA
  Tisk 77 → ALBSDPVEP9GEDalší projednávání možné od 6. 5. 2026.
  Tisk 82 → ALBSDPLDDVNJPoslanecká sněmovna postoupila  dne 11. 6. 2026 návrh zákona Senátu jako tisk 253, dokument 253/0.OOrganizační výbor  dne 16. 6.
  Tisk 144 → KORNDQ6FEQB9Další projednávání možné od 15. 6. 2026.
  Tisk 115 → ALBSDRMDTWS7Další projednávání možné od 21. 6. 2026.
  Tisk 116 → ALBSDRMDPM3TDalší projednávání možné od 22. 6. 2026.
  Tisk 124 → KORNDS5JEWJOZákon vyhlášen 10. 6. 2026 ve  Sbírce zákonů v částce 93 pod číslem 93/2026 Sb.
  Tisk 125 → ALBSDS9BKZY8Zákon vyhlášen 10. 6. 2026 ve  Sbírce zákonů v částce 92 pod číslem 92/2026 Sb.
  Tisk 35 → ALBSDNR9BUS5Další projednávání možné od 27. 12. 2025.
  Tisk 10 → KORNDDSCZ27KDalší projednávání možné od 16. 11. 2025.
  Tisk 14 → KORNDERB9DSRDalší projednávání možné od 18. 11. 2025.
  Tisk 58 → KORNDNADQS6XDalší projednávání možné od 21. 12. 2025.
  Tisk 61 → ALBSDKJBFFMKDalší projednávání možné od 23. 12. 2025.
  Tisk 68 → KORNDJ6J9HOONA
  Tisk 98 → KORNDQAN5F2PDalší projednávání možné od 16. 2. 2026.
  Tisk 101 → ALBSDQWLF9TSDalší projednávání možné od 21. 2. 2026.
  Tisk 102 → ALBSDQWLF8E9Další projednávání možné od 21. 2. 2026.
  Tisk 111 → KORNDJZJHQ1EDalší projednávání možné od 27. 2. 2026.
  Tisk 114 → KORNDQBASCLTDalší projednávání možné od 1. 3. 2026.
  Tisk 143 → KORNDMUGLUEKDalší projednávání možné od 5. 4. 2026.
  Tisk 145 → KORNDDVFVG8BDalší projednávání možné od 24. 5. 2026.
  Tisk 153 → KORNDR9CY314Další projednávání možné od 13. 4. 2026.
  Tisk 154 → ALBSDHZA32NVDalší projednávání možné od 13. 4. 2026.
  Tisk 4 → ALBSDNCAQ38LDalší projednávání možné od 15. 12. 2025.
  Tisk 5 → ALBSDNCA86EGDalší projednávání možné od 14. 12. 2025.
  Tisk 6 → ALBSDNCA2EN4Další projednávání možné od 14. 12. 2025.
  Tisk 7 → ALBSDNC9VFOIDalší projednávání možné od 14. 12. 2025.
  Tisk 12 → ALBSDNCAZ9DMDalší projednávání možné od 15. 12. 2025.
  Tisk 15 → KORNDNEEWWBRDalší projednávání možné od 23. 12. 2025.
  Tisk 24 → ALBSDNKACN8ADalší projednávání možné od 22. 12. 2025.
  Tisk 28 → ALBSDNKKC8I6Další projednávání možné od 22. 12. 2025.
  Tisk 40 → ALBSDNUHZ9BUDalší projednávání možné od 2. 1. 2026.
  Tisk 42 → ALBSDNUHUHYUDalší projednávání možné od 2. 1. 2026.
  Tisk 49 → KORNDP6FALEBDalší projednávání možné od 2. 1. 2026.
  Tisk 50 → ALBSDQK9WKJDDalší projednávání možné od 27. 2. 2026.
  Tisk 59 → ALBSDPECPS4ODalší projednávání možné od 23. 1. 2026.
  Tisk 71 → ALBSDPHMFNE2Další projednávání možné od 23. 1. 2026.
  Tisk 73 → ALBSDPUA7225Další projednávání možné od 30. 1. 2026.
  Tisk 74 → ALBSDQDACPI1Další projednávání možné od 20. 2. 2026.
  Tisk 75 → ALBSDQKA3C4NDalší projednávání možné od 27. 2. 2026.
  Tisk 86 → ALBSDQRAN8WQDalší projednávání možné od 7. 3. 2026.
  Tisk 89 → ALBSDQTF86PLDalší projednávání možné od 7. 3. 2026.
  Tisk 99 → ALBSDR79R7BRDalší projednávání možné od 14. 3. 2026.
  Tisk 100 → ALBSDR79V57IDalší projednávání možné od 13. 3. 2026.
  Tisk 103 → ALBSDR99RFB1Další projednávání možné od 20. 3. 2026.
  Tisk 104 → ALBSDR99UHLJDalší projednávání možné od 20. 3. 2026.
  Tisk 106 → ALBSDRDBL9NPDalší projednávání možné od 20. 3. 2026.
  Tisk 107 → ALBSDRV99BCDDalší projednávání možné od 10. 4. 2026.
  Tisk 109 → ALBSDRDGW9D3Další projednávání možné od 29. 3. 2026.
  Tisk 110 → ALBSDRDGYVNRDalší projednávání možné od 29. 3. 2026.
  Tisk 112 → ALBSDRFJN7UGDalší projednávání možné od 29. 3. 2026.
  Tisk 120 → ALBSDRVHV79QDalší projednávání možné od 11. 4. 2026.
  Tisk 121 → ALBSDRV9DCVCDalší projednávání možné od 10. 4. 2026.
  Tisk 129 → KORNDS5AS75TDalší projednávání možné od 10. 4. 2026.
  Tisk 130 → KORNDS5FFX14Další projednávání možné od 12. 4. 2026.
  Tisk 131 → KORNDS5FLZJKZákon vyhlášen 26. 5. 2026 ve  Sbírce zákonů v částce 70 pod číslem 70/2026 Sb.
  Tisk 132 → KORNDS5AUEX1Další projednávání možné od 11. 4. 2026.
  Tisk 16 → KORNDFBH6CTHDalší projednávání možné od 24. 4. 2026.
  Tisk 83 → KORNDK9DFTG2Další projednávání možné od 12. 4. 2026.
  Tisk 113 → ALBSDDEJ5C5NDalší projednávání možné od 25. 4. 2026.
  Tisk 47 → KORNDP6EMCP8Další projednávání možné od 13. 6. 2026
  Tisk 72 → ALBSDPHHG9IEDalší projednávání možné od 13. 6. 2026
  Tisk 124 → KORNDS5JEWJOZákon vyhlášen 10. 6. 2026 ve  Sbírce zákonů v částce 93 pod číslem 93/2026 Sb.
  Tisk 125 → ALBSDS9BKZY8Zákon vyhlášen 10. 6. 2026 ve  Sbírce zákonů v částce 92 pod číslem 92/2026 Sb.
  Tisk 10 → KORNDDSCZ27KDalší projednávání možné od 16. 11. 2025.
  Tisk 14 → KORNDERB9DSRDalší projednávání možné od 18. 11. 2025.
  Tisk 58 → KORNDNADQS6XDalší projednávání možné od 21. 12. 2025.
  Tisk 61 → ALBSDKJBFFMKDalší projednávání možné od 23. 12. 2025.
  Tisk 98 → KORNDQAN5F2PDalší projednávání možné od 16. 2. 2026.
  Tisk 101 → ALBSDQWLF9TSDalší projednávání možné od 21. 2. 2026.
  Tisk 102 → ALBSDQWLF8E9Další projednávání možné od 21. 2. 2026.
  Tisk 111 → KORNDJZJHQ1EDalší projednávání možné od 27. 2. 2026.
  Tisk 114 → KORNDQBASCLTDalší projednávání možné od 1. 3. 2026.
  Tisk 143 → KORNDMUGLUEKDalší projednávání možné od 5. 4. 2026.
  Tisk 153 → KORNDR9CY314Další projednávání možné od 13. 4. 2026.
  Tisk 154 → ALBSDHZA32NVDalší projednávání možné od 13. 4. 2026.
  Tisk 162 → ALBSDLNEPCL2Další projednávání možné od 24. 4. 2026.
  Tisk 172 → KORNDRVB6L2LDalší projednávání možné od 2. 5. 2026.
  Tisk 4 → ALBSDNCAQ38LDalší projednávání možné od 15. 12. 2025.
  Tisk 5 → ALBSDNCA86EGDalší projednávání možné od 14. 12. 2025.
  Tisk 6 → ALBSDNCA2EN4Další projednávání možné od 14. 12. 2025.
  Tisk 7 → ALBSDNC9VFOIDalší projednávání možné od 14. 12. 2025.
  Tisk 12 → ALBSDNCAZ9DMDalší projednávání možné od 15. 12. 2025.
  Tisk 15 → KORNDNEEWWBRDalší projednávání možné od 23. 12. 2025.
  Tisk 24 → ALBSDNKACN8ADalší projednávání možné od 22. 12. 2025.
  Tisk 28 → ALBSDNKKC8I6Další projednávání možné od 22. 12. 2025.
  Tisk 35 → ALBSDNR9BUS5Další projednávání možné od 27. 12. 2025.
  Tisk 40 → ALBSDNUHZ9BUDalší projednávání možné od 2. 1. 2026.
  Tisk 42 → ALBSDNUHUHYUDalší projednávání možné od 2. 1. 2026.
  Tisk 49 → KORNDP6FALEBDalší projednávání možné od 2. 1. 2026.
  Tisk 50 → ALBSDQK9WKJDDalší projednávání možné od 27. 2. 2026.
  Tisk 59 → ALBSDPECPS4ODalší projednávání možné od 23. 1. 2026.
  Tisk 71 → ALBSDPHMFNE2Další projednávání možné od 23. 1. 2026.
  Tisk 73 → ALBSDPUA7225Další projednávání možné od 30. 1. 2026.
  Tisk 74 → ALBSDQDACPI1Další projednávání možné od 20. 2. 2026.
  Tisk 75 → ALBSDQKA3C4NDalší projednávání možné od 27. 2. 2026.
  Tisk 86 → ALBSDQRAN8WQDalší projednávání možné od 7. 3. 2026.
  Tisk 89 → ALBSDQTF86PLDalší projednávání možné od 7. 3. 2026.
  Tisk 99 → ALBSDR79R7BRDalší projednávání možné od 14. 3. 2026.
  Tisk 100 → ALBSDR79V57IDalší projednávání možné od 13. 3. 2026.
  Tisk 103 → ALBSDR99RFB1Další projednávání možné od 20. 3. 2026.
  Tisk 104 → ALBSDR99UHLJDalší projednávání možné od 20. 3. 2026.
  Tisk 106 → ALBSDRDBL9NPDalší projednávání možné od 20. 3. 2026.
  Tisk 107 → ALBSDRV99BCDDalší projednávání možné od 10. 4. 2026.
  Tisk 109 → ALBSDRDGW9D3Další projednávání možné od 29. 3. 2026.
  Tisk 110 → ALBSDRDGYVNRDalší projednávání možné od 29. 3. 2026.
  Tisk 112 → ALBSDRFJN7UGDalší projednávání možné od 29. 3. 2026.
  Tisk 120 → ALBSDRVHV79QDalší projednávání možné od 11. 4. 2026.
  Tisk 121 → ALBSDRV9DCVCDalší projednávání možné od 10. 4. 2026.
  Tisk 129 → KORNDS5AS75TDalší projednávání možné od 10. 4. 2026.
  Tisk 130 → KORNDS5FFX14Další projednávání možné od 12. 4. 2026.
  Tisk 132 → KORNDS5AUEX1Další projednávání možné od 11. 4. 2026.
  Tisk 133 → ALBSDSB9VZPHDalší projednávání možné od 25. 4. 2026.
  Tisk 135 → ALBSDS8KFDG1Další projednávání možné od 24. 4. 2026.
  Tisk 138 → KORNDSCCGDN9Další projednávání možné od 24. 4. 2026.
  Tisk 140 → ALBSDSJ9YVTHDalší projednávání možné od 1. 5. 2026.
  Tisk 141 → ALBSDSJA7PG4Další projednávání možné od 1. 5. 2026.
  Tisk 146 → ALBSDSKBRR8BDalší projednávání možné od 2. 5. 2026.
  Tisk 167 → ALBSDT7A6K64Zákon vyhlášen 10. 6. 2026 ve  Sbírce zákonů v částce 91 pod číslem 91/2026 Sb.
  Tisk 13 → KORNDGFD743IPoslanecká sněmovna postoupila  dne 9. 6. 2026 návrh zákona Senátu jako tisk 252, dokument 252/0.OOrganizační výbor  dne 9. 6.
  Tisk 48 → KORNDMGGSV4SDalší projednávání možné od 10. 4. 2026.
  Tisk 82 → ALBSDPLDDVNJPoslanecká sněmovna postoupila  dne 11. 6. 2026 návrh zákona Senátu jako tisk 253, dokument 253/0.OOrganizační výbor  dne 16. 6.
  Tisk 90 → KORNDQGFVQKISenát návrh vrátil sněmovně s pozměňovacími návrhy (usnesení č. 472).
  Tisk 76 → ALBSDPVEF33BNA
  Tisk 77 → ALBSDPVEP9GEDalší projednávání možné od 6. 5. 2026.
  Tisk 119 → ALBSDRUD7WINPoslanecká sněmovna postoupila  dne 9. 6. 2026 návrh zákona Senátu jako tisk 251, dokument 251/0.OOrganizační výbor  dne 9. 6.
  Tisk 90 → KORNDQGFVQKISenát návrh vrátil sněmovně s pozměňovacími návrhy (usnesení č. 472).
  Tisk 82 → ALBSDPLDDVNJPoslanecká sněmovna postoupila  dne 11. 6. 2026 návrh zákona Senátu jako tisk 253, dokument 253/0.OOrganizační výbor  dne 16. 6.
  Tisk 47 → KORNDP6EMCP8Další projednávání možné od 13. 6. 2026
  Tisk 72 → ALBSDPHHG9IEDalší projednávání možné od 13. 6. 2026
  Tisk 124 → KORNDS5JEWJOZákon vyhlášen 10. 6. 2026 ve  Sbírce zákonů v částce 93 pod číslem 93/2026 Sb.
  Tisk 125 → ALBSDS9BKZY8Zákon vyhlášen 10. 6. 2026 ve  Sbírce zákonů v částce 92 pod číslem 92/2026 Sb.
  Tisk 57 → ALBSDNKBH74JSenát návrh vrátil sněmovně s pozměňovacími návrhy (usnesení č. 417).
  Tisk 11 → ALBSDNCATZU8Zákon vyhlášen 10. 6. 2026 ve  Sbírce zákonů v částce 90 pod číslem 90/2026 Sb.
  Tisk 67 → KORNDPDDEYDLDalší projednávání možné od 3. 7. 2026
  Tisk 16 → KORNDFBH6CTHDalší projednávání možné od 24. 4. 2026.
  Tisk 46 → KORNDN6DDENDDalší projednávání možné od 24. 5. 2026.
  Tisk 52 → ALBSDMXGX7YNDalší projednávání možné od 25. 5. 2026.
  Tisk 53 → KORNDMXE7T3YDalší projednávání možné od 25. 5. 2026.
  Tisk 55 → KORNDNJJF6N2Další projednávání možné od 25. 5. 2026.
  Tisk 56 → KORNDNJJF7R7Další projednávání možné od 25. 5. 2026.
  Tisk 62 → KORNDKHF3VQGDalší projednávání možné od 25. 5. 2026.
  Tisk 83 → KORNDK9DFTG2Další projednávání možné od 12. 4. 2026.
  Tisk 113 → ALBSDDEJ5C5NDalší projednávání možné od 25. 4. 2026.
  Tisk 145 → KORNDDVFVG8BDalší projednávání možné od 24. 5. 2026.
  Tisk 72 → ALBSDPHHG9IEDalší projednávání možné od 13. 6. 2026
  Tisk 14 → KORNDERB9DSRDalší projednávání možné od 18. 11. 2025.
  Tisk 58 → KORNDNADQS6XDalší projednávání možné od 21. 12. 2025.
  Tisk 10 → KORNDDSCZ27KDalší projednávání možné od 16. 11. 2025.
  Tisk 61 → ALBSDKJBFFMKDalší projednávání možné od 23. 12. 2025.
  Tisk 98 → KORNDQAN5F2PDalší projednávání možné od 16. 2. 2026.
  Tisk 101 → ALBSDQWLF9TSDalší projednávání možné od 21. 2. 2026.
  Tisk 102 → ALBSDQWLF8E9Další projednávání možné od 21. 2. 2026.
  Tisk 111 → KORNDJZJHQ1EDalší projednávání možné od 27. 2. 2026.
  Tisk 114 → KORNDQBASCLTDalší projednávání možné od 1. 3. 2026.
  Tisk 143 → KORNDMUGLUEKDalší projednávání možné od 5. 4. 2026.
  Tisk 153 → KORNDR9CY314Další projednávání možné od 13. 4. 2026.
  Tisk 154 → ALBSDHZA32NVDalší projednávání možné od 13. 4. 2026.
  Tisk 162 → ALBSDLNEPCL2Další projednávání možné od 24. 4. 2026.
  Tisk 172 → KORNDRVB6L2LDalší projednávání možné od 2. 5. 2026.
  Tisk 189 → KORNDRFM95MGDalší projednávání možné od 4. 7. 2026.
  Tisk 192 → KORNDS2LAKNRDalší projednávání možné od 24. 5. 2026.
  Tisk 4 → ALBSDNCAQ38LDalší projednávání možné od 15. 12. 2025.
  Tisk 5 → ALBSDNCA86EGDalší projednávání možné od 14. 12. 2025.
  Tisk 6 → ALBSDNCA2EN4Další projednávání možné od 14. 12. 2025.
  Tisk 7 → ALBSDNC9VFOIDalší projednávání možné od 14. 12. 2025.
  Tisk 12 → ALBSDNCAZ9DMDalší projednávání možné od 15. 12. 2025.
  Tisk 15 → KORNDNEEWWBRDalší projednávání možné od 23. 12. 2025.
  Tisk 24 → ALBSDNKACN8ADalší projednávání možné od 22. 12. 2025.
  Tisk 28 → ALBSDNKKC8I6Další projednávání možné od 22. 12. 2025.
  Tisk 35 → ALBSDNR9BUS5Další projednávání možné od 27. 12. 2025.
  Tisk 40 → ALBSDNUHZ9BUDalší projednávání možné od 2. 1. 2026.
  Tisk 42 → ALBSDNUHUHYUDalší projednávání možné od 2. 1. 2026.
  Tisk 49 → KORNDP6FALEBDalší projednávání možné od 2. 1. 2026.
  Tisk 50 → ALBSDQK9WKJDDalší projednávání možné od 27. 2. 2026.
  Tisk 59 → ALBSDPECPS4ODalší projednávání možné od 23. 1. 2026.
  Tisk 71 → ALBSDPHMFNE2Další projednávání možné od 23. 1. 2026.
  Tisk 73 → ALBSDPUA7225Další projednávání možné od 30. 1. 2026.
  Tisk 74 → ALBSDQDACPI1Další projednávání možné od 20. 2. 2026.
  Tisk 75 → ALBSDQKA3C4NDalší projednávání možné od 27. 2. 2026.
  Tisk 86 → ALBSDQRAN8WQDalší projednávání možné od 7. 3. 2026.
  Tisk 89 → ALBSDQTF86PLDalší projednávání možné od 7. 3. 2026.
